,Arousal_VOICE,Area_size,Ceiling_height,Light_contrast,Light_levels,Light_temperature,Blocked_path,Empty_room,Hiding_place,Interior_arrangement,Triggers_present,Battery_present,Note_present,Event,Cutscene,Channel_id
0,1.0,1,0,-1,-1,0,-1,0,0,1,0,0,0,1,0,AngelAlyx
1,1.0,0,0,0,-1,0,-1,0,0,1,-1,1,0,0,0,AngelAlyx
2,1.0,0,0,0,-1,1,-1,0,0,1,-1,0,1,0,0,AngelAlyx
3,1.0,1,0,-1,0,0,-1,0,0,0,0,0,0,0,0,AngelAlyx
4,1.0,-1,0,1,0,0,1,0,0,0,0,0,0,-1,0,AngelAlyx
5,1.0,-1,-1,-1,-1,0,0,1,0,1,0,0,0,1,0,AngelAlyx
6,1.0,0,0,-1,-1,0,0,0,0,0,1,0,1,0,0,AngelAlyx
7,1.0,0,0,1,1,0,0,0,0,0,0,0,-1,0,1,AngelAlyx
8,1.0,-1,0,0,1,0,-1,0,0,0,0,0,1,0,0,AngelAlyx
9,1.0,1,0,1,-1,0,0,-1,0,0,0,0,0,0,0,AngelAlyx
10,1.0,1,0,0,0,1,1,-1,0,-1,0,0,1,0,0,AngelAlyx
11,1.0,-1,0,1,-1,0,-1,0,0,0,1,0,-1,1,0,AngelAlyx
12,1.0,1,0,0,-1,0,1,0,0,0,0,0,-1,0,0,AngelAlyx
13,1.0,-1,-1,-1,0,-1,0,1,0,0,1,0,-1,1,0,AngelAlyx
14,1.0,0,0,0,-1,0,1,-1,0,-1,0,0,0,0,0,AngelAlyx
15,1.0,-1,0,0,0,0,0,-1,1,0,0,0,0,1,1,AngelAlyx
16,1.0,-1,-1,1,1,0,0,1,0,0,0,0,-1,0,0,AngelAlyx
17,1.0,0,0,0,0,0,0,0,-1,0,0,0,1,1,0,AngelAlyx
18,1.0,1,0,0,0,0,1,0,0,0,-1,0,0,0,0,AngelAlyx
19,1.0,-1,0,0,0,0,-1,0,1,0,0,1,0,1,0,AngelAlyx
20,1.0,-1,0,0,0,0,-1,0,1,0,0,0,0,1,0,AngelAlyx
21,1.0,-1,0,0,0,0,-1,0,0,0,1,0,0,0,0,AngelAlyx
22,1.0,0,0,0,0,0,0,0,1,0,0,0,-1,0,0,AngelAlyx
23,1.0,1,0,0,0,0,1,0,0,0,0,1,-1,0,0,AngelAlyx
24,1.0,1,0,0,0,0,1,0,0,0,-1,0,0,1,0,AngelAlyx
25,1.0,1,0,0,0,0,-1,0,1,0,0,1,0,0,0,AngelAlyx
26,1.0,1,0,0,0,0,-1,0,1,0,0,1,0,0,0,AngelAlyx
27,1.0,0,0,0,0,0,-1,0,1,0,0,1,0,1,0,AngelAlyx
28,1.0,0,0,0,0,0,0,0,0,0,0,0,0,0,0,AngelAlyx
29,1.0,1,0,0,0,0,-1,0,1,0,0,1,0,0,0,AngelAlyx
30,1.0,-1,0,0,0,0,0,0,0,0,0,-1,0,0,0,AngelAlyx
31,1.0,0,0,0,0,0,1,0,0,0,0,0,0,0,0,AngelAlyx
32,1.0,0,0,0,0,0,-1,0,1,0,0,1,0,0,0,AngelAlyx
33,1.0,0,0,0,0,0,0,0,0,0,0,0,0,0,0,AngelAlyx
34,1.0,1,0,0,0,0,0,0,1,0,0,1,0,0,0,AngelAlyx
35,1.0,0,0,0,0,0,0,0,0,0,0,0,0,0,0,AngelAlyx
36,1.0,1,0,0,0,0,-1,0,1,0,0,1,0,0,0,AngelAlyx
37,1.0,1,0,0,0,0,1,0,0,0,0,0,0,0,0,AngelAlyx
38,1.0,-1,0,0,0,0,-1,0,0,0,1,0,0,0,0,AngelAlyx
39,1.0,0,0,0,0,0,0,0,1,0,0,0,-1,0,0,AngelAlyx
40,1.0,0,0,0,0,0,0,1,-1,1,0,0,0,0,0,AngelAlyx
41,1.0,-1,-1,-1,0,-1,0,1,0,0,1,0,-1,0,0,AngelAlyx
42,1.0,-1,0,0,0,0,0,-1,1,0,0,0,0,0,0,AngelAlyx
43,-1.0,-1,0,1,1,0,0,0,0,0,0,0,0,-1,0,AngelAlyx
44,-1.0,-1,0,1,1,0,1,0,0,-1,0,0,0,-1,0,AngelAlyx
45,-1.0,0,0,0,1,0,1,0,0,-1,1,-1,0,0,0,AngelAlyx
46,-1.0,0,0,0,1,-1,1,0,0,-1,1,0,-1,1,0,AngelAlyx
47,-1.0,1,0,-1,0,0,-1,0,0,0,0,0,0,0,0,AngelAlyx
48,-1.0,1,1,1,1,0,1,-1,0,-1,-1,0,0,0,0,AngelAlyx
49,-1.0,1,1,1,0,0,-1,0,0,1,-1,0,1,-1,-1,AngelAlyx
50,-1.0,0,0,0,-1,1,0,0,0,-1,1,0,-1,0,0,AngelAlyx
51,-1.0,1,0,-1,1,0,1,0,0,0,-1,0,1,0,0,AngelAlyx
52,-1.0,-1,0,-1,1,0,0,1,0,0,0,0,0,0,0,AngelAlyx
53,-1.0,0,0,0,1,-1,0,0,0,1,-1,0,1,-1,0,AngelAlyx
54,-1.0,0,1,0,1,1,-1,0,0,0,0,0,1,0,0,AngelAlyx
55,-1.0,1,0,0,0,0,0,1,0,0,1,0,-1,0,0,AngelAlyx
56,-1.0,1,0,-1,-1,0,0,1,-1,0,0,0,0,-1,-1,AngelAlyx
57,-1.0,1,1,0,0,0,0,-1,0,0,-1,0,1,0,0,AngelAlyx
58,-1.0,0,0,0,0,0,0,-1,1,-1,0,0,0,0,0,AngelAlyx
59,-1.0,1,0,-1,-1,0,0,0,0,0,1,0,-1,-1,0,AngelAlyx
60,-1.0,1,0,0,0,0,1,0,-1,0,0,-1,0,-1,0,AngelAlyx
61,-1.0,1,0,0,0,0,1,0,-1,0,0,0,0,-1,0,AngelAlyx
62,-1.0,0,0,1,1,0,1,0,0,0,-1,1,0,0,0,AngelAlyx
63,-1.0,0,0,0,0,0,0,0,-1,0,0,0,1,0,0,AngelAlyx
64,-1.0,-1,0,0,0,0,-1,0,1,0,0,0,0,-1,0,AngelAlyx
65,-1.0,1,0,0,0,0,1,0,-1,0,0,0,0,1,0,AngelAlyx
66,-1.0,-1,0,0,0,0,-1,0,0,0,0,0,0,-1,0,AngelAlyx
67,-1.0,-1,0,0,0,0,1,0,-1,0,0,-1,0,0,0,AngelAlyx
68,-1.0,-1,0,0,0,0,1,0,-1,0,0,-1,0,0,0,AngelAlyx
69,-1.0,0,0,0,0,0,1,0,-1,0,0,-1,0,-1,0,AngelAlyx
70,-1.0,1,0,0,0,0,1,0,-1,0,0,0,0,0,0,AngelAlyx
71,-1.0,-1,0,0,0,0,-1,0,0,0,0,0,0,0,0,AngelAlyx
72,-1.0,0,0,0,0,0,1,0,-1,0,0,-1,0,0,0,AngelAlyx
73,-1.0,-1,0,0,0,0,0,0,-1,0,0,-1,0,1,0,AngelAlyx
74,-1.0,0,0,0,0,0,0,0,1,0,0,0,0,-1,0,AngelAlyx
75,-1.0,0,0,0,0,0,0,0,-1,0,0,0,0,0,0,AngelAlyx
76,-1.0,-1,0,0,0,0,1,0,-1,0,0,-1,0,0,0,AngelAlyx
77,-1.0,0,0,0,0,0,-1,0,0,0,0,0,0,0,0,AngelAlyx
78,-1.0,0,0,1,1,0,1,0,0,0,-1,1,0,0,0,AngelAlyx
79,-1.0,-1,0,0,0,0,-1,0,0,0,0,-1,1,0,0,AngelAlyx
80,-1.0,1,1,0,1,0,0,-1,0,0,0,0,1,0,0,AngelAlyx
81,-1.0,1,1,0,0,0,0,-1,0,0,-1,0,1,0,0,AngelAlyx
82,-1.0,1,1,1,0,0,-1,0,0,1,-1,0,1,-1,-1,AngelAlyx
83,-1.0,0,0,1,1,0,1,0,0,0,-1,1,0,0,0,AngelAlyx
84,-1.0,-1,0,0,0,0,-1,0,1,0,0,0,0,-1,0,AngelAlyx
85,-1.0,-1,0,1,1,0,1,0,0,-1,0,0,0,-1,0,AngelAlyx
86,1.0,1,0,-1,-1,0,-1,0,0,1,0,0,0,1,0,Anida
87,1.0,0,0,0,-1,0,-1,0,0,1,-1,1,0,0,0,Anida
88,1.0,0,0,0,-1,1,-1,0,0,1,-1,0,1,0,0,Anida
89,1.0,-1,-1,-1,-1,0,0,1,0,1,0,0,0,0,0,Anida
90,1.0,1,1,1,1,0,1,-1,0,-1,-1,0,0,0,0,Anida
91,1.0,-1,0,0,-1,0,0,-1,0,0,0,0,0,0,0,Anida
92,1.0,0,0,1,1,0,1,-1,0,-1,1,0,0,1,1,Anida
93,1.0,1,1,1,1,0,0,0,0,0,0,-1,1,0,0,Anida
94,1.0,-1,0,0,1,0,-1,0,0,0,0,0,1,0,0,Anida
95,1.0,1,0,1,-1,0,0,-1,0,0,0,0,0,0,0,Anida
96,1.0,-1,0,1,-1,0,-1,0,0,0,1,0,-1,1,0,Anida
97,1.0,1,0,0,-1,0,1,0,0,0,0,0,-1,0,0,Anida
98,1.0,0,1,0,1,1,-1,0,0,0,0,0,1,1,0,Anida
99,1.0,-1,-1,0,-1,0,0,1,0,0,0,0,-1,-1,0,Anida
100,1.0,-1,-1,-1,0,-1,0,1,0,0,1,0,-1,1,0,Anida
101,1.0,-1,0,0,0,0,0,-1,0,0,-1,0,1,0,0,Anida
102,1.0,-1,0,0,0,0,0,-1,1,0,0,0,0,1,1,Anida
103,1.0,0,0,0,0,0,0,-1,0,0,-1,0,1,0,0,Anida
104,1.0,1,0,0,0,0,0,1,-1,0,0,0,0,0,0,Anida
105,1.0,1,1,0,0,0,0,-1,0,0,-1,0,1,0,0,Anida
106,1.0,0,0,0,0,0,0,-1,1,-1,0,0,0,0,0,Anida
107,1.0,0,0,0,0,0,0,0,-1,0,0,0,1,0,0,Anida
108,1.0,1,0,0,0,0,1,0,0,0,0,1,-1,1,0,Anida
109,1.0,1,0,0,0,0,1,0,0,0,-1,0,0,0,0,Anida
110,1.0,-1,0,0,0,0,-1,0,1,0,0,1,0,0,0,Anida
111,1.0,1,0,0,0,0,0,0,1,0,0,1,0,1,0,Anida
112,1.0,0,0,0,0,0,-1,0,1,0,0,1,0,0,0,Anida
113,1.0,0,0,0,0,0,0,0,0,0,0,0,0,0,0,Anida
114,1.0,1,0,0,0,0,0,0,1,0,0,1,0,1,0,Anida
115,1.0,0,0,0,0,0,-1,0,1,0,0,0,0,0,0,Anida
116,1.0,1,0,0,0,0,1,0,0,0,0,0,0,0,0,Anida
117,1.0,-1,0,0,0,0,-1,0,1,0,0,0,0,0,0,Anida
118,1.0,-1,0,0,0,0,-1,0,1,0,0,0,0,0,0,Anida
119,1.0,-1,0,0,0,0,-1,0,0,0,0,0,1,0,0,Anida
120,1.0,0,0,0,0,0,0,0,1,0,0,0,-1,0,0,Anida
121,1.0,1,1,0,1,0,0,-1,0,0,0,0,1,0,0,Anida
122,1.0,-1,0,0,0,0,0,-1,1,0,0,0,0,0,0,Anida
123,-1.0,-1,0,1,1,0,0,0,0,0,0,0,0,-1,0,Anida
124,-1.0,-1,0,1,1,0,1,0,0,-1,0,0,0,-1,0,Anida
125,-1.0,0,0,0,1,0,1,0,0,-1,1,-1,0,0,0,Anida
126,-1.0,0,0,0,1,-1,1,0,0,-1,1,0,-1,1,0,Anida
127,-1.0,1,0,-1,0,0,-1,0,0,0,0,0,0,-1,0,Anida
128,-1.0,0,0,-1,-1,0,0,0,0,0,1,0,1,0,0,Anida
129,-1.0,0,0,1,1,0,0,0,0,0,0,0,-1,-1,0,Anida
130,-1.0,1,0,0,1,0,0,1,0,0,0,0,0,0,0,Anida
131,-1.0,1,1,1,0,0,-1,0,0,1,-1,0,1,-1,-1,Anida
132,-1.0,-1,-1,-1,0,-1,0,1,0,0,0,1,-1,0,0,Anida
133,-1.0,-1,-1,-1,-1,0,0,0,0,0,0,1,-1,0,0,Anida
134,-1.0,0,0,0,-1,1,0,0,0,-1,1,0,-1,0,0,Anida
135,-1.0,1,0,-1,1,0,1,0,0,0,-1,0,1,0,0,Anida
136,-1.0,-1,0,0,0,-1,-1,1,0,1,0,0,-1,0,0,Anida
137,-1.0,1,0,0,0,1,1,-1,0,-1,0,0,1,0,0,Anida
138,-1.0,0,0,0,1,-1,0,0,0,1,-1,0,1,-1,0,Anida
139,-1.0,1,1,0,1,0,0,-1,0,0,0,0,1,0,0,Anida
140,-1.0,0,0,0,1,0,-1,1,0,1,0,0,0,0,0,Anida
141,-1.0,1,0,-1,-1,0,0,1,-1,0,0,0,0,-1,-1,Anida
142,-1.0,0,0,0,0,0,0,1,0,0,1,0,-1,0,0,Anida
143,-1.0,-1,0,0,0,0,0,-1,1,0,0,0,0,0,0,Anida
144,-1.0,-1,-1,1,1,0,0,1,0,0,0,0,-1,0,0,Anida
145,-1.0,0,0,-1,-1,0,-1,0,0,0,1,-1,0,-1,0,Anida
146,-1.0,1,0,0,0,0,1,0,-1,0,0,-1,0,1,0,Anida
147,-1.0,-1,0,0,0,0,-1,0,0,0,0,0,0,-1,0,Anida
148,-1.0,-1,0,0,0,0,1,0,-1,0,0,-1,0,-1,0,Anida
149,-1.0,0,0,0,0,0,1,0,-1,0,0,-1,0,0,0,Anida
150,-1.0,-1,0,0,0,0,0,0,-1,0,0,-1,0,-1,0,Anida
151,-1.0,0,0,0,0,0,0,0,1,0,0,0,0,0,0,Anida
152,-1.0,0,0,0,0,0,1,0,-1,0,0,0,0,-1,0,Anida
153,-1.0,0,0,0,0,0,-1,0,0,0,0,0,0,0,0,Anida
154,-1.0,1,0,0,0,0,1,0,-1,0,0,0,0,0,0,Anida
155,-1.0,1,0,0,0,0,1,0,-1,0,0,0,0,0,0,Anida
156,-1.0,-1,0,0,0,0,-1,0,0,0,1,0,0,0,0,Anida
157,-1.0,0,0,1,1,0,1,0,0,0,-1,0,0,0,0,Anida
158,-1.0,0,0,0,0,0,0,1,-1,1,0,0,0,0,0,Anida
159,-1.0,-1,-1,-1,0,-1,0,1,0,0,1,0,-1,0,0,Anida
160,1.0,1,0,-1,-1,0,-1,0,0,1,0,0,0,1,0,CoryxKenshin
161,1.0,-1,0,1,1,0,1,0,0,-1,0,0,0,-1,0,CoryxKenshin
162,1.0,0,0,0,-1,1,-1,0,0,1,-1,0,1,0,0,CoryxKenshin
163,1.0,1,0,-1,0,0,-1,0,0,0,0,0,0,0,0,CoryxKenshin
164,1.0,1,0,-1,0,0,-1,0,0,0,0,0,0,0,0,CoryxKenshin
165,1.0,-1,-1,-1,-1,0,0,1,0,1,0,0,0,1,0,CoryxKenshin
166,1.0,1,1,1,1,0,1,-1,0,-1,-1,0,0,0,0,CoryxKenshin
167,1.0,0,1,0,1,1,-1,0,0,0,0,0,1,0,0,CoryxKenshin
168,1.0,1,1,1,0,1,0,-1,0,0,0,-1,1,1,0,CoryxKenshin
169,1.0,1,1,1,0,1,0,-1,0,0,-1,0,1,-1,0,CoryxKenshin
170,1.0,-1,0,0,0,0,0,-1,0,0,-1,0,1,0,0,CoryxKenshin
171,1.0,0,0,0,-1,0,1,-1,0,-1,0,0,0,1,0,CoryxKenshin
172,1.0,0,0,1,-1,1,0,-1,0,0,-1,0,1,0,0,CoryxKenshin
173,1.0,0,0,-1,1,-1,0,1,0,0,1,0,-1,1,0,CoryxKenshin
174,1.0,-1,-1,0,-1,0,0,1,0,0,0,0,-1,0,0,CoryxKenshin
175,1.0,-1,0,0,1,0,-1,0,0,0,0,0,1,0,0,CoryxKenshin
176,1.0,0,0,0,-1,1,0,0,0,-1,1,0,-1,0,0,CoryxKenshin
177,1.0,1,0,1,-1,0,0,-1,0,0,0,0,0,0,0,CoryxKenshin
178,1.0,1,0,0,0,1,1,-1,0,-1,0,0,1,0,0,CoryxKenshin
179,1.0,-1,0,1,-1,0,-1,0,0,0,1,0,-1,1,0,CoryxKenshin
180,1.0,1,0,0,-1,0,1,0,0,0,0,0,-1,0,0,CoryxKenshin
181,1.0,0,1,0,1,1,-1,0,0,0,0,0,1,0,0,CoryxKenshin
182,1.0,-1,0,0,0,0,0,-1,1,0,0,0,0,1,1,CoryxKenshin
183,1.0,1,1,0,0,0,0,-1,0,0,-1,0,1,0,0,CoryxKenshin
184,1.0,0,0,0,0,0,0,0,-1,0,0,0,1,0,0,CoryxKenshin
185,1.0,1,0,0,0,0,1,0,0,0,-1,0,0,0,0,CoryxKenshin
186,1.0,-1,0,0,0,0,-1,0,1,0,0,1,0,1,0,CoryxKenshin
187,1.0,0,0,1,1,0,1,0,0,0,-1,1,0,0,0,CoryxKenshin
188,1.0,1,0,0,0,0,1,0,0,0,-1,0,0,0,0,CoryxKenshin
189,1.0,0,0,1,1,0,1,0,0,0,-1,1,0,1,0,CoryxKenshin
190,1.0,-1,0,0,0,0,-1,0,0,0,0,-1,1,-1,0,CoryxKenshin
191,1.0,0,0,-1,-1,0,-1,0,0,0,1,-1,0,1,0,CoryxKenshin
192,1.0,1,0,0,0,0,1,0,0,0,-1,0,0,-1,0,CoryxKenshin
193,1.0,-1,0,0,0,0,-1,0,1,0,0,1,0,1,0,CoryxKenshin
194,1.0,-1,0,0,0,0,-1,0,0,0,0,0,0,0,0,CoryxKenshin
195,1.0,0,0,0,0,0,1,0,0,0,0,0,0,0,0,CoryxKenshin
196,1.0,0,0,0,0,0,-1,0,1,0,0,1,0,0,0,CoryxKenshin
197,1.0,0,0,0,0,0,0,0,0,0,0,0,0,0,0,CoryxKenshin
198,1.0,1,0,0,0,0,0,0,1,0,0,1,0,0,0,CoryxKenshin
199,1.0,1,0,0,0,0,0,0,1,0,0,1,0,-1,0,CoryxKenshin
200,1.0,1,0,0,0,0,0,0,1,0,0,1,0,0,0,CoryxKenshin
201,1.0,-1,0,0,0,0,-1,0,0,0,1,0,0,-1,0,CoryxKenshin
202,1.0,0,0,1,1,0,1,0,0,0,-1,1,0,0,0,CoryxKenshin
203,1.0,1,0,0,0,0,1,0,0,0,0,1,-1,0,0,CoryxKenshin
204,1.0,1,0,0,0,0,1,0,0,0,-1,0,0,0,0,CoryxKenshin
205,1.0,-1,0,0,0,0,-1,0,1,0,0,1,0,0,0,CoryxKenshin
206,1.0,0,0,0,0,0,0,0,1,0,0,0,0,0,0,CoryxKenshin
207,1.0,1,0,0,0,0,0,0,1,0,0,1,0,0,0,CoryxKenshin
208,1.0,1,0,0,0,0,0,0,1,0,0,1,0,-1,0,CoryxKenshin
209,1.0,0,0,0,0,0,0,0,0,0,0,0,0,0,0,CoryxKenshin
210,1.0,1,0,0,0,0,1,0,0,0,0,0,0,1,0,CoryxKenshin
211,1.0,-1,0,0,0,0,-1,0,0,0,1,0,0,-1,0,CoryxKenshin
212,1.0,0,0,0,0,0,0,0,1,0,0,0,-1,0,0,CoryxKenshin
213,1.0,0,0,0,0,0,0,1,-1,1,0,0,0,0,0,CoryxKenshin
214,1.0,1,1,0,1,0,0,-1,0,0,0,0,1,0,0,CoryxKenshin
215,-1.0,-1,0,1,1,0,0,0,0,0,0,0,0,-1,0,CoryxKenshin
216,-1.0,0,0,0,-1,0,-1,0,0,1,-1,1,0,0,0,CoryxKenshin
217,-1.0,0,0,0,1,0,1,0,0,-1,1,-1,0,0,0,CoryxKenshin
218,-1.0,0,0,0,1,-1,1,0,0,-1,1,0,-1,1,0,CoryxKenshin
219,-1.0,-1,0,1,0,0,1,0,0,0,0,0,0,-1,0,CoryxKenshin
220,-1.0,1,1,1,1,0,-1,0,0,1,-1,0,0,-1,-1,CoryxKenshin
221,-1.0,0,-1,0,-1,-1,1,0,0,0,0,0,-1,0,0,CoryxKenshin
222,-1.0,-1,-1,-1,0,-1,0,1,0,0,0,1,-1,0,0,CoryxKenshin
223,-1.0,-1,-1,-1,0,-1,0,1,0,0,1,0,-1,0,0,CoryxKenshin
224,-1.0,-1,-1,-1,0,-1,0,1,0,0,1,0,-1,0,0,CoryxKenshin
225,-1.0,1,0,0,0,0,0,1,0,0,1,0,-1,0,0,CoryxKenshin
226,-1.0,0,0,0,1,0,-1,1,0,1,0,0,0,-1,0,CoryxKenshin
227,-1.0,0,0,-1,1,-1,0,1,0,0,1,0,-1,0,0,CoryxKenshin
228,-1.0,0,0,1,-1,1,0,-1,0,0,-1,0,1,0,0,CoryxKenshin
229,-1.0,1,1,1,0,1,0,-1,0,0,-1,0,1,-1,0,CoryxKenshin
230,-1.0,1,1,0,1,0,0,-1,0,0,0,0,1,0,0,CoryxKenshin
231,-1.0,0,-1,0,-1,-1,1,0,0,0,0,0,-1,0,0,CoryxKenshin
232,-1.0,1,0,-1,1,0,1,0,0,0,-1,0,1,0,0,CoryxKenshin
233,-1.0,-1,0,0,0,-1,-1,1,0,1,0,0,-1,0,0,CoryxKenshin
234,-1.0,-1,0,-1,1,0,0,1,0,0,0,0,0,0,0,CoryxKenshin
235,-1.0,0,0,0,1,-1,0,0,0,1,-1,0,1,-1,0,CoryxKenshin
236,-1.0,-1,-1,-1,0,-1,0,1,0,0,1,0,-1,0,0,CoryxKenshin
237,-1.0,1,0,-1,-1,0,0,1,-1,0,0,0,0,-1,-1,CoryxKenshin
238,-1.0,-1,-1,1,1,0,0,1,0,0,0,0,-1,0,0,CoryxKenshin
239,-1.0,1,0,0,0,0,1,0,0,0,0,1,-1,0,0,CoryxKenshin
240,-1.0,0,0,-1,-1,0,-1,0,0,0,1,-1,0,0,0,CoryxKenshin
241,-1.0,1,0,0,0,0,1,0,-1,0,0,-1,0,-1,0,CoryxKenshin
242,-1.0,-1,0,0,0,0,-1,0,0,0,1,0,0,0,0,CoryxKenshin
243,-1.0,-1,0,0,0,0,-1,0,0,0,0,-1,1,0,0,CoryxKenshin
244,-1.0,-1,0,0,0,0,-1,0,0,0,1,0,0,0,0,CoryxKenshin
245,-1.0,1,0,0,0,0,1,0,0,0,0,1,-1,0,0,CoryxKenshin
246,-1.0,1,0,0,0,0,1,0,-1,0,0,-1,0,-1,0,CoryxKenshin
247,-1.0,0,0,0,0,0,1,0,-1,0,0,-1,0,0,0,CoryxKenshin
248,-1.0,-1,0,0,0,0,0,0,-1,0,0,-1,0,1,0,CoryxKenshin
249,-1.0,-1,0,0,0,0,0,0,-1,0,0,-1,0,1,0,CoryxKenshin
250,-1.0,0,0,0,0,0,0,0,1,0,0,0,0,-1,0,CoryxKenshin
251,-1.0,0,0,0,0,0,0,0,-1,0,0,0,0,0,0,CoryxKenshin
252,-1.0,1,0,0,0,0,0,0,-1,0,0,-1,0,1,0,CoryxKenshin
253,-1.0,-1,0,0,0,0,-1,0,0,0,0,-1,1,0,0,CoryxKenshin
254,-1.0,0,0,-1,-1,0,-1,0,0,0,1,-1,0,0,0,CoryxKenshin
255,-1.0,-1,0,0,0,0,-1,0,1,0,0,0,0,0,0,CoryxKenshin
256,-1.0,0,0,0,0,0,0,0,-1,0,0,-1,0,1,0,CoryxKenshin
257,-1.0,0,0,0,0,0,0,0,-1,0,0,0,0,0,0,CoryxKenshin
258,-1.0,-1,0,0,0,0,0,0,-1,0,0,-1,0,1,0,CoryxKenshin
259,-1.0,-1,0,0,0,0,0,0,-1,0,0,-1,0,0,0,CoryxKenshin
260,-1.0,0,0,0,0,0,-1,0,0,0,0,0,0,0,0,CoryxKenshin
261,-1.0,0,0,1,1,0,1,0,0,0,-1,1,0,0,0,CoryxKenshin
262,-1.0,-1,0,0,0,0,-1,0,0,0,0,-1,1,0,0,CoryxKenshin
263,-1.0,-1,-1,-1,0,-1,0,1,0,0,1,0,-1,0,0,CoryxKenshin
264,-1.0,-1,0,0,0,0,0,-1,1,0,0,0,0,0,0,CoryxKenshin
265,-1.0,1,0,0,0,0,1,0,-1,0,0,-1,0,-1,0,CoryxKenshin
266,-1.0,0,0,-1,-1,0,-1,0,0,0,1,-1,0,0,0,CoryxKenshin
267,-1.0,1,0,0,0,0,1,0,0,0,0,1,-1,0,0,CoryxKenshin
268,-1.0,0,0,0,0,0,0,0,-1,0,0,0,0,0,0,CoryxKenshin
269,-1.0,1,1,1,1,0,-1,0,0,1,-1,0,0,-1,-1,CoryxKenshin
270,1.0,1,0,-1,-1,0,-1,0,0,1,0,0,0,1,0,DeadMeat
271,1.0,0,0,0,-1,1,-1,0,0,1,-1,0,1,0,0,DeadMeat
272,1.0,1,0,-1,0,0,-1,0,0,0,0,0,0,0,0,DeadMeat
273,1.0,1,1,1,1,0,1,-1,0,-1,-1,0,0,-1,0,DeadMeat
274,1.0,1,0,0,1,0,0,1,0,0,0,0,0,0,0,DeadMeat
275,1.0,1,0,0,1,0,0,1,0,0,0,0,0,0,0,DeadMeat
276,1.0,0,0,1,1,0,1,-1,0,-1,1,0,0,1,1,DeadMeat
277,1.0,-1,0,0,1,0,-1,0,0,0,0,0,1,1,0,DeadMeat
278,1.0,0,0,0,-1,1,0,0,0,-1,1,0,-1,-1,0,DeadMeat
279,1.0,1,0,1,-1,0,0,-1,0,0,0,0,0,0,0,DeadMeat
280,1.0,1,0,0,0,1,1,-1,0,-1,0,0,1,0,0,DeadMeat
281,1.0,1,0,0,-1,0,1,0,0,0,0,0,-1,0,0,DeadMeat
282,1.0,0,1,0,1,1,-1,0,0,0,0,0,1,0,0,DeadMeat
283,1.0,-1,-1,-1,-1,0,0,0,0,0,0,1,-1,0,0,DeadMeat
284,1.0,1,1,1,1,0,0,0,0,0,0,-1,1,1,0,DeadMeat
285,1.0,0,0,0,-1,0,1,-1,0,-1,0,0,0,-1,0,DeadMeat
286,1.0,-1,0,0,0,0,0,-1,0,0,-1,0,1,0,0,DeadMeat
287,1.0,0,0,0,0,0,0,0,0,0,0,0,0,0,0,DeadMeat
288,1.0,-1,0,0,0,0,0,-1,1,0,0,0,0,1,1,DeadMeat
289,1.0,0,0,0,0,0,0,-1,0,0,-1,0,1,0,0,DeadMeat
290,1.0,0,0,0,0,0,0,-1,1,-1,0,0,0,0,0,DeadMeat
291,1.0,1,-1,-1,-1,0,1,-1,0,-1,0,0,0,-1,0,DeadMeat
292,1.0,-1,0,0,0,0,-1,0,1,0,0,1,0,0,0,DeadMeat
293,1.0,-1,0,0,0,0,-1,0,1,0,0,1,0,1,0,DeadMeat
294,1.0,-1,0,0,0,0,-1,0,1,0,0,1,0,0,0,DeadMeat
295,1.0,0,0,1,1,0,1,0,0,0,-1,1,0,0,0,DeadMeat
296,1.0,-1,0,0,0,0,-1,0,0,0,0,-1,1,0,0,DeadMeat
297,1.0,0,0,0,0,0,0,1,-1,1,0,0,0,0,0,DeadMeat
298,1.0,0,0,-1,-1,0,-1,0,0,0,1,-1,0,0,0,DeadMeat
299,1.0,1,0,0,0,0,1,0,0,0,-1,0,0,0,0,DeadMeat
300,1.0,0,0,0,0,0,1,0,0,0,0,0,0,-1,0,DeadMeat
301,1.0,0,0,0,0,0,0,0,1,0,0,0,0,0,0,DeadMeat
302,1.0,1,0,0,0,0,1,0,0,0,0,1,-1,1,0,DeadMeat
303,1.0,1,0,0,0,0,1,0,0,0,-1,0,0,-1,0,DeadMeat
304,1.0,0,0,0,0,0,0,0,0,0,0,1,0,1,0,DeadMeat
305,1.0,0,0,0,0,0,1,0,0,0,0,0,0,0,0,DeadMeat
306,1.0,-1,0,0,0,0,1,0,-1,0,0,-1,0,0,0,DeadMeat
307,1.0,0,0,0,0,0,-1,0,1,0,0,1,0,0,0,DeadMeat
308,1.0,1,0,0,0,0,1,0,0,0,0,1,-1,1,0,DeadMeat
309,1.0,1,0,0,0,0,1,0,0,0,-1,0,0,-1,0,DeadMeat
310,1.0,-1,0,0,0,0,-1,0,1,0,0,0,0,1,0,DeadMeat
311,1.0,-1,0,0,0,0,-1,0,0,0,1,0,0,-1,0,DeadMeat
312,1.0,-1,0,0,0,0,-1,0,0,0,0,-1,1,0,0,DeadMeat
313,1.0,0,0,0,0,0,0,0,1,0,0,0,-1,0,0,DeadMeat
314,1.0,1,0,0,0,0,1,0,0,0,0,1,-1,0,0,DeadMeat
315,1.0,0,0,-1,-1,0,-1,0,0,0,1,-1,0,1,0,DeadMeat
316,1.0,-1,0,0,0,0,-1,0,0,0,0,-1,1,1,0,DeadMeat
317,1.0,0,0,0,0,0,1,0,0,0,0,0,0,0,0,DeadMeat
318,1.0,0,0,0,0,0,-1,0,1,0,0,1,0,0,0,DeadMeat
319,1.0,0,0,0,0,0,0,0,0,0,0,0,0,0,0,DeadMeat
320,1.0,1,0,0,0,0,0,0,1,0,0,1,0,0,0,DeadMeat
321,1.0,1,0,0,0,0,0,0,1,0,0,1,0,-1,0,DeadMeat
322,1.0,0,0,0,0,0,0,0,-1,0,0,0,0,0,0,DeadMeat
323,1.0,1,0,0,0,0,1,0,0,0,0,0,0,0,0,DeadMeat
324,1.0,-1,0,0,0,0,-1,0,0,0,0,-1,1,0,0,DeadMeat
325,1.0,0,0,0,0,0,0,0,1,0,0,0,-1,0,0,DeadMeat
326,1.0,0,0,0,0,0,0,1,-1,1,0,0,0,0,0,DeadMeat
327,1.0,-1,-1,-1,0,-1,0,1,0,0,1,0,-1,0,0,DeadMeat
328,1.0,1,0,0,0,0,1,0,0,0,-1,0,0,-1,0,DeadMeat
329,1.0,0,0,1,1,0,1,-1,0,-1,1,0,0,1,1,DeadMeat
330,-1.0,-1,0,1,1,0,0,0,0,0,0,0,0,-1,0,DeadMeat
331,-1.0,0,0,0,1,-1,1,0,0,-1,1,0,-1,1,0,DeadMeat
332,-1.0,-1,-1,-1,-1,0,0,1,0,1,0,0,0,1,0,DeadMeat
333,-1.0,0,0,-1,-1,0,0,0,0,0,1,0,1,0,0,DeadMeat
334,-1.0,0,0,1,1,0,0,0,0,0,0,0,-1,0,0,DeadMeat
335,-1.0,-1,0,0,-1,0,0,-1,0,0,0,0,0,0,0,DeadMeat
336,-1.0,0,0,1,1,0,1,-1,0,-1,1,0,0,0,0,DeadMeat
337,-1.0,0,0,-1,-1,0,-1,1,0,1,-1,0,0,0,0,DeadMeat
338,-1.0,-1,0,0,-1,0,0,-1,0,0,0,0,0,0,0,DeadMeat
339,-1.0,1,1,1,0,0,-1,0,0,1,-1,0,1,0,-1,DeadMeat
340,-1.0,0,-1,0,-1,-1,1,0,0,0,0,0,-1,-1,0,DeadMeat
341,-1.0,1,0,-1,1,0,1,0,0,0,-1,0,1,0,0,DeadMeat
342,-1.0,0,0,0,1,-1,0,0,0,1,-1,0,1,-1,0,DeadMeat
343,-1.0,-1,-1,-1,0,-1,0,1,0,0,1,0,-1,-1,0,DeadMeat
344,-1.0,0,0,0,1,0,-1,1,0,1,0,0,0,0,0,DeadMeat
345,-1.0,1,0,0,0,0,0,1,0,0,1,0,-1,0,0,DeadMeat
346,-1.0,-1,0,0,0,0,0,-1,0,0,-1,0,1,0,0,DeadMeat
347,-1.0,1,0,0,0,0,0,1,0,0,1,0,-1,0,0,DeadMeat
348,-1.0,1,0,-1,-1,0,0,1,-1,0,0,0,0,-1,-1,DeadMeat
349,-1.0,1,1,0,0,0,0,-1,0,0,-1,0,1,0,0,DeadMeat
350,-1.0,-1,-1,1,1,0,0,1,0,0,0,0,-1,0,0,DeadMeat
351,-1.0,0,0,0,0,0,0,0,-1,0,0,0,1,1,0,DeadMeat
352,-1.0,1,0,0,0,0,1,0,0,0,0,1,-1,0,0,DeadMeat
353,-1.0,-1,0,0,0,0,-1,0,1,0,0,1,0,0,0,DeadMeat
354,-1.0,1,0,0,0,0,1,0,-1,0,0,-1,0,1,0,DeadMeat
355,-1.0,1,0,0,0,0,1,0,-1,0,0,-1,0,-1,0,DeadMeat
356,-1.0,1,0,0,0,0,1,0,-1,0,0,0,0,0,0,DeadMeat
357,-1.0,1,0,0,0,0,1,0,-1,0,0,-1,0,0,0,DeadMeat
358,-1.0,-1,0,0,0,0,-1,0,0,0,1,0,0,0,0,DeadMeat
359,-1.0,0,0,0,0,0,0,0,1,0,0,0,-1,0,0,DeadMeat
360,-1.0,0,0,0,0,0,0,-1,1,-1,0,0,0,0,0,DeadMeat
361,-1.0,1,0,0,0,0,1,0,0,0,0,1,-1,0,0,DeadMeat
362,-1.0,-1,0,0,0,0,-1,0,0,0,0,0,0,1,0,DeadMeat
363,-1.0,0,0,0,0,0,0,0,0,0,0,0,0,0,0,DeadMeat
364,-1.0,0,0,1,1,0,-1,0,-1,0,0,0,1,0,0,DeadMeat
365,-1.0,0,0,-1,-1,0,-1,0,0,0,1,-1,0,0,0,DeadMeat
366,-1.0,-1,0,0,0,0,-1,0,1,0,0,0,0,0,0,DeadMeat
367,-1.0,1,0,0,0,0,1,0,-1,0,0,-1,0,-1,0,DeadMeat
368,-1.0,-1,0,0,0,0,-1,0,0,0,0,0,0,0,0,DeadMeat
369,-1.0,1,0,0,0,0,-1,0,1,0,0,1,0,1,0,DeadMeat
370,-1.0,-1,0,0,0,0,1,0,-1,0,0,-1,0,-1,0,DeadMeat
371,-1.0,1,0,0,0,0,-1,0,1,0,0,1,0,0,0,DeadMeat
372,-1.0,0,0,1,1,0,0,0,-1,0,0,-1,1,0,0,DeadMeat
373,-1.0,-1,0,0,0,0,-1,0,1,0,0,1,0,0,0,DeadMeat
374,-1.0,1,0,0,0,0,1,0,-1,0,0,-1,0,0,0,DeadMeat
375,-1.0,1,0,0,0,0,1,0,-1,0,0,0,0,0,0,DeadMeat
376,-1.0,0,0,1,1,0,1,0,0,0,-1,1,0,0,0,DeadMeat
377,-1.0,0,0,0,0,0,0,0,-1,0,0,0,1,0,0,DeadMeat
378,-1.0,0,0,1,1,0,1,0,0,0,-1,1,0,-1,0,DeadMeat
379,-1.0,0,0,0,0,0,0,0,1,0,0,0,-1,-1,0,DeadMeat
380,-1.0,1,0,0,0,0,1,0,0,0,-1,0,0,0,0,DeadMeat
381,-1.0,-1,0,0,0,0,-1,0,0,0,0,0,0,0,0,DeadMeat
382,-1.0,0,0,0,0,0,1,0,-1,0,0,-1,0,0,0,DeadMeat
383,-1.0,-1,0,0,0,0,0,0,-1,0,0,-1,0,1,0,DeadMeat
384,-1.0,0,0,0,0,0,0,0,1,0,0,0,0,-1,0,DeadMeat
385,-1.0,0,0,0,0,0,0,0,0,0,0,0,0,0,0,DeadMeat
386,-1.0,0,0,0,0,0,-1,0,0,0,0,0,0,0,0,DeadMeat
387,-1.0,-1,0,0,0,0,-1,0,0,0,1,0,0,0,0,DeadMeat
388,-1.0,1,1,0,1,0,0,-1,0,0,0,0,1,0,0,DeadMeat
389,-1.0,-1,0,0,0,0,0,-1,1,0,0,0,0,0,0,DeadMeat
390,1.0,1,0,-1,-1,0,-1,0,0,1,0,0,0,1,0,HollowPoiint
391,1.0,0,0,0,-1,0,-1,0,0,1,-1,1,0,0,0,HollowPoiint
392,1.0,0,0,0,-1,1,-1,0,0,1,-1,0,1,0,0,HollowPoiint
393,1.0,-1,0,1,0,0,1,0,0,0,0,0,0,-1,0,HollowPoiint
394,1.0,-1,-1,-1,-1,0,0,1,0,1,0,0,0,1,0,HollowPoiint
395,1.0,0,0,-1,-1,0,0,0,0,0,1,0,1,0,0,HollowPoiint
396,1.0,-1,0,0,-1,0,0,-1,0,0,0,0,0,0,0,HollowPoiint
397,1.0,0,0,1,1,0,1,-1,0,-1,1,0,0,1,1,HollowPoiint
398,1.0,1,1,1,0,0,-1,0,0,1,-1,0,1,-1,-1,HollowPoiint
399,1.0,-1,0,0,1,0,-1,0,0,0,0,0,1,0,0,HollowPoiint
400,1.0,1,0,1,-1,0,0,-1,0,0,0,0,0,0,0,HollowPoiint
401,1.0,1,0,0,0,1,1,-1,0,-1,0,0,1,0,0,HollowPoiint
402,1.0,-1,0,1,-1,0,-1,0,0,0,1,0,-1,1,0,HollowPoiint
403,1.0,1,0,0,-1,0,1,0,0,0,0,0,-1,0,0,HollowPoiint
404,1.0,1,1,1,0,1,0,-1,0,0,-1,0,1,-1,0,HollowPoiint
405,1.0,0,0,0,-1,0,1,-1,0,-1,0,0,0,1,0,HollowPoiint
406,1.0,-1,0,0,0,0,0,-1,0,0,-1,0,1,0,0,HollowPoiint
407,1.0,-1,0,0,0,0,0,-1,1,0,0,0,0,1,1,HollowPoiint
408,1.0,0,0,0,0,0,0,0,-1,0,0,0,1,0,0,HollowPoiint
409,1.0,1,0,0,0,0,1,0,0,0,-1,0,0,-1,0,HollowPoiint
410,1.0,1,0,0,0,0,1,0,-1,0,0,-1,0,1,0,HollowPoiint
411,1.0,-1,0,0,0,0,-1,0,1,0,0,1,0,0,0,HollowPoiint
412,1.0,0,0,0,0,0,1,0,0,0,0,0,0,0,0,HollowPoiint
413,1.0,0,0,0,0,0,-1,0,1,0,0,1,0,0,0,HollowPoiint
414,1.0,0,0,0,0,0,0,0,0,0,0,0,0,0,0,HollowPoiint
415,1.0,0,0,0,0,0,0,0,1,0,0,0,0,0,0,HollowPoiint
416,1.0,1,0,0,0,0,0,0,0,0,0,1,0,0,0,HollowPoiint
417,1.0,0,0,0,0,0,-1,0,0,0,0,0,0,-1,0,HollowPoiint
418,1.0,1,0,0,0,0,1,0,0,0,0,0,0,1,0,HollowPoiint
419,1.0,0,0,0,0,0,1,0,0,0,0,0,0,0,0,HollowPoiint
420,1.0,0,0,0,0,0,0,0,0,0,0,0,0,1,0,HollowPoiint
421,1.0,-1,0,0,0,0,-1,0,0,0,1,0,0,0,0,HollowPoiint
422,1.0,0,0,0,0,0,0,1,-1,1,0,0,0,0,0,HollowPoiint
423,1.0,-1,0,0,0,0,0,-1,1,0,0,0,0,0,0,HollowPoiint
424,1.0,0,0,0,0,0,0,0,1,0,0,0,0,0,0,HollowPoiint
425,-1.0,-1,0,1,1,0,0,0,0,0,0,0,0,-1,0,HollowPoiint
426,-1.0,-1,0,1,1,0,1,0,0,-1,0,0,0,-1,0,HollowPoiint
427,-1.0,0,0,0,1,0,1,0,0,-1,1,-1,0,0,0,HollowPoiint
428,-1.0,0,0,0,1,-1,1,0,0,-1,1,0,-1,1,0,HollowPoiint
429,-1.0,1,0,-1,0,0,-1,0,0,0,0,0,0,-1,0,HollowPoiint
430,-1.0,0,0,1,1,0,0,0,0,0,-1,0,-1,-1,0,HollowPoiint
431,-1.0,0,0,-1,-1,0,-1,1,0,1,0,0,0,0,0,HollowPoiint
432,-1.0,1,0,0,1,0,0,1,0,0,0,0,0,0,0,HollowPoiint
433,-1.0,0,-1,0,-1,-1,1,0,0,0,0,0,-1,0,0,HollowPoiint
434,-1.0,0,0,0,-1,1,0,0,0,-1,1,0,-1,0,0,HollowPoiint
435,-1.0,-1,0,0,0,-1,-1,1,0,1,0,0,-1,0,0,HollowPoiint
436,-1.0,-1,0,-1,1,0,0,1,0,0,0,0,0,0,0,HollowPoiint
437,-1.0,0,0,0,1,-1,0,0,0,1,-1,0,1,-1,0,HollowPoiint
438,-1.0,-1,-1,-1,0,-1,0,1,0,0,1,0,-1,1,0,HollowPoiint
439,-1.0,-1,-1,-1,0,-1,0,1,0,0,1,0,-1,0,0,HollowPoiint
440,-1.0,0,0,0,1,0,-1,1,0,1,0,0,0,-1,0,HollowPoiint
441,-1.0,1,0,0,0,0,0,1,0,0,1,0,-1,0,0,HollowPoiint
442,-1.0,1,0,-1,-1,0,0,1,-1,0,0,0,0,-1,-1,HollowPoiint
443,-1.0,1,1,0,0,0,0,-1,0,0,-1,0,1,0,0,HollowPoiint
444,-1.0,-1,-1,1,1,0,0,1,0,0,0,0,-1,0,0,HollowPoiint
445,-1.0,1,0,0,0,0,1,0,0,0,0,1,-1,0,0,HollowPoiint
446,-1.0,0,0,-1,-1,0,-1,0,0,0,1,-1,0,1,0,HollowPoiint
447,-1.0,-1,0,0,0,0,-1,0,1,0,0,1,0,0,0,HollowPoiint
448,-1.0,1,0,0,0,0,1,0,-1,0,0,-1,0,-1,0,HollowPoiint
449,-1.0,-1,0,0,0,0,-1,0,0,0,0,0,0,0,0,HollowPoiint
450,-1.0,0,0,0,0,0,1,0,-1,0,0,-1,0,0,0,HollowPoiint
451,-1.0,0,0,0,0,0,0,0,0,0,0,0,0,0,0,HollowPoiint
452,-1.0,-1,0,0,0,0,0,0,-1,0,0,-1,0,1,0,HollowPoiint
453,-1.0,0,0,0,0,0,0,0,0,0,0,0,0,0,0,HollowPoiint
454,-1.0,-1,0,0,0,0,-1,0,0,0,0,0,0,-1,0,HollowPoiint
455,-1.0,-1,0,0,0,0,-1,0,0,0,0,-1,0,1,0,HollowPoiint
456,-1.0,1,0,0,0,0,1,0,-1,0,0,0,0,-1,0,HollowPoiint
457,-1.0,0,0,1,1,0,1,0,0,0,-1,0,0,0,0,HollowPoiint
458,-1.0,0,0,0,0,0,0,0,1,0,0,0,-1,0,0,HollowPoiint
459,-1.0,1,1,0,1,0,0,-1,0,0,0,0,1,0,0,HollowPoiint
460,1.0,1,0,-1,-1,0,-1,0,0,1,0,0,0,1,0,Jacksepticeye
461,1.0,0,0,0,-1,0,-1,0,0,1,-1,1,0,0,0,Jacksepticeye
462,1.0,0,0,0,-1,1,-1,0,0,1,-1,0,1,0,0,Jacksepticeye
463,1.0,1,0,-1,0,0,-1,0,0,0,0,0,0,0,0,Jacksepticeye
464,1.0,-1,-1,-1,-1,0,0,1,0,1,0,0,0,1,0,Jacksepticeye
465,1.0,1,1,1,1,0,1,-1,0,-1,-1,0,0,-1,0,Jacksepticeye
466,1.0,0,0,1,1,0,0,0,0,0,0,0,-1,0,0,Jacksepticeye
467,1.0,1,0,0,1,0,0,1,0,0,0,0,0,0,0,Jacksepticeye
468,1.0,0,0,1,1,0,1,-1,0,-1,1,0,0,1,1,Jacksepticeye
469,1.0,1,1,1,1,0,0,0,0,0,0,-1,1,1,0,Jacksepticeye
470,1.0,-1,0,0,1,0,-1,0,0,0,0,0,1,1,0,Jacksepticeye
471,1.0,1,0,-1,1,0,1,0,0,0,-1,0,1,0,0,Jacksepticeye
472,1.0,-1,0,1,-1,0,-1,0,0,0,1,0,-1,1,0,Jacksepticeye
473,1.0,1,0,0,-1,0,1,0,0,0,0,0,-1,0,0,Jacksepticeye
474,1.0,0,1,0,1,1,-1,0,0,0,0,0,1,1,0,Jacksepticeye
475,1.0,1,0,1,-1,0,1,-1,0,0,-1,0,0,-1,0,Jacksepticeye
476,1.0,-1,0,0,0,0,0,-1,0,0,-1,0,1,0,0,Jacksepticeye
477,1.0,0,0,0,-1,0,1,-1,0,-1,0,0,0,1,0,Jacksepticeye
478,1.0,-1,0,0,0,0,0,-1,1,0,0,0,0,1,1,Jacksepticeye
479,1.0,0,0,0,0,0,0,1,0,0,1,0,-1,0,0,Jacksepticeye
480,1.0,0,0,0,0,0,0,-1,0,0,-1,0,1,0,0,Jacksepticeye
481,1.0,-1,-1,1,1,0,0,1,0,0,0,0,-1,0,0,Jacksepticeye
482,1.0,0,0,0,0,0,0,0,-1,0,0,0,1,1,0,Jacksepticeye
483,1.0,0,0,-1,-1,0,-1,0,0,0,1,-1,0,0,0,Jacksepticeye
484,1.0,1,0,0,0,0,1,0,0,0,-1,0,0,-1,0,Jacksepticeye
485,1.0,-1,0,0,0,0,-1,0,1,0,0,1,0,1,0,Jacksepticeye
486,1.0,-1,0,0,0,0,-1,0,1,0,0,0,0,0,0,Jacksepticeye
487,1.0,0,0,0,0,0,1,0,0,0,0,0,0,0,0,Jacksepticeye
488,1.0,0,0,0,0,0,-1,0,1,0,0,1,0,1,0,Jacksepticeye
489,1.0,0,0,0,0,0,0,0,0,0,0,0,0,0,0,Jacksepticeye
490,1.0,0,0,0,0,0,0,0,1,0,0,0,0,0,0,Jacksepticeye
491,1.0,1,0,0,0,0,0,0,1,0,0,1,0,1,0,Jacksepticeye
492,1.0,0,0,0,0,0,-1,0,1,0,0,1,0,1,0,Jacksepticeye
493,1.0,1,0,0,0,0,1,0,0,0,0,1,-1,1,0,Jacksepticeye
494,1.0,1,0,0,0,0,1,0,0,0,-1,0,0,-1,0,Jacksepticeye
495,1.0,-1,0,0,0,0,-1,0,1,0,0,0,0,1,0,Jacksepticeye
496,1.0,1,0,0,0,0,1,0,-1,0,0,0,0,0,0,Jacksepticeye
497,1.0,0,0,0,0,0,1,0,0,0,0,0,0,0,0,Jacksepticeye
498,1.0,0,0,0,0,0,0,0,0,0,0,0,0,0,0,Jacksepticeye
499,1.0,0,0,0,0,0,0,0,0,0,0,0,0,0,0,Jacksepticeye
500,1.0,1,0,0,0,0,1,0,0,0,0,0,0,0,0,Jacksepticeye
501,1.0,0,0,1,1,0,1,0,0,0,-1,1,0,0,0,Jacksepticeye
502,1.0,0,0,0,0,0,0,0,1,0,0,0,-1,0,0,Jacksepticeye
503,1.0,1,1,0,1,0,0,-1,0,0,0,0,1,0,0,Jacksepticeye
504,1.0,-1,0,0,0,0,0,-1,0,0,-1,0,1,0,0,Jacksepticeye
505,1.0,-1,0,0,0,0,0,-1,1,0,0,0,0,0,0,Jacksepticeye
506,-1.0,-1,0,1,1,0,0,0,0,0,0,0,0,-1,0,Jacksepticeye
507,-1.0,-1,0,1,1,0,1,0,0,-1,0,0,0,-1,0,Jacksepticeye
508,-1.0,0,0,0,1,0,1,0,0,-1,1,-1,0,0,0,Jacksepticeye
509,-1.0,0,0,0,1,-1,1,0,0,-1,1,0,-1,1,0,Jacksepticeye
510,-1.0,1,0,-1,0,0,-1,0,0,0,0,0,0,0,0,Jacksepticeye
511,-1.0,0,0,-1,-1,0,0,0,0,0,1,0,1,0,0,Jacksepticeye
512,-1.0,0,0,-1,-1,0,-1,1,0,1,-1,0,0,-1,0,Jacksepticeye
513,-1.0,-1,0,0,-1,0,0,-1,0,0,0,0,0,0,0,Jacksepticeye
514,-1.0,1,1,1,0,0,-1,0,0,1,-1,0,1,-1,-1,Jacksepticeye
515,-1.0,0,-1,0,-1,-1,1,0,0,0,0,0,-1,0,0,Jacksepticeye
516,-1.0,0,1,0,1,1,-1,0,0,0,0,0,1,0,0,Jacksepticeye
517,-1.0,0,-1,0,-1,-1,1,0,0,0,0,0,-1,-1,0,Jacksepticeye
518,-1.0,-1,0,0,0,-1,-1,1,0,1,0,0,-1,0,0,Jacksepticeye
519,-1.0,1,0,1,-1,0,0,-1,0,0,0,0,0,0,0,Jacksepticeye
520,-1.0,1,0,0,0,1,1,-1,0,-1,0,0,1,0,0,Jacksepticeye
521,-1.0,0,0,0,1,-1,0,0,0,1,-1,0,1,-1,0,Jacksepticeye
522,-1.0,-1,-1,-1,0,-1,0,1,0,0,1,0,-1,0,0,Jacksepticeye
523,-1.0,1,0,0,0,0,0,1,0,0,1,0,-1,0,0,Jacksepticeye
524,-1.0,1,0,-1,-1,0,0,1,-1,0,0,0,0,-1,-1,Jacksepticeye
525,-1.0,0,0,0,0,0,0,-1,0,0,-1,0,1,0,0,Jacksepticeye
526,-1.0,0,0,0,0,0,0,1,0,0,1,0,-1,0,0,Jacksepticeye
527,-1.0,1,1,0,0,0,0,-1,0,0,-1,0,1,0,0,Jacksepticeye
528,-1.0,0,0,0,0,0,0,-1,1,-1,0,0,0,0,0,Jacksepticeye
529,-1.0,1,0,0,0,0,1,0,0,0,0,1,-1,0,0,Jacksepticeye
530,-1.0,1,0,0,0,0,1,0,-1,0,0,-1,0,-1,0,Jacksepticeye
531,-1.0,1,0,0,0,0,1,0,-1,0,0,0,0,1,0,Jacksepticeye
532,-1.0,-1,0,0,0,0,-1,0,0,0,0,0,0,-1,0,Jacksepticeye
533,-1.0,0,0,0,0,0,1,0,-1,0,0,-1,0,-1,0,Jacksepticeye
534,-1.0,-1,0,0,0,0,0,0,-1,0,0,-1,0,-1,0,Jacksepticeye
535,-1.0,0,0,0,0,0,0,0,0,0,0,0,0,0,0,Jacksepticeye
536,-1.0,0,0,1,1,0,0,0,-1,0,0,-1,1,-1,0,Jacksepticeye
537,-1.0,0,0,-1,-1,0,-1,0,0,0,1,-1,0,0,0,Jacksepticeye
538,-1.0,-1,0,0,0,0,-1,0,1,0,0,1,0,0,0,Jacksepticeye
539,-1.0,1,0,0,0,0,1,0,-1,0,0,-1,0,0,0,Jacksepticeye
540,-1.0,-1,0,0,0,0,-1,0,0,0,0,0,0,-1,0,Jacksepticeye
541,-1.0,0,0,0,0,0,0,0,0,0,0,0,0,1,0,Jacksepticeye
542,-1.0,0,0,0,0,0,0,0,0,0,0,0,0,-1,0,Jacksepticeye
543,-1.0,0,0,0,0,0,-1,0,0,0,0,0,0,0,0,Jacksepticeye
544,-1.0,-1,0,0,0,0,-1,0,0,0,1,0,0,0,0,Jacksepticeye
545,-1.0,-1,0,0,0,0,-1,0,0,0,0,-1,1,0,0,Jacksepticeye
546,-1.0,0,0,0,0,0,0,1,-1,1,0,0,0,0,0,Jacksepticeye
547,-1.0,-1,-1,-1,0,-1,0,1,0,0,1,0,-1,0,0,Jacksepticeye
548,-1.0,1,0,0,0,0,0,1,0,0,1,0,-1,0,0,Jacksepticeye
549,-1.0,0,0,0,0,0,0,0,0,0,0,0,0,1,0,Jacksepticeye
550,-1.0,0,0,0,1,0,1,0,0,-1,1,-1,0,0,0,Jacksepticeye
551,-1.0,0,0,-1,-1,0,-1,1,0,1,-1,0,0,-1,0,Jacksepticeye
552,1.0,1,0,-1,-1,0,-1,0,0,1,0,0,0,1,0,JazzyGuns
553,1.0,0,0,0,-1,0,-1,0,0,1,-1,1,0,0,0,JazzyGuns
554,1.0,0,0,0,-1,1,-1,0,0,1,-1,0,1,0,0,JazzyGuns
555,1.0,0,0,0,1,-1,1,0,0,-1,1,0,-1,1,0,JazzyGuns
556,1.0,-1,-1,-1,-1,0,0,1,0,1,0,0,0,0,0,JazzyGuns
557,1.0,0,0,-1,-1,0,0,0,0,0,1,0,1,0,0,JazzyGuns
558,1.0,1,1,1,1,0,0,0,0,0,0,-1,1,0,0,JazzyGuns
559,1.0,-1,0,0,1,0,-1,0,0,0,0,0,1,0,0,JazzyGuns
560,1.0,-1,-1,-1,0,-1,0,1,0,0,1,0,-1,1,0,JazzyGuns
561,1.0,0,0,0,-1,0,1,-1,0,-1,0,0,0,1,0,JazzyGuns
562,1.0,1,0,0,0,0,0,1,0,0,1,0,-1,1,0,JazzyGuns
563,1.0,0,0,0,-1,1,0,0,0,-1,1,0,-1,0,0,JazzyGuns
564,1.0,1,0,1,-1,0,0,-1,0,0,0,0,0,0,0,JazzyGuns
565,1.0,1,0,0,0,1,1,-1,0,-1,0,0,1,0,0,JazzyGuns
566,1.0,1,0,0,-1,0,1,0,0,0,0,0,-1,0,0,JazzyGuns
567,1.0,-1,0,0,0,0,0,-1,1,0,0,0,0,1,1,JazzyGuns
568,1.0,-1,-1,1,1,0,0,1,0,0,0,0,-1,0,0,JazzyGuns
569,1.0,0,0,0,0,0,0,0,-1,0,0,0,1,0,0,JazzyGuns
570,1.0,0,0,-1,-1,0,-1,0,0,0,1,-1,0,1,0,JazzyGuns
571,1.0,-1,0,0,0,0,-1,0,1,0,0,0,0,1,0,JazzyGuns
572,1.0,1,0,0,0,0,0,0,1,0,0,1,0,0,0,JazzyGuns
573,1.0,-1,0,0,0,0,0,0,-1,0,0,-1,0,0,0,JazzyGuns
574,1.0,0,0,0,0,0,0,0,1,0,0,0,0,0,0,JazzyGuns
575,1.0,1,0,0,0,0,1,0,0,0,0,1,-1,0,0,JazzyGuns
576,1.0,0,0,-1,-1,0,-1,0,0,0,1,-1,0,1,0,JazzyGuns
577,1.0,-1,0,0,0,0,-1,0,1,0,0,0,0,0,0,JazzyGuns
578,1.0,-1,0,0,0,0,-1,0,1,0,0,1,0,-1,0,JazzyGuns
579,1.0,-1,0,0,0,0,-1,0,0,0,0,0,0,1,0,JazzyGuns
580,1.0,0,0,0,0,0,0,0,0,0,0,0,0,0,0,JazzyGuns
581,1.0,1,0,0,0,0,0,0,1,0,0,1,0,1,0,JazzyGuns
582,1.0,0,0,0,0,0,-1,0,0,0,0,0,0,0,0,JazzyGuns
583,1.0,1,0,0,0,0,1,0,0,0,0,0,0,0,0,JazzyGuns
584,1.0,-1,0,0,0,0,-1,0,1,0,0,1,0,0,0,JazzyGuns
585,1.0,-1,0,0,0,0,-1,0,0,0,0,-1,1,0,0,JazzyGuns
586,1.0,-1,-1,-1,0,-1,0,1,0,0,1,0,-1,0,0,JazzyGuns
587,1.0,-1,0,0,0,0,0,-1,1,0,0,0,0,0,0,JazzyGuns
588,-1.0,-1,0,1,1,0,0,0,0,0,0,0,0,-1,0,JazzyGuns
589,-1.0,-1,0,1,1,0,1,0,0,-1,0,0,0,-1,0,JazzyGuns
590,-1.0,0,0,0,1,0,1,0,0,-1,1,-1,0,0,0,JazzyGuns
591,-1.0,1,0,-1,0,0,-1,0,0,0,0,0,0,0,0,JazzyGuns
592,-1.0,1,1,1,1,0,1,-1,0,-1,-1,0,0,0,0,JazzyGuns
593,-1.0,1,1,1,0,0,-1,0,0,1,-1,0,1,-1,-1,JazzyGuns
594,-1.0,-1,-1,-1,-1,0,0,0,0,0,0,1,-1,0,0,JazzyGuns
595,-1.0,0,-1,0,-1,-1,1,0,0,0,0,0,-1,0,0,JazzyGuns
596,-1.0,1,1,0,1,0,0,0,0,1,-1,0,1,0,0,JazzyGuns
597,-1.0,-1,0,0,0,0,0,-1,0,0,-1,0,1,-1,0,JazzyGuns
598,-1.0,1,0,0,0,0,0,1,0,0,1,0,-1,0,0,JazzyGuns
599,-1.0,0,0,0,1,0,-1,1,0,1,0,0,0,-1,0,JazzyGuns
600,-1.0,-1,0,0,0,0,0,-1,0,0,-1,0,1,0,0,JazzyGuns
601,-1.0,0,0,1,-1,1,0,-1,0,0,-1,0,1,-1,0,JazzyGuns
602,-1.0,-1,0,0,1,0,-1,0,0,0,0,0,1,0,0,JazzyGuns
603,-1.0,-1,0,0,0,-1,-1,1,0,1,0,0,-1,0,0,JazzyGuns
604,-1.0,-1,0,-1,1,0,0,1,0,0,0,0,0,0,0,JazzyGuns
605,-1.0,0,0,0,1,-1,0,0,0,1,-1,0,1,-1,0,JazzyGuns
606,-1.0,1,0,-1,-1,0,0,1,-1,0,0,0,0,-1,-1,JazzyGuns
607,-1.0,1,1,0,0,0,0,-1,0,0,-1,0,1,0,0,JazzyGuns
608,-1.0,0,0,0,0,0,0,-1,1,-1,0,0,0,0,0,JazzyGuns
609,-1.0,1,0,0,0,0,1,0,-1,0,0,0,0,0,0,JazzyGuns
610,-1.0,-1,0,0,0,0,0,0,0,0,0,0,0,0,0,JazzyGuns
611,-1.0,0,0,0,0,0,0,0,0,0,0,0,0,-1,0,JazzyGuns
612,-1.0,0,0,1,1,0,-1,0,-1,0,0,0,1,0,0,JazzyGuns
613,-1.0,1,0,0,0,0,1,0,0,0,-1,0,0,-1,0,JazzyGuns
614,-1.0,1,0,0,0,0,1,0,-1,0,0,0,0,1,0,JazzyGuns
615,-1.0,1,0,0,0,0,1,0,-1,0,0,-1,0,0,0,JazzyGuns
616,-1.0,0,0,0,0,0,1,0,0,0,0,0,0,-1,0,JazzyGuns
617,-1.0,-1,0,0,0,0,0,0,-1,0,0,-1,0,-1,0,JazzyGuns
618,-1.0,0,0,0,0,0,0,0,0,0,0,0,0,0,0,JazzyGuns
619,-1.0,1,0,0,0,0,1,0,-1,0,0,-1,0,0,0,JazzyGuns
620,-1.0,-1,0,0,0,0,-1,0,0,0,1,0,0,0,0,JazzyGuns
621,-1.0,0,0,1,1,0,1,0,0,0,-1,1,0,0,0,JazzyGuns
622,-1.0,0,0,0,0,0,0,1,-1,1,0,0,0,0,0,JazzyGuns
623,-1.0,1,1,0,1,0,0,-1,0,0,0,0,1,0,0,JazzyGuns
624,1.0,-1,0,1,0,1,0,0,0,0,-1,0,1,-1,0,JohnWolfe
625,1.0,-1,-1,-1,-1,0,0,1,0,1,0,0,0,1,0,JohnWolfe
626,1.0,1,1,1,1,0,1,-1,0,-1,-1,0,0,0,0,JohnWolfe
627,1.0,0,0,1,1,0,0,0,0,0,0,0,-1,-1,0,JohnWolfe
628,1.0,1,0,0,1,0,0,1,0,0,0,0,0,0,0,JohnWolfe
629,1.0,0,0,1,1,0,1,-1,0,-1,1,0,0,1,1,JohnWolfe
630,1.0,-1,0,0,0,0,0,-1,0,0,-1,0,1,0,0,JohnWolfe
631,1.0,1,0,-1,1,0,1,0,0,0,-1,0,1,0,0,JohnWolfe
632,1.0,0,0,1,-1,-1,-1,0,0,1,0,0,-1,0,0,JohnWolfe
633,1.0,-1,0,1,-1,0,-1,0,0,0,1,0,-1,1,0,JohnWolfe
634,1.0,1,1,1,1,0,0,0,0,0,0,-1,1,0,0,JohnWolfe
635,1.0,-1,0,0,0,0,0,-1,1,0,0,0,0,1,1,JohnWolfe
636,1.0,-1,-1,1,1,0,0,1,0,0,0,0,-1,0,0,JohnWolfe
637,1.0,0,0,0,0,0,0,0,-1,0,0,0,1,0,0,JohnWolfe
638,1.0,0,0,-1,-1,0,-1,0,0,0,1,-1,0,1,0,JohnWolfe
639,1.0,1,0,0,0,0,1,0,0,0,-1,0,0,-1,0,JohnWolfe
640,1.0,-1,0,0,0,0,-1,0,1,0,0,1,0,-1,0,JohnWolfe
641,1.0,1,0,0,0,0,-1,0,1,0,0,1,0,0,0,JohnWolfe
642,1.0,0,0,0,0,0,-1,0,1,0,0,1,0,0,0,JohnWolfe
643,1.0,0,0,0,0,0,0,0,0,0,0,0,0,0,0,JohnWolfe
644,1.0,1,0,0,0,0,0,0,1,0,0,1,0,0,0,JohnWolfe
645,1.0,0,0,0,0,0,0,0,0,0,0,0,0,0,0,JohnWolfe
646,1.0,1,0,0,0,0,1,0,0,0,0,0,0,0,0,JohnWolfe
647,1.0,0,0,1,1,0,1,0,0,0,-1,1,0,0,0,JohnWolfe
648,1.0,-1,0,0,0,0,-1,0,0,0,0,-1,1,0,0,JohnWolfe
649,1.0,0,0,0,0,0,0,0,1,0,0,0,-1,0,0,JohnWolfe
650,1.0,1,1,0,1,0,0,-1,0,0,0,0,1,0,0,JohnWolfe
651,1.0,0,0,-1,-1,0,-1,0,0,0,1,-1,0,1,0,JohnWolfe
652,-1.0,0,0,0,1,-1,1,0,0,-1,1,0,-1,1,0,JohnWolfe
653,-1.0,1,0,-1,0,0,-1,0,0,0,0,0,0,0,0,JohnWolfe
654,-1.0,-1,0,1,0,0,1,0,0,0,0,0,0,-1,0,JohnWolfe
655,-1.0,1,0,-1,0,0,-1,0,0,0,0,0,0,0,0,JohnWolfe
656,-1.0,0,0,-1,-1,0,0,0,0,0,1,0,1,0,0,JohnWolfe
657,-1.0,0,0,-1,-1,0,-1,1,0,1,-1,0,0,0,0,JohnWolfe
658,-1.0,-1,0,0,-1,0,0,-1,0,0,0,0,0,0,0,JohnWolfe
659,-1.0,1,1,1,0,0,-1,0,0,1,-1,0,1,-1,-1,JohnWolfe
660,-1.0,0,0,1,-1,1,0,-1,0,0,-1,0,1,-1,0,JohnWolfe
661,-1.0,0,0,-1,1,-1,0,1,0,0,1,0,-1,0,0,JohnWolfe
662,-1.0,0,0,1,-1,1,0,0,0,-1,1,0,-1,0,0,JohnWolfe
663,-1.0,0,0,-1,1,1,1,0,0,-1,0,0,1,0,0,JohnWolfe
664,-1.0,0,0,0,1,-1,0,0,0,1,-1,0,1,-1,0,JohnWolfe
665,-1.0,1,1,0,0,1,0,0,0,0,0,0,0,0,0,JohnWolfe
666,-1.0,-1,-1,-1,-1,0,0,0,0,0,0,1,-1,0,0,JohnWolfe
667,-1.0,1,1,-1,1,-1,0,0,0,0,1,0,0,0,0,JohnWolfe
668,-1.0,1,0,-1,-1,0,0,1,-1,0,0,0,0,-1,-1,JohnWolfe
669,-1.0,0,0,0,0,0,0,-1,1,-1,0,0,0,0,0,JohnWolfe
670,-1.0,1,0,0,0,0,1,0,0,0,0,1,-1,0,0,JohnWolfe
671,-1.0,-1,0,0,0,0,-1,0,1,0,0,0,0,1,0,JohnWolfe
672,-1.0,1,0,0,0,0,1,0,-1,0,0,0,0,-1,0,JohnWolfe
673,-1.0,-1,0,0,0,0,-1,0,0,0,0,0,0,-1,0,JohnWolfe
674,-1.0,-1,0,0,0,0,1,0,-1,0,0,-1,0,0,0,JohnWolfe
675,-1.0,-1,0,0,0,0,0,0,-1,0,0,-1,0,1,0,JohnWolfe
676,-1.0,0,0,0,0,0,0,0,1,0,0,0,0,0,0,JohnWolfe
677,-1.0,0,0,0,0,0,0,0,-1,0,0,0,0,-1,0,JohnWolfe
678,-1.0,0,0,0,0,0,-1,0,0,0,0,0,0,0,0,JohnWolfe
679,-1.0,0,0,0,0,0,0,1,-1,1,0,0,0,0,0,JohnWolfe
680,1.0,1,0,-1,-1,0,-1,0,0,1,0,0,0,1,0,LayItDownGaming
681,1.0,0,0,0,-1,0,-1,0,0,1,-1,1,0,0,0,LayItDownGaming
682,1.0,0,0,0,1,0,1,0,0,-1,1,-1,0,1,0,LayItDownGaming
683,1.0,-1,-1,-1,-1,0,0,1,0,1,0,0,0,1,0,LayItDownGaming
684,1.0,1,1,1,1,0,1,-1,0,-1,-1,0,0,-1,0,LayItDownGaming
685,1.0,-1,0,0,-1,0,0,-1,0,0,0,0,0,0,0,LayItDownGaming
686,1.0,0,0,1,1,0,1,-1,0,-1,1,0,0,1,1,LayItDownGaming
687,1.0,1,1,1,1,0,0,0,0,0,0,-1,1,1,0,LayItDownGaming
688,1.0,1,1,1,0,1,0,-1,0,0,-1,0,1,-1,0,LayItDownGaming
689,1.0,-1,0,0,0,0,0,-1,0,0,-1,0,1,0,0,LayItDownGaming
690,1.0,0,0,0,-1,0,1,-1,0,-1,0,0,0,1,0,LayItDownGaming
691,1.0,0,0,1,-1,1,0,-1,0,0,-1,0,1,-1,0,LayItDownGaming
692,1.0,0,0,1,-1,1,0,-1,0,0,-1,0,1,0,0,LayItDownGaming
693,1.0,-1,0,-1,-1,0,0,-1,0,0,-1,0,0,0,0,LayItDownGaming
694,1.0,0,0,0,-1,0,1,-1,0,-1,0,0,0,0,0,LayItDownGaming
695,1.0,1,0,1,0,0,0,0,0,1,-1,0,0,0,0,LayItDownGaming
696,1.0,-1,0,0,1,0,-1,0,0,0,0,0,1,1,0,LayItDownGaming
697,1.0,0,0,0,-1,1,0,0,0,-1,1,0,-1,-1,0,LayItDownGaming
698,1.0,1,0,1,-1,0,0,-1,0,0,0,0,0,0,0,LayItDownGaming
699,1.0,1,0,0,0,1,1,-1,0,-1,0,0,1,0,0,LayItDownGaming
700,1.0,-1,0,1,-1,0,-1,0,0,0,1,0,-1,1,0,LayItDownGaming
701,1.0,1,0,0,-1,0,1,0,0,0,0,0,-1,0,0,LayItDownGaming
702,1.0,-1,0,0,0,0,0,-1,1,0,0,0,0,1,1,LayItDownGaming
703,1.0,-1,-1,0,0,0,0,1,0,0,0,1,-1,-1,0,LayItDownGaming
704,1.0,-1,-1,1,1,0,0,1,0,0,0,0,-1,-1,0,LayItDownGaming
705,1.0,0,0,-1,-1,0,-1,0,0,0,1,-1,0,1,0,LayItDownGaming
706,1.0,1,0,0,0,0,1,0,0,0,-1,0,0,-1,0,LayItDownGaming
707,1.0,-1,0,0,0,0,-1,0,1,0,0,1,0,1,0,LayItDownGaming
708,1.0,1,0,0,0,0,1,0,0,0,0,0,0,0,0,LayItDownGaming
709,1.0,-1,0,0,0,0,-1,0,1,0,0,1,0,0,0,LayItDownGaming
710,1.0,-1,0,0,0,0,-1,0,0,0,0,0,0,0,0,LayItDownGaming
711,1.0,1,0,0,0,0,-1,0,1,0,0,1,0,0,0,LayItDownGaming
712,1.0,0,0,0,0,0,-1,0,1,0,0,1,0,0,0,LayItDownGaming
713,1.0,0,0,0,0,0,0,0,0,0,0,0,0,0,0,LayItDownGaming
714,1.0,1,0,0,0,0,0,0,1,0,0,1,0,1,0,LayItDownGaming
715,1.0,0,0,0,0,0,0,0,1,0,0,0,0,1,0,LayItDownGaming
716,1.0,1,0,0,0,0,0,0,1,0,0,0,0,0,0,LayItDownGaming
717,1.0,1,0,0,0,0,1,0,0,0,0,0,0,0,0,LayItDownGaming
718,1.0,-1,0,0,0,0,-1,0,0,0,0,0,1,0,0,LayItDownGaming
719,1.0,0,0,0,0,0,0,1,-1,1,0,0,0,0,0,LayItDownGaming
720,1.0,1,1,0,1,0,0,-1,0,0,0,0,1,0,0,LayItDownGaming
721,-1.0,-1,0,1,1,0,0,0,0,0,0,0,0,-1,0,LayItDownGaming
722,-1.0,-1,0,1,1,0,1,0,0,-1,0,0,0,-1,0,LayItDownGaming
723,-1.0,1,0,-1,0,0,-1,0,0,0,0,0,0,0,0,LayItDownGaming
724,-1.0,0,0,-1,-1,0,0,0,0,0,1,0,1,0,0,LayItDownGaming
725,-1.0,0,0,-1,-1,0,-1,1,0,1,-1,0,0,0,0,LayItDownGaming
726,-1.0,1,1,1,0,0,-1,0,0,1,-1,0,1,-1,-1,LayItDownGaming
727,-1.0,-1,-1,-1,-1,0,0,0,0,0,0,1,-1,0,0,LayItDownGaming
728,-1.0,-1,-1,-1,0,-1,0,1,0,0,1,0,-1,0,0,LayItDownGaming
729,-1.0,-1,-1,-1,0,-1,0,1,0,0,1,0,-1,0,0,LayItDownGaming
730,-1.0,1,0,0,0,0,0,1,0,0,1,0,-1,0,0,LayItDownGaming
731,-1.0,0,0,0,1,0,-1,1,0,1,0,0,0,0,0,LayItDownGaming
732,-1.0,0,0,-1,1,-1,0,1,0,0,1,0,-1,0,0,LayItDownGaming
733,-1.0,0,0,-1,1,-1,0,1,0,0,1,0,-1,0,0,LayItDownGaming
734,-1.0,1,0,1,1,0,0,1,0,0,1,0,0,0,0,LayItDownGaming
735,-1.0,1,0,-1,1,0,1,0,0,0,-1,0,1,0,0,LayItDownGaming
736,-1.0,-1,0,0,0,-1,-1,1,0,1,0,0,-1,0,0,LayItDownGaming
737,-1.0,-1,0,-1,1,0,0,1,0,0,0,0,0,0,0,LayItDownGaming
738,-1.0,0,0,0,1,-1,0,0,0,1,-1,0,1,-1,0,LayItDownGaming
739,-1.0,-1,-1,-1,0,-1,0,1,0,0,1,0,-1,0,0,LayItDownGaming
740,-1.0,1,0,-1,-1,0,0,1,-1,0,0,0,0,-1,-1,LayItDownGaming
741,-1.0,1,1,0,0,0,0,-1,0,0,-1,0,1,1,0,LayItDownGaming
742,-1.0,1,1,0,0,0,0,-1,0,0,0,-1,1,1,0,LayItDownGaming
743,-1.0,0,0,0,0,0,0,-1,1,-1,0,0,0,0,0,LayItDownGaming
744,-1.0,1,0,0,0,0,1,0,0,0,0,1,-1,0,0,LayItDownGaming
745,-1.0,1,0,0,0,0,1,0,-1,0,0,0,0,-1,0,LayItDownGaming
746,-1.0,0,0,0,0,0,0,0,-1,0,0,-1,0,-1,0,LayItDownGaming
747,-1.0,1,0,0,0,0,1,0,-1,0,0,-1,0,0,0,LayItDownGaming
748,-1.0,0,0,0,0,0,1,0,0,0,0,0,0,0,0,LayItDownGaming
749,-1.0,-1,0,0,0,0,1,0,-1,0,0,-1,0,0,0,LayItDownGaming
750,-1.0,0,0,0,0,0,1,0,-1,0,0,-1,0,0,0,LayItDownGaming
751,-1.0,-1,0,0,0,0,0,0,-1,0,0,-1,0,-1,0,LayItDownGaming
752,-1.0,0,0,0,0,0,0,0,-1,0,0,0,0,-1,0,LayItDownGaming
753,-1.0,-1,0,0,0,0,0,0,-1,0,0,0,0,0,0,LayItDownGaming
754,-1.0,0,0,0,0,0,0,0,0,0,0,0,0,1,0,LayItDownGaming
755,-1.0,0,0,0,0,0,-1,0,0,0,0,0,0,-1,0,LayItDownGaming
756,-1.0,-1,0,0,0,0,-1,0,0,0,1,0,0,0,0,LayItDownGaming
757,-1.0,0,0,0,0,0,0,0,1,0,0,0,-1,0,0,LayItDownGaming
758,-1.0,-1,-1,-1,0,-1,0,1,0,0,1,0,-1,0,0,LayItDownGaming
759,-1.0,-1,0,0,0,0,0,-1,1,0,0,0,0,0,0,LayItDownGaming
760,-1.0,0,0,0,0,0,0,-1,1,-1,0,0,0,0,0,LayItDownGaming
761,-1.0,1,0,0,0,0,1,0,-1,0,0,0,0,-1,0,LayItDownGaming
762,1.0,1,0,-1,-1,0,-1,0,0,1,0,0,0,1,0,LiteWeightGaming
763,1.0,0,0,0,-1,0,-1,0,0,1,-1,1,0,0,0,LiteWeightGaming
764,1.0,0,0,0,1,0,1,0,0,-1,1,-1,0,0,0,LiteWeightGaming
765,1.0,0,0,0,-1,1,-1,0,0,1,-1,0,1,0,0,LiteWeightGaming
766,1.0,1,0,-1,0,0,-1,0,0,0,0,0,0,0,0,LiteWeightGaming
767,1.0,1,0,-1,0,0,-1,0,0,0,0,0,0,0,0,LiteWeightGaming
768,1.0,-1,-1,-1,-1,0,0,1,0,1,0,0,0,1,0,LiteWeightGaming
769,1.0,1,1,1,1,0,1,-1,0,-1,-1,0,0,0,0,LiteWeightGaming
770,1.0,0,0,1,1,0,0,0,0,0,0,0,-1,0,0,LiteWeightGaming
771,1.0,0,0,1,1,0,1,-1,0,-1,1,0,0,1,1,LiteWeightGaming
772,1.0,0,-1,0,-1,-1,1,0,0,0,0,0,-1,0,0,LiteWeightGaming
773,1.0,1,0,0,-1,0,1,0,0,0,0,0,-1,0,0,LiteWeightGaming
774,1.0,0,1,0,1,1,-1,0,0,0,0,0,1,0,0,LiteWeightGaming
775,1.0,-1,-1,-1,0,-1,0,1,0,0,1,0,-1,1,0,LiteWeightGaming
776,1.0,0,0,0,1,0,-1,1,0,1,0,0,0,0,0,LiteWeightGaming
777,1.0,0,0,-1,1,-1,0,1,0,0,1,0,-1,1,0,LiteWeightGaming
778,1.0,0,0,0,-1,0,1,-1,0,-1,0,0,0,1,0,LiteWeightGaming
779,1.0,1,1,0,1,0,0,-1,0,0,0,0,1,1,0,LiteWeightGaming
780,1.0,0,0,0,-1,1,0,0,0,-1,1,0,-1,0,0,LiteWeightGaming
781,1.0,1,0,1,-1,0,0,-1,0,0,0,0,0,0,0,LiteWeightGaming
782,1.0,1,0,0,0,1,1,-1,0,-1,0,0,1,0,0,LiteWeightGaming
783,1.0,-1,0,1,-1,0,-1,0,0,0,1,0,-1,1,0,LiteWeightGaming
784,1.0,1,0,0,-1,0,1,0,0,0,0,0,-1,0,0,LiteWeightGaming
785,1.0,-1,-1,-1,0,-1,0,1,0,0,1,0,-1,0,0,LiteWeightGaming
786,1.0,-1,0,0,0,0,0,-1,1,0,0,0,0,1,1,LiteWeightGaming
787,1.0,-1,-1,1,1,0,0,1,0,0,0,0,-1,0,0,LiteWeightGaming
788,1.0,0,0,0,0,0,0,0,-1,0,0,0,1,1,0,LiteWeightGaming
789,1.0,0,0,-1,-1,0,-1,0,0,0,1,-1,0,1,0,LiteWeightGaming
790,1.0,1,0,0,0,0,1,0,0,0,-1,0,0,0,0,LiteWeightGaming
791,1.0,0,0,0,0,0,-1,0,1,0,0,1,0,1,0,LiteWeightGaming
792,1.0,0,0,0,0,0,0,0,1,0,0,0,0,0,0,LiteWeightGaming
793,1.0,1,0,0,0,0,1,0,0,0,0,0,0,0,0,LiteWeightGaming
794,1.0,-1,0,0,0,0,-1,0,1,0,0,1,0,0,0,LiteWeightGaming
795,1.0,-1,0,0,0,0,-1,0,0,0,1,0,0,0,0,LiteWeightGaming
796,1.0,-1,0,0,0,0,-1,0,0,0,0,-1,1,1,0,LiteWeightGaming
797,1.0,1,0,0,0,0,1,0,0,0,-1,0,0,1,0,LiteWeightGaming
798,1.0,-1,0,0,0,0,-1,0,0,0,1,0,0,0,0,LiteWeightGaming
799,1.0,-1,0,0,0,0,-1,0,1,0,0,0,0,-1,0,LiteWeightGaming
800,1.0,0,0,1,1,0,1,0,0,0,-1,1,0,0,0,LiteWeightGaming
801,1.0,0,0,0,0,0,0,1,-1,1,0,0,0,0,0,LiteWeightGaming
802,1.0,-1,-1,-1,0,-1,0,1,0,0,1,0,-1,0,0,LiteWeightGaming
803,1.0,-1,0,1,-1,0,-1,0,0,0,1,0,-1,1,0,LiteWeightGaming
804,1.0,0,0,1,1,0,1,0,0,0,-1,1,0,0,0,LiteWeightGaming
805,1.0,-1,0,0,0,0,-1,0,0,0,0,-1,1,1,0,LiteWeightGaming
806,1.0,0,0,0,0,0,0,1,-1,1,0,0,0,0,0,LiteWeightGaming
807,1.0,0,0,0,0,0,0,1,-1,1,0,0,0,0,0,LiteWeightGaming
808,1.0,0,0,1,1,0,1,-1,0,-1,1,0,0,1,1,LiteWeightGaming
809,-1.0,-1,0,1,1,0,0,0,0,0,0,0,0,-1,0,LiteWeightGaming
810,-1.0,-1,0,1,1,0,1,0,0,-1,0,0,0,-1,0,LiteWeightGaming
811,-1.0,0,0,0,1,-1,1,0,0,-1,1,0,-1,1,0,LiteWeightGaming
812,-1.0,-1,0,1,0,0,1,0,0,0,0,0,0,-1,0,LiteWeightGaming
813,-1.0,0,0,-1,-1,0,0,0,0,0,1,0,1,0,0,LiteWeightGaming
814,-1.0,0,0,-1,-1,0,-1,1,0,1,-1,0,0,-1,0,LiteWeightGaming
815,-1.0,-1,0,0,-1,0,0,-1,0,0,0,0,0,0,0,LiteWeightGaming
816,-1.0,1,0,0,1,0,0,1,0,0,0,0,0,0,0,LiteWeightGaming
817,-1.0,1,1,1,0,0,-1,0,0,1,-1,0,1,-1,-1,LiteWeightGaming
818,-1.0,0,0,0,-1,1,0,0,0,-1,1,0,-1,0,0,LiteWeightGaming
819,-1.0,0,0,0,1,-1,0,0,0,1,-1,0,1,0,0,LiteWeightGaming
820,-1.0,0,0,0,-1,0,1,-1,0,-1,0,0,0,-1,0,LiteWeightGaming
821,-1.0,0,0,1,-1,1,0,-1,0,0,-1,0,1,0,0,LiteWeightGaming
822,-1.0,-1,0,-1,-1,0,0,-1,0,0,-1,1,0,-1,0,LiteWeightGaming
823,-1.0,1,0,1,1,0,0,1,0,0,1,-1,0,0,0,LiteWeightGaming
824,-1.0,0,0,0,1,0,-1,1,0,1,0,0,0,-1,0,LiteWeightGaming
825,-1.0,1,1,1,0,1,0,-1,0,0,-1,0,1,0,0,LiteWeightGaming
826,-1.0,0,-1,0,-1,-1,1,0,0,0,0,0,-1,-1,0,LiteWeightGaming
827,-1.0,-1,0,0,1,0,-1,0,0,0,0,0,1,0,0,LiteWeightGaming
828,-1.0,1,0,-1,1,0,1,0,0,0,-1,0,1,0,0,LiteWeightGaming
829,-1.0,-1,0,0,0,-1,-1,1,0,1,0,0,-1,0,0,LiteWeightGaming
830,-1.0,-1,0,-1,1,0,0,1,0,0,0,0,0,0,0,LiteWeightGaming
831,-1.0,0,0,0,1,-1,0,0,0,1,-1,0,1,-1,0,LiteWeightGaming
832,-1.0,0,1,0,1,1,-1,0,0,0,0,0,1,0,0,LiteWeightGaming
833,-1.0,1,0,-1,-1,0,0,1,-1,0,0,0,0,-1,-1,LiteWeightGaming
834,-1.0,0,0,0,0,0,0,-1,1,-1,0,0,0,0,0,LiteWeightGaming
835,-1.0,1,0,0,0,0,1,0,0,0,0,1,-1,-1,0,LiteWeightGaming
836,-1.0,1,0,0,0,0,1,0,-1,0,0,0,0,-1,0,LiteWeightGaming
837,-1.0,-1,0,0,0,0,-1,0,0,0,0,0,0,-1,0,LiteWeightGaming
838,-1.0,0,0,0,0,0,1,0,0,0,0,0,0,0,0,LiteWeightGaming
839,-1.0,0,0,0,0,0,1,0,-1,0,0,-1,0,0,0,LiteWeightGaming
840,-1.0,0,0,0,0,0,0,0,0,0,0,0,0,-1,0,LiteWeightGaming
841,-1.0,0,0,0,0,0,0,0,-1,0,0,0,0,0,0,LiteWeightGaming
842,-1.0,1,0,0,0,0,0,0,1,0,0,1,0,1,0,LiteWeightGaming
843,-1.0,0,0,0,0,0,0,0,0,0,0,0,0,0,0,LiteWeightGaming
844,-1.0,0,0,0,0,0,-1,0,0,0,0,0,0,-1,0,LiteWeightGaming
845,-1.0,1,0,0,0,0,1,0,-1,0,0,-1,0,0,0,LiteWeightGaming
846,-1.0,0,0,1,1,0,1,0,0,0,-1,1,0,0,0,LiteWeightGaming
847,-1.0,1,0,0,0,0,1,0,0,0,0,1,-1,-1,0,LiteWeightGaming
848,-1.0,0,0,-1,-1,0,-1,0,0,0,1,-1,0,0,0,LiteWeightGaming
849,-1.0,1,0,0,0,0,1,0,0,0,-1,0,0,0,0,LiteWeightGaming
850,-1.0,1,0,0,0,0,1,0,-1,0,0,0,0,0,0,LiteWeightGaming
851,-1.0,-1,0,0,0,0,-1,0,0,0,1,0,0,0,0,LiteWeightGaming
852,-1.0,-1,0,0,0,0,-1,0,0,0,0,-1,1,0,0,LiteWeightGaming
853,-1.0,0,0,0,0,0,0,0,1,0,0,0,-1,0,0,LiteWeightGaming
854,-1.0,1,1,0,1,0,0,-1,0,0,0,0,1,0,0,LiteWeightGaming
855,-1.0,-1,0,0,0,0,0,-1,1,0,0,0,0,0,0,LiteWeightGaming
856,1.0,0,0,0,1,0,1,0,0,-1,1,-1,0,0,0,Markiplier
857,1.0,0,0,0,-1,1,-1,0,0,1,-1,0,1,0,0,Markiplier
858,1.0,1,0,-1,0,0,-1,0,0,0,0,0,0,0,0,Markiplier
859,1.0,0,0,-1,-1,0,0,0,0,0,1,0,1,0,0,Markiplier
860,1.0,0,-1,0,-1,-1,1,0,0,0,0,0,-1,0,0,Markiplier
861,1.0,0,1,0,1,1,-1,0,0,0,0,0,1,0,0,Markiplier
862,1.0,-1,0,-1,1,0,-1,1,0,0,0,1,0,1,0,Markiplier
863,1.0,-1,0,1,-1,1,0,-1,0,-1,1,-1,0,-1,0,Markiplier
864,1.0,-1,0,1,-1,0,-1,0,0,0,1,0,-1,1,0,Markiplier
865,1.0,1,0,0,-1,0,1,0,0,0,0,0,-1,0,0,Markiplier
866,1.0,0,1,0,1,1,-1,0,0,0,0,0,1,1,0,Markiplier
867,1.0,-1,-1,-1,0,-1,0,1,0,0,1,0,-1,0,0,Markiplier
868,1.0,0,0,0,-1,0,1,-1,0,-1,0,0,0,1,0,Markiplier
869,1.0,-1,0,-1,-1,0,0,-1,0,0,-1,1,0,0,0,Markiplier
870,1.0,-1,0,0,0,0,0,-1,1,0,0,0,0,1,1,Markiplier
871,1.0,0,0,0,0,0,0,-1,0,0,-1,0,1,0,0,Markiplier
872,1.0,0,0,0,0,0,0,1,0,0,1,0,-1,0,0,Markiplier
873,1.0,1,0,0,0,0,0,1,-1,0,0,0,0,0,0,Markiplier
874,1.0,0,0,1,1,0,0,0,-1,0,0,0,1,1,0,Markiplier
875,1.0,-1,0,0,0,0,-1,0,1,0,0,0,0,0,0,Markiplier
876,1.0,-1,0,0,0,0,-1,0,1,0,0,1,0,0,0,Markiplier
877,1.0,1,0,0,0,0,1,0,0,0,0,0,0,-1,0,Markiplier
878,1.0,1,0,0,0,0,-1,0,1,0,0,1,0,1,0,Markiplier
879,1.0,1,0,0,0,0,1,0,0,0,0,0,0,0,0,Markiplier
880,1.0,0,0,0,0,0,1,0,0,0,-1,1,0,0,0,Markiplier
881,1.0,0,0,1,1,0,0,0,-1,0,0,0,1,0,0,Markiplier
882,1.0,0,0,0,0,0,-1,0,0,0,1,-1,0,1,0,Markiplier
883,1.0,0,0,-1,-1,0,0,0,1,0,0,0,-1,0,0,Markiplier
884,1.0,0,0,1,1,0,0,0,-1,0,0,0,1,0,0,Markiplier
885,1.0,0,0,0,0,0,-1,0,0,0,1,-1,0,1,0,Markiplier
886,1.0,-1,0,0,0,0,-1,0,0,0,0,0,0,0,0,Markiplier
887,1.0,0,0,0,0,0,1,0,0,0,0,0,0,0,0,Markiplier
888,1.0,0,0,0,0,0,0,0,0,0,0,0,0,0,0,Markiplier
889,1.0,0,0,0,0,0,0,0,-1,0,0,0,0,1,0,Markiplier
890,1.0,0,0,0,0,0,0,0,1,0,0,0,0,-1,0,Markiplier
891,1.0,1,0,0,0,0,1,0,0,0,0,0,0,1,0,Markiplier
892,1.0,-1,0,0,0,0,-1,0,0,0,0,-1,1,0,0,Markiplier
893,1.0,0,0,0,0,0,0,0,1,0,0,0,-1,0,0,Markiplier
894,1.0,0,0,0,0,0,0,1,-1,1,0,0,0,0,0,Markiplier
895,1.0,-1,-1,-1,0,-1,0,1,0,0,1,0,-1,0,0,Markiplier
896,1.0,-1,0,0,0,0,0,-1,1,0,0,0,0,0,0,Markiplier
897,-1.0,-1,0,1,1,0,0,0,0,0,0,0,0,-1,0,Markiplier
898,-1.0,-1,0,1,1,0,1,0,0,-1,0,0,0,-1,0,Markiplier
899,-1.0,0,0,0,1,-1,1,0,0,-1,1,0,-1,1,0,Markiplier
900,-1.0,-1,0,1,0,0,1,0,0,0,0,0,0,-1,0,Markiplier
901,-1.0,-1,-1,-1,-1,0,0,1,0,1,0,0,0,1,0,Markiplier
902,-1.0,1,1,1,0,0,-1,0,0,1,-1,0,1,-1,-1,Markiplier
903,-1.0,0,-1,0,-1,-1,1,0,0,0,0,0,-1,0,0,Markiplier
904,-1.0,1,0,-1,1,0,1,0,0,0,-1,0,1,0,0,Markiplier
905,-1.0,1,0,1,-1,0,0,-1,0,0,0,0,0,0,0,Markiplier
906,-1.0,0,0,0,1,-1,0,0,0,1,-1,0,1,-1,0,Markiplier
907,-1.0,-1,-1,-1,0,-1,0,1,0,0,1,0,-1,0,0,Markiplier
908,-1.0,1,1,1,0,1,0,-1,0,0,-1,0,1,-1,0,Markiplier
909,-1.0,0,0,0,1,0,-1,1,0,1,0,0,0,-1,0,Markiplier
910,-1.0,1,0,1,1,0,0,1,0,0,1,-1,0,0,0,Markiplier
911,-1.0,1,0,-1,-1,0,0,1,-1,0,0,0,0,-1,-1,Markiplier
912,-1.0,-1,0,0,0,0,0,-1,1,0,0,0,0,0,0,Markiplier
913,-1.0,-1,-1,0,0,0,0,0,0,0,-1,0,0,0,0,Markiplier
914,-1.0,0,0,0,0,0,0,-1,1,-1,0,0,0,0,0,Markiplier
915,-1.0,-1,0,0,0,0,-1,0,1,0,0,0,0,-1,0,Markiplier
916,-1.0,0,0,0,0,0,0,0,-1,0,0,-1,0,1,0,Markiplier
917,-1.0,-1,0,0,0,0,-1,0,0,0,0,0,0,1,0,Markiplier
918,-1.0,-1,0,0,0,0,-1,0,0,0,0,0,0,0,0,Markiplier
919,-1.0,-1,0,0,0,0,1,0,-1,0,0,-1,0,-1,0,Markiplier
920,-1.0,0,0,0,0,0,-1,0,0,0,0,0,0,0,0,Markiplier
921,-1.0,-1,0,1,1,0,-1,0,0,0,0,-1,1,0,0,Markiplier
922,-1.0,0,0,0,0,0,1,0,0,0,-1,1,0,-1,0,Markiplier
923,-1.0,-1,0,1,1,0,-1,0,0,0,0,-1,1,0,0,Markiplier
924,-1.0,1,0,-1,-1,0,1,0,0,0,0,1,-1,0,0,Markiplier
925,-1.0,1,0,0,0,0,1,0,0,0,-1,0,0,-1,0,Markiplier
926,-1.0,0,0,0,0,0,-1,0,1,0,0,1,0,0,0,Markiplier
927,-1.0,0,0,0,0,0,1,0,-1,0,0,-1,0,0,0,Markiplier
928,-1.0,1,0,0,0,0,0,0,1,0,0,1,0,0,0,Markiplier
929,-1.0,0,0,0,0,0,0,0,1,0,0,0,0,0,0,Markiplier
930,-1.0,0,0,0,0,0,0,0,-1,0,0,0,0,0,0,Markiplier
931,-1.0,0,0,0,0,0,-1,0,0,0,0,0,0,0,0,Markiplier
932,-1.0,-1,0,0,0,0,-1,0,0,0,1,0,0,-1,0,Markiplier
933,-1.0,0,0,1,1,0,1,0,0,0,-1,1,0,0,0,Markiplier
934,-1.0,1,1,0,1,0,0,-1,0,0,0,0,1,0,0,Markiplier
935,-1.0,1,1,1,0,0,-1,0,0,1,-1,0,1,-1,-1,Markiplier
936,-1.0,-1,-1,0,0,0,0,0,0,0,-1,0,0,0,0,Markiplier
937,-1.0,1,0,0,0,0,0,0,1,0,0,1,0,0,0,Markiplier
938,1.0,0,0,0,1,0,1,0,0,-1,1,-1,0,0,0,Marz
939,1.0,0,0,0,-1,1,-1,0,0,1,-1,0,1,0,0,Marz
940,1.0,1,0,-1,0,0,-1,0,0,0,0,0,0,0,0,Marz
941,1.0,-1,-1,-1,-1,0,0,1,0,1,0,0,0,1,0,Marz
942,1.0,1,1,1,1,0,1,-1,0,-1,-1,0,0,0,0,Marz
943,1.0,-1,0,0,-1,0,0,-1,0,0,0,0,0,0,0,Marz
944,1.0,0,0,1,1,0,1,-1,0,-1,1,0,0,1,1,Marz
945,1.0,-1,0,-1,1,0,-1,1,0,0,0,1,0,1,0,Marz
946,1.0,0,1,0,1,1,-1,0,0,0,0,0,1,1,0,Marz
947,1.0,1,1,1,0,1,0,-1,0,0,-1,0,1,-1,0,Marz
948,1.0,-1,-1,-1,0,-1,0,1,0,0,1,0,-1,0,0,Marz
949,1.0,-1,0,0,0,0,0,-1,0,0,-1,0,1,0,0,Marz
950,1.0,0,0,0,-1,0,1,-1,0,-1,0,0,0,1,0,Marz
951,1.0,0,0,1,-1,1,0,-1,0,0,-1,0,1,0,0,Marz
952,1.0,0,0,-1,1,-1,0,1,0,0,1,0,-1,1,0,Marz
953,1.0,-1,0,-1,1,0,-1,1,0,0,0,1,0,0,0,Marz
954,1.0,1,0,1,-1,0,0,-1,0,0,0,0,0,0,0,Marz
955,1.0,-1,0,0,0,-1,-1,1,0,1,0,0,-1,1,0,Marz
956,1.0,1,0,0,-1,0,1,0,0,0,0,0,-1,0,0,Marz
957,1.0,-1,0,0,0,0,0,-1,1,0,0,0,0,1,1,Marz
958,1.0,0,0,0,0,0,0,-1,1,-1,0,0,0,0,0,Marz
959,1.0,0,0,1,1,0,0,0,-1,0,0,0,1,1,0,Marz
960,1.0,1,0,0,0,0,1,0,0,0,-1,0,0,0,0,Marz
961,1.0,-1,0,0,0,0,-1,0,1,0,0,1,0,1,0,Marz
962,1.0,0,0,0,0,0,1,0,0,0,0,0,0,0,0,Marz
963,1.0,1,0,0,0,0,1,0,0,0,0,0,0,0,0,Marz
964,1.0,0,0,0,0,0,1,0,0,0,0,0,0,-1,0,Marz
965,1.0,1,0,0,0,0,1,0,0,0,0,0,0,0,0,Marz
966,1.0,1,0,0,0,0,1,0,0,0,0,1,-1,0,0,Marz
967,1.0,-1,0,0,0,0,-1,0,0,0,1,0,0,-1,0,Marz
968,1.0,0,0,0,0,0,1,0,0,0,0,0,0,0,0,Marz
969,1.0,0,0,0,0,0,1,0,-1,0,0,-1,0,0,0,Marz
970,1.0,0,0,0,0,0,0,0,1,0,0,0,0,0,0,Marz
971,1.0,1,0,0,0,0,0,0,0,0,0,1,0,1,0,Marz
972,1.0,0,0,0,0,0,0,0,0,0,0,0,0,0,0,Marz
973,1.0,1,0,0,0,0,1,0,0,0,0,0,0,0,0,Marz
974,1.0,-1,0,0,0,0,-1,0,1,0,0,1,0,1,0,Marz
975,1.0,1,0,0,0,0,1,0,-1,0,0,-1,0,-1,0,Marz
976,1.0,-1,0,0,0,0,-1,0,0,0,0,-1,1,-1,0,Marz
977,1.0,0,0,0,0,0,0,1,-1,1,0,0,0,0,0,Marz
978,1.0,0,0,1,-1,1,0,-1,0,0,-1,0,1,0,0,Marz
979,1.0,-1,0,-1,1,0,-1,1,0,0,0,1,0,0,0,Marz
980,1.0,0,0,0,0,0,1,0,0,0,0,0,0,0,0,Marz
981,1.0,0,0,0,0,0,1,0,-1,0,0,-1,0,0,0,Marz
982,-1.0,0,0,0,0,0,0,0,0,0,0,0,0,-1,0,Marz
983,-1.0,0,0,0,-1,0,-1,0,0,1,-1,1,0,0,0,Marz
984,-1.0,0,0,0,1,-1,1,0,0,-1,1,0,-1,1,0,Marz
985,-1.0,-1,0,1,0,0,1,0,0,0,0,0,0,-1,0,Marz
986,-1.0,1,0,-1,0,0,-1,0,0,0,0,0,0,0,0,Marz
987,-1.0,0,0,-1,-1,0,0,0,0,0,1,0,1,0,0,Marz
988,-1.0,0,0,1,1,0,0,0,0,0,0,0,-1,-1,0,Marz
989,-1.0,0,0,-1,-1,0,-1,1,0,1,-1,0,0,0,0,Marz
990,-1.0,1,0,0,1,0,0,1,0,0,0,0,0,0,0,Marz
991,-1.0,1,1,1,0,0,-1,0,0,1,-1,0,1,-1,-1,Marz
992,-1.0,1,0,1,-1,0,1,-1,0,0,0,-1,0,-1,0,Marz
993,-1.0,-1,-1,0,-1,0,0,1,0,0,0,0,-1,-1,0,Marz
994,-1.0,1,1,0,1,0,0,-1,0,0,0,0,1,0,0,Marz
995,-1.0,1,0,0,0,0,0,1,0,0,1,0,-1,0,0,Marz
996,-1.0,0,0,0,1,0,-1,1,0,1,0,0,0,-1,0,Marz
997,-1.0,0,0,1,-1,1,0,-1,0,0,-1,0,1,-1,0,Marz
998,-1.0,1,0,0,0,-1,1,0,0,0,0,0,-1,0,0,Marz
999,-1.0,-1,0,-1,1,0,0,1,0,0,0,0,0,0,0,Marz
1000,-1.0,1,0,0,0,1,1,-1,0,-1,0,0,1,0,0,Marz
1001,-1.0,0,0,1,0,0,0,-1,0,0,0,0,1,-1,0,Marz
1002,-1.0,1,0,-1,-1,0,0,1,-1,0,0,0,0,-1,-1,Marz
1003,-1.0,-1,-1,0,0,0,0,0,0,0,-1,0,0,0,0,Marz
1004,-1.0,1,0,-1,-1,0,1,0,0,0,0,1,-1,0,0,Marz
1005,-1.0,-1,0,0,0,0,-1,0,1,0,0,0,0,1,0,Marz
1006,-1.0,1,0,0,0,0,1,0,-1,0,0,0,0,-1,0,Marz
1007,-1.0,1,0,0,0,0,1,0,-1,0,0,-1,0,-1,0,Marz
1008,-1.0,-1,0,0,0,0,-1,0,0,0,0,0,0,0,0,Marz
1009,-1.0,1,0,0,0,0,-1,0,1,0,0,1,0,1,0,Marz
1010,-1.0,-1,0,0,0,0,1,0,-1,0,0,-1,0,-1,0,Marz
1011,-1.0,-1,0,0,0,0,-1,0,0,0,0,0,0,1,0,Marz
1012,-1.0,1,0,0,0,0,-1,0,1,0,0,1,0,0,0,Marz
1013,-1.0,-1,0,0,0,0,1,0,-1,0,0,-1,0,0,0,Marz
1014,-1.0,-1,0,1,1,0,-1,0,0,0,0,0,1,0,0,Marz
1015,-1.0,0,0,-1,-1,0,-1,0,0,0,1,-1,0,1,0,Marz
1016,-1.0,1,0,0,0,0,1,0,-1,0,0,0,0,1,0,Marz
1017,-1.0,1,0,0,0,0,1,0,0,0,-1,0,0,0,0,Marz
1018,-1.0,-1,0,0,0,0,0,0,0,0,0,0,0,0,0,Marz
1019,-1.0,-1,0,0,0,0,0,0,-1,0,0,-1,0,-1,0,Marz
1020,-1.0,0,0,0,0,0,-1,0,0,0,0,0,0,0,0,Marz
1021,-1.0,-1,0,0,0,0,-1,0,0,0,1,0,0,0,0,Marz
1022,-1.0,0,0,1,1,0,1,0,0,0,-1,1,0,1,0,Marz
1023,-1.0,0,0,0,0,0,0,0,1,0,0,0,-1,0,0,Marz
1024,-1.0,-1,-1,-1,0,-1,0,1,0,0,1,0,-1,-1,0,Marz
1025,-1.0,-1,0,0,0,0,0,-1,1,0,0,0,0,0,0,Marz
1026,1.0,1,0,-1,-1,0,-1,0,0,1,0,0,0,1,0,NinjaKuma
1027,1.0,0,0,0,1,0,1,0,0,-1,1,-1,0,0,0,NinjaKuma
1028,1.0,0,0,0,-1,1,-1,0,0,1,-1,0,1,0,0,NinjaKuma
1029,1.0,-1,-1,-1,-1,0,0,1,0,1,0,0,0,0,0,NinjaKuma
1030,1.0,1,1,1,1,0,1,-1,0,-1,-1,0,0,0,0,NinjaKuma
1031,1.0,0,0,1,1,0,0,0,0,0,0,0,-1,0,1,NinjaKuma
1032,1.0,0,-1,0,-1,-1,1,0,0,0,0,0,-1,0,0,NinjaKuma
1033,1.0,-1,0,1,-1,1,0,-1,0,-1,1,-1,0,-1,0,NinjaKuma
1034,1.0,1,0,-1,1,0,1,0,0,0,-1,0,1,0,0,NinjaKuma
1035,1.0,1,0,1,-1,0,0,-1,0,0,0,0,0,0,0,NinjaKuma
1036,1.0,1,0,0,0,1,1,-1,0,-1,0,0,1,0,0,NinjaKuma
1037,1.0,1,0,1,-1,0,1,-1,0,0,0,-1,0,0,0,NinjaKuma
1038,1.0,0,0,0,-1,0,1,-1,0,-1,0,0,0,0,0,NinjaKuma
1039,1.0,-1,0,0,0,0,0,-1,0,0,-1,0,1,0,0,NinjaKuma
1040,1.0,-1,0,0,0,0,0,-1,1,0,0,0,0,1,1,NinjaKuma
1041,1.0,-1,-1,1,1,0,0,1,0,0,0,0,-1,0,0,NinjaKuma
1042,1.0,0,0,0,0,0,0,0,-1,0,0,0,1,0,0,NinjaKuma
1043,1.0,0,0,-1,-1,0,-1,0,0,0,1,-1,0,1,0,NinjaKuma
1044,1.0,1,0,0,0,0,1,0,0,0,-1,0,0,-1,0,NinjaKuma
1045,1.0,1,0,0,0,0,1,0,0,0,0,0,0,0,0,NinjaKuma
1046,1.0,0,0,-1,-1,0,-1,0,0,0,1,-1,0,1,0,NinjaKuma
1047,1.0,1,0,0,0,0,1,0,0,0,-1,0,0,-1,0,NinjaKuma
1048,1.0,-1,0,0,0,0,-1,0,1,0,0,0,0,1,0,NinjaKuma
1049,1.0,0,0,0,0,0,0,0,1,0,0,0,0,1,0,NinjaKuma
1050,1.0,0,0,0,0,0,-1,0,1,0,0,1,0,0,0,NinjaKuma
1051,1.0,0,0,0,0,0,1,0,-1,0,0,-1,0,0,0,NinjaKuma
1052,1.0,1,0,0,0,0,0,0,1,0,0,1,0,1,0,NinjaKuma
1053,1.0,1,0,0,0,0,-1,0,1,0,0,1,0,0,0,NinjaKuma
1054,1.0,1,0,0,0,0,1,0,0,0,0,0,0,1,0,NinjaKuma
1055,1.0,1,0,0,0,0,1,0,-1,0,0,-1,0,0,0,NinjaKuma
1056,1.0,0,0,0,0,0,1,0,0,0,0,0,0,1,0,NinjaKuma
1057,1.0,1,0,0,0,0,0,0,1,0,0,1,0,-1,0,NinjaKuma
1058,1.0,0,0,0,0,0,-1,0,0,0,0,0,0,0,0,NinjaKuma
1059,1.0,1,0,0,0,0,1,0,0,0,0,0,0,0,0,NinjaKuma
1060,1.0,-1,0,0,0,0,-1,0,0,0,0,-1,1,0,0,NinjaKuma
1061,1.0,0,0,0,0,0,0,0,1,0,0,0,-1,0,0,NinjaKuma
1062,1.0,0,0,0,0,0,0,1,-1,1,0,0,0,0,0,NinjaKuma
1063,1.0,-1,-1,-1,0,-1,0,1,0,0,1,0,-1,0,0,NinjaKuma
1064,1.0,-1,0,0,0,0,0,-1,1,0,0,0,0,0,0,NinjaKuma
1065,-1.0,-1,0,1,1,0,0,0,0,0,0,0,0,-1,0,NinjaKuma
1066,-1.0,-1,0,1,1,0,1,0,0,-1,0,0,0,-1,0,NinjaKuma
1067,-1.0,0,0,0,-1,0,-1,0,0,1,-1,1,0,0,0,NinjaKuma
1068,-1.0,0,0,0,1,-1,1,0,0,-1,1,0,-1,1,0,NinjaKuma
1069,-1.0,1,1,1,0,0,-1,0,0,1,-1,0,1,-1,-1,NinjaKuma
1070,-1.0,-1,-1,-1,0,-1,0,1,0,0,0,1,-1,0,0,NinjaKuma
1071,-1.0,1,1,1,0,1,0,-1,0,0,0,-1,1,0,0,NinjaKuma
1072,-1.0,-1,0,0,0,-1,-1,1,0,1,0,0,-1,0,0,NinjaKuma
1073,-1.0,-1,0,-1,1,0,0,1,0,0,0,0,0,0,0,NinjaKuma
1074,-1.0,-1,0,1,-1,0,-1,0,0,0,1,0,-1,1,0,NinjaKuma
1075,-1.0,1,0,-1,1,-1,0,1,0,1,-1,1,0,-1,0,NinjaKuma
1076,-1.0,-1,-1,-1,0,-1,0,1,0,0,1,0,-1,-1,0,NinjaKuma
1077,-1.0,0,0,0,1,0,-1,1,0,1,0,0,0,0,0,NinjaKuma
1078,-1.0,1,0,0,0,0,0,1,0,0,1,0,-1,0,0,NinjaKuma
1079,-1.0,1,0,-1,-1,0,0,1,-1,0,0,0,0,-1,-1,NinjaKuma
1080,-1.0,1,1,0,0,0,0,-1,0,0,-1,0,1,0,0,NinjaKuma
1081,-1.0,0,0,0,0,0,0,-1,1,-1,0,0,0,0,0,NinjaKuma
1082,-1.0,1,0,0,0,0,1,0,0,0,0,1,-1,0,0,NinjaKuma
1083,-1.0,1,0,0,0,0,1,0,-1,0,0,0,0,0,0,NinjaKuma
1084,-1.0,-1,0,0,0,0,-1,0,0,0,0,0,0,0,0,NinjaKuma
1085,-1.0,1,0,0,0,0,1,0,0,0,0,1,-1,0,0,NinjaKuma
1086,-1.0,1,0,0,0,0,1,0,-1,0,0,0,0,0,0,NinjaKuma
1087,-1.0,-1,0,0,0,0,-1,0,0,0,0,0,0,-1,0,NinjaKuma
1088,-1.0,0,0,0,0,0,1,0,0,0,0,0,0,0,0,NinjaKuma
1089,-1.0,0,0,0,0,0,0,0,-1,0,0,0,0,-1,0,NinjaKuma
1090,-1.0,0,0,0,0,0,0,0,0,0,0,0,0,0,0,NinjaKuma
1091,-1.0,-1,0,0,0,0,0,0,-1,0,0,-1,0,-1,0,NinjaKuma
1092,-1.0,0,0,0,0,0,0,0,0,0,0,0,0,0,0,NinjaKuma
1093,-1.0,-1,0,0,0,0,1,0,-1,0,0,-1,0,0,0,NinjaKuma
1094,-1.0,-1,0,0,0,0,-1,0,1,0,0,1,0,-1,0,NinjaKuma
1095,-1.0,-1,0,0,0,0,-1,0,0,0,0,0,0,0,0,NinjaKuma
1096,-1.0,-1,0,0,0,0,0,0,-1,0,0,-1,0,0,0,NinjaKuma
1097,-1.0,-1,0,0,0,0,-1,0,0,0,1,0,0,0,0,NinjaKuma
1098,-1.0,0,0,1,1,0,1,0,0,0,-1,1,0,0,0,NinjaKuma
1099,-1.0,1,0,0,0,0,1,0,0,0,0,1,-1,0,0,NinjaKuma
1100,-1.0,-1,0,0,0,0,-1,0,0,0,0,-1,1,0,0,NinjaKuma
1101,-1.0,1,1,0,1,0,0,-1,0,0,0,0,1,0,0,NinjaKuma
1102,-1.0,-1,0,1,1,0,1,0,0,-1,0,0,0,-1,0,NinjaKuma
1103,-1.0,1,0,0,0,0,1,0,0,0,0,1,-1,0,0,NinjaKuma
1104,1.0,1,0,-1,-1,0,-1,0,0,1,0,0,0,1,0,Pewdiepie
1105,1.0,-1,0,1,1,0,1,0,0,-1,0,0,0,-1,0,Pewdiepie
1106,1.0,0,0,0,-1,1,-1,0,0,1,-1,0,1,0,0,Pewdiepie
1107,1.0,0,0,0,1,-1,1,0,0,-1,1,0,-1,1,0,Pewdiepie
1108,1.0,-1,-1,-1,-1,0,0,1,0,1,0,0,0,0,0,Pewdiepie
1109,1.0,0,0,-1,-1,0,0,0,0,0,1,0,1,0,0,Pewdiepie
1110,1.0,-1,0,0,-1,0,0,-1,0,0,0,0,0,0,0,Pewdiepie
1111,1.0,0,0,1,1,0,1,-1,0,-1,1,0,0,1,1,Pewdiepie
1112,1.0,0,-1,0,-1,-1,1,0,0,0,0,0,-1,0,0,Pewdiepie
1113,1.0,1,0,1,-1,0,0,-1,0,0,0,0,0,0,0,Pewdiepie
1114,1.0,1,0,0,0,1,1,-1,0,-1,0,0,1,0,0,Pewdiepie
1115,1.0,1,0,0,-1,0,1,0,0,0,0,0,-1,0,0,Pewdiepie
1116,1.0,1,1,1,0,1,0,-1,0,0,-1,0,1,-1,0,Pewdiepie
1117,1.0,-1,-1,-1,0,-1,0,1,0,0,1,0,-1,0,0,Pewdiepie
1118,1.0,0,0,-1,1,-1,0,1,0,0,1,0,-1,1,0,Pewdiepie
1119,1.0,-1,0,0,0,0,0,-1,1,0,0,0,0,0,1,Pewdiepie
1120,1.0,-1,-1,0,0,0,0,0,0,0,-1,0,0,0,0,Pewdiepie
1121,1.0,0,0,1,1,0,0,0,-1,0,0,0,1,0,0,Pewdiepie
1122,1.0,0,0,0,0,0,-1,0,0,0,1,-1,0,1,0,Pewdiepie
1123,1.0,1,0,0,0,0,1,0,0,0,-1,0,0,-1,0,Pewdiepie
1124,1.0,-1,0,0,0,0,-1,0,1,0,0,0,0,1,0,Pewdiepie
1125,1.0,0,0,0,0,0,-1,0,1,0,0,1,0,-1,0,Pewdiepie
1126,1.0,1,0,0,0,0,1,0,0,0,0,0,0,0,0,Pewdiepie
1127,1.0,0,0,0,0,0,0,0,-1,0,0,0,0,1,0,Pewdiepie
1128,1.0,0,0,0,0,0,0,0,1,0,0,0,0,0,0,Pewdiepie
1129,1.0,1,0,0,0,0,0,0,1,0,0,1,0,0,0,Pewdiepie
1130,1.0,1,0,0,0,0,-1,0,1,0,0,1,0,1,0,Pewdiepie
1131,1.0,1,0,0,0,0,1,0,0,0,0,0,0,0,0,Pewdiepie
1132,1.0,-1,0,0,0,0,-1,0,1,0,0,0,0,0,0,Pewdiepie
1133,1.0,-1,0,0,0,0,-1,0,0,0,1,0,0,0,0,Pewdiepie
1134,1.0,0,0,-1,-1,0,0,0,1,0,0,0,-1,0,0,Pewdiepie
1135,1.0,1,1,0,0,0,0,-1,0,0,0,0,1,0,0,Pewdiepie
1136,1.0,-1,0,0,0,0,0,-1,0,0,-1,0,1,0,0,Pewdiepie
1137,1.0,0,0,0,0,0,1,-1,0,-1,0,0,0,1,0,Pewdiepie
1138,1.0,0,0,0,1,-1,1,0,0,-1,1,0,-1,1,0,Pewdiepie
1139,1.0,1,0,0,0,1,1,-1,0,-1,0,0,1,0,0,Pewdiepie
1140,1.0,1,0,0,0,1,1,-1,0,-1,0,0,1,0,0,Pewdiepie
1141,1.0,1,0,0,0,1,1,-1,0,-1,0,0,1,0,0,Pewdiepie
1142,-1.0,-1,0,1,1,0,0,0,0,0,0,0,0,-1,0,Pewdiepie
1143,-1.0,0,0,0,-1,0,-1,0,0,1,-1,1,0,0,0,Pewdiepie
1144,-1.0,0,0,0,1,0,1,0,0,-1,1,-1,0,0,0,Pewdiepie
1145,-1.0,1,1,1,1,0,1,-1,0,-1,-1,0,0,0,0,Pewdiepie
1146,-1.0,0,0,1,1,0,0,0,0,0,0,0,-1,0,0,Pewdiepie
1147,-1.0,0,0,-1,-1,0,-1,1,0,1,-1,0,0,-1,0,Pewdiepie
1148,-1.0,1,0,0,1,0,0,1,0,0,0,0,0,0,0,Pewdiepie
1149,-1.0,1,1,1,0,0,-1,0,0,1,-1,0,1,-1,-1,Pewdiepie
1150,-1.0,-1,0,0,1,0,-1,0,0,0,0,0,1,0,0,Pewdiepie
1151,-1.0,0,0,0,-1,1,0,0,0,-1,1,0,-1,1,0,Pewdiepie
1152,-1.0,-1,0,0,0,-1,-1,1,0,1,0,0,-1,-1,0,Pewdiepie
1153,-1.0,-1,0,-1,1,0,0,1,0,0,0,0,0,0,0,Pewdiepie
1154,-1.0,-1,0,1,-1,0,-1,0,0,0,1,0,-1,1,0,Pewdiepie
1155,-1.0,0,0,0,1,-1,0,0,0,1,-1,0,1,-1,0,Pewdiepie
1156,-1.0,-1,-1,-1,0,-1,0,1,0,0,1,0,-1,1,0,Pewdiepie
1157,-1.0,0,0,1,-1,1,0,-1,0,0,-1,0,1,0,0,Pewdiepie
1158,-1.0,1,0,-1,-1,0,0,1,-1,0,0,0,0,-1,-1,Pewdiepie
1159,-1.0,0,0,0,0,0,0,-1,1,-1,0,0,0,0,0,Pewdiepie
1160,-1.0,1,0,-1,-1,0,1,0,0,0,0,1,-1,0,0,Pewdiepie
1161,-1.0,-1,0,0,0,0,-1,0,1,0,0,1,0,1,0,Pewdiepie
1162,-1.0,1,0,0,0,0,1,0,-1,0,0,-1,0,-1,0,Pewdiepie
1163,-1.0,1,0,0,0,0,1,0,-1,0,0,0,0,0,0,Pewdiepie
1164,-1.0,-1,0,0,0,0,0,0,0,0,0,0,0,0,0,Pewdiepie
1165,-1.0,-1,0,0,0,0,0,0,-1,0,0,-1,0,0,0,Pewdiepie
1166,-1.0,0,0,0,0,0,0,0,1,0,0,0,0,0,0,Pewdiepie
1167,-1.0,0,0,0,0,0,0,0,-1,0,0,0,0,-1,0,Pewdiepie
1168,-1.0,-1,0,0,0,0,0,0,-1,0,0,-1,0,0,0,Pewdiepie
1169,-1.0,0,0,0,0,0,0,0,0,0,0,0,0,0,0,Pewdiepie
1170,-1.0,-1,0,0,0,0,1,0,-1,0,0,-1,0,-1,0,Pewdiepie
1171,-1.0,0,0,0,0,0,-1,0,0,0,0,0,0,0,0,Pewdiepie
1172,-1.0,1,0,0,0,0,1,0,-1,0,0,0,0,0,0,Pewdiepie
1173,-1.0,0,0,0,0,0,1,0,0,0,-1,1,0,0,0,Pewdiepie
1174,-1.0,-1,0,1,1,0,-1,0,0,0,0,-1,1,0,0,Pewdiepie
1175,-1.0,0,0,0,0,0,0,1,-1,1,0,0,0,0,0,Pewdiepie
1176,-1.0,-1,-1,0,0,0,0,1,0,0,1,0,-1,0,0,Pewdiepie
1177,-1.0,1,0,0,0,0,0,1,0,0,1,0,-1,0,0,Pewdiepie
1178,-1.0,0,0,0,0,0,-1,1,0,1,0,0,0,-1,0,Pewdiepie
1179,-1.0,-1,0,0,0,0,0,-1,1,0,0,0,0,0,0,Pewdiepie
1180,1.0,1,0,-1,-1,0,-1,0,0,1,0,0,0,1,0,SuzyLu
1181,1.0,1,0,-1,-1,0,-1,0,0,1,0,0,0,0,0,SuzyLu
1182,1.0,1,0,-1,0,0,-1,0,0,0,0,0,0,0,0,SuzyLu
1183,1.0,0,0,-1,-1,0,0,0,0,0,1,0,1,0,0,SuzyLu
1184,1.0,-1,0,0,-1,0,0,-1,0,0,0,0,0,0,0,SuzyLu
1185,1.0,0,0,1,1,0,1,-1,0,-1,1,0,0,1,1,SuzyLu
1186,1.0,1,1,1,1,0,0,0,0,0,0,-1,1,1,0,SuzyLu
1187,1.0,-1,0,0,0,0,0,-1,0,0,-1,0,1,-1,0,SuzyLu
1188,1.0,0,0,0,-1,0,1,-1,0,-1,0,0,0,1,0,SuzyLu
1189,1.0,0,0,1,-1,1,0,-1,0,0,-1,0,1,0,0,SuzyLu
1190,1.0,-1,-1,0,-1,0,0,1,0,0,0,0,-1,0,0,SuzyLu
1191,1.0,1,1,0,1,0,0,-1,0,0,0,0,1,0,0,SuzyLu
1192,1.0,1,0,1,-1,0,1,-1,0,0,0,-1,0,0,0,SuzyLu
1193,1.0,0,0,0,-1,1,0,0,0,-1,1,0,-1,-1,0,SuzyLu
1194,1.0,1,0,-1,1,0,1,0,0,0,-1,0,1,0,0,SuzyLu
1195,1.0,1,0,0,0,1,1,-1,0,-1,0,0,1,0,0,SuzyLu
1196,1.0,-1,0,1,-1,0,-1,0,0,0,1,0,-1,1,0,SuzyLu
1197,1.0,1,0,0,-1,0,1,0,0,0,0,0,-1,0,0,SuzyLu
1198,1.0,0,1,0,1,1,-1,0,0,0,0,0,1,1,0,SuzyLu
1199,1.0,-1,0,0,0,0,0,-1,1,0,0,0,0,1,1,SuzyLu
1200,1.0,1,1,0,0,0,0,-1,0,0,-1,0,1,0,0,SuzyLu
1201,1.0,-1,-1,1,1,0,0,1,0,0,0,0,-1,0,0,SuzyLu
1202,1.0,0,0,0,0,0,0,0,1,0,0,0,-1,-1,0,SuzyLu
1203,1.0,0,0,-1,-1,0,-1,0,0,0,1,-1,0,1,0,SuzyLu
1204,1.0,-1,0,0,0,0,-1,0,1,0,0,1,0,1,0,SuzyLu
1205,1.0,-1,0,0,0,0,-1,0,1,0,0,0,0,1,0,SuzyLu
1206,1.0,-1,0,0,0,0,-1,0,0,0,0,0,0,0,0,SuzyLu
1207,1.0,0,0,0,0,0,1,0,0,0,0,0,0,0,0,SuzyLu
1208,1.0,1,0,0,0,0,0,0,1,0,0,1,0,1,0,SuzyLu
1209,1.0,1,0,0,0,0,1,0,0,0,0,0,0,0,0,SuzyLu
1210,1.0,0,0,0,0,0,0,0,1,0,0,0,-1,0,0,SuzyLu
1211,1.0,0,0,0,0,0,0,0,1,0,0,0,-1,0,0,SuzyLu
1212,1.0,1,1,0,1,0,0,-1,0,0,0,0,1,0,0,SuzyLu
1213,1.0,-1,-1,-1,0,-1,0,1,0,0,1,0,-1,0,0,SuzyLu
1214,1.0,1,0,0,0,0,1,0,0,0,0,0,0,0,0,SuzyLu
1215,1.0,0,0,1,-1,1,0,-1,0,0,-1,0,1,0,0,SuzyLu
1216,-1.0,-1,0,1,1,0,0,0,0,0,0,0,0,-1,0,SuzyLu
1217,-1.0,-1,0,1,1,0,1,0,0,-1,0,0,0,-1,0,SuzyLu
1218,-1.0,0,0,0,1,0,1,0,0,-1,1,-1,0,0,0,SuzyLu
1219,-1.0,-1,0,1,1,0,1,0,0,-1,0,0,0,1,0,SuzyLu
1220,-1.0,-1,-1,-1,-1,0,0,1,0,1,0,0,0,1,0,SuzyLu
1221,-1.0,0,0,1,1,0,0,0,0,0,0,0,-1,-1,0,SuzyLu
1222,-1.0,0,0,-1,-1,0,-1,1,0,1,-1,0,0,0,0,SuzyLu
1223,-1.0,1,0,0,1,0,0,1,0,0,0,0,0,0,0,SuzyLu
1224,-1.0,-1,-1,-1,-1,0,0,0,0,0,0,1,-1,0,0,SuzyLu
1225,-1.0,-1,-1,-1,0,-1,0,1,0,0,1,0,-1,0,0,SuzyLu
1226,-1.0,1,0,0,0,0,0,1,0,0,1,0,-1,0,0,SuzyLu
1227,-1.0,0,0,0,1,0,-1,1,0,1,0,0,0,-1,0,SuzyLu
1228,-1.0,0,0,-1,1,-1,0,1,0,0,1,0,-1,1,0,SuzyLu
1229,-1.0,1,1,1,0,1,0,-1,0,0,-1,0,1,-1,0,SuzyLu
1230,-1.0,-1,-1,-1,0,-1,0,1,0,0,0,1,-1,0,0,SuzyLu
1231,-1.0,-1,0,0,1,0,-1,0,0,0,0,0,1,1,0,SuzyLu
1232,-1.0,-1,0,0,0,-1,-1,1,0,1,0,0,-1,0,0,SuzyLu
1233,-1.0,-1,0,-1,1,0,0,1,0,0,0,0,0,0,0,SuzyLu
1234,-1.0,0,0,0,1,-1,0,0,0,1,-1,0,1,-1,0,SuzyLu
1235,-1.0,-1,-1,-1,0,-1,0,1,0,0,1,0,-1,-1,0,SuzyLu
1236,-1.0,1,0,-1,-1,0,0,1,-1,0,0,0,0,-1,-1,SuzyLu
1237,-1.0,0,0,0,0,0,0,0,-1,0,0,0,1,1,0,SuzyLu
1238,-1.0,1,0,0,0,0,1,0,0,0,-1,0,0,-1,0,SuzyLu
1239,-1.0,1,0,0,0,0,1,0,-1,0,0,-1,0,-1,0,SuzyLu
1240,-1.0,1,0,0,0,0,1,0,-1,0,0,0,0,-1,0,SuzyLu
1241,-1.0,0,0,0,0,0,0,0,0,0,0,0,0,0,0,SuzyLu
1242,-1.0,-1,0,0,0,0,0,0,-1,0,0,-1,0,-1,0,SuzyLu
1243,-1.0,0,0,0,0,0,0,0,0,0,0,0,0,0,0,SuzyLu
1244,-1.0,0,0,0,0,0,-1,0,0,0,0,0,0,0,0,SuzyLu
1245,-1.0,-1,0,0,0,0,-1,0,0,0,1,0,0,0,0,SuzyLu
1246,-1.0,-1,0,0,0,0,-1,0,0,0,0,-1,1,0,0,SuzyLu
1247,-1.0,-1,0,0,0,0,-1,0,0,0,1,0,0,-1,0,SuzyLu
1248,-1.0,0,0,1,1,0,1,0,0,0,-1,1,0,0,0,SuzyLu
1249,-1.0,-1,0,0,0,0,-1,0,0,0,0,-1,1,0,0,SuzyLu
1250,-1.0,0,0,0,0,0,0,1,-1,1,0,0,0,0,0,SuzyLu
1251,-1.0,-1,0,0,0,0,0,-1,1,0,0,0,0,0,0,SuzyLu
1252,1.0,1,0,-1,-1,0,-1,0,0,1,0,0,0,1,0,Yamimash
1253,1.0,0,0,0,1,0,1,0,0,-1,1,-1,0,0,0,Yamimash
1254,1.0,0,0,0,-1,1,-1,0,0,1,-1,0,1,0,0,Yamimash
1255,1.0,1,0,-1,0,0,-1,0,0,0,0,0,0,0,0,Yamimash
1256,1.0,1,1,1,1,0,1,-1,0,-1,-1,0,0,0,0,Yamimash
1257,1.0,-1,0,0,-1,0,0,-1,0,0,0,0,0,0,0,Yamimash
1258,1.0,0,0,1,1,0,1,-1,0,-1,1,0,0,1,1,Yamimash
1259,1.0,1,1,1,0,0,-1,0,0,1,-1,0,1,-1,-1,Yamimash
1260,1.0,1,1,1,0,1,0,-1,0,0,-1,0,1,-1,0,Yamimash
1261,1.0,-1,0,0,0,0,0,-1,0,0,-1,0,1,0,0,Yamimash
1262,1.0,0,0,0,-1,0,1,-1,0,-1,0,0,0,1,0,Yamimash
1263,1.0,0,0,1,-1,1,0,-1,0,0,-1,0,1,0,0,Yamimash
1264,1.0,-1,-1,0,-1,0,0,1,0,0,0,0,-1,0,0,Yamimash
1265,1.0,1,1,0,1,0,0,-1,0,0,0,0,1,0,0,Yamimash
1266,1.0,0,0,0,1,-1,0,0,0,1,-1,0,1,0,0,Yamimash
1267,1.0,-1,0,0,0,-1,-1,1,0,1,0,0,-1,0,0,Yamimash
1268,1.0,1,0,1,-1,0,0,-1,0,0,0,0,0,0,0,Yamimash
1269,1.0,-1,0,1,-1,0,-1,0,0,0,1,0,-1,1,0,Yamimash
1270,1.0,0,1,0,1,1,-1,0,0,0,0,0,1,0,0,Yamimash
1271,1.0,-1,-1,-1,0,-1,0,1,0,0,1,0,-1,0,0,Yamimash
1272,1.0,1,1,0,0,0,0,-1,0,0,-1,0,1,0,0,Yamimash
1273,1.0,1,1,0,0,0,0,-1,0,0,0,-1,1,0,0,Yamimash
1274,1.0,0,0,0,0,0,0,-1,1,-1,0,0,0,0,0,Yamimash
1275,1.0,1,0,0,0,0,1,0,0,0,-1,0,0,-1,0,Yamimash
1276,1.0,-1,0,0,0,0,-1,0,1,0,0,1,0,1,0,Yamimash
1277,1.0,0,0,0,0,0,1,0,0,0,0,0,0,1,0,Yamimash
1278,1.0,0,0,0,0,0,0,0,0,0,0,0,0,0,0,Yamimash
1279,1.0,0,0,0,0,0,-1,0,1,0,0,1,0,0,0,Yamimash
1280,1.0,1,0,0,0,0,1,0,0,0,0,0,0,0,0,Yamimash
1281,1.0,-1,0,0,0,0,-1,0,0,0,0,0,0,0,0,Yamimash
1282,1.0,1,0,0,0,0,1,0,0,0,-1,0,0,-1,0,Yamimash
1283,1.0,-1,0,0,0,0,-1,0,1,0,0,1,0,1,0,Yamimash
1284,1.0,0,0,0,0,0,1,0,0,0,0,0,0,0,0,Yamimash
1285,1.0,-1,0,0,0,0,1,0,-1,0,0,-1,0,0,0,Yamimash
1286,1.0,0,0,0,0,0,-1,0,1,0,0,1,0,0,0,Yamimash
1287,1.0,0,0,0,0,0,0,0,0,0,0,0,0,0,0,Yamimash
1288,1.0,1,0,0,0,0,0,0,1,0,0,1,0,1,0,Yamimash
1289,1.0,0,0,0,0,0,0,0,1,0,0,0,0,0,0,Yamimash
1290,1.0,0,0,0,0,0,-1,0,1,0,0,1,0,0,0,Yamimash
1291,1.0,0,0,0,0,0,1,0,-1,0,0,-1,0,0,0,Yamimash
1292,1.0,1,0,0,0,0,-1,0,1,0,0,1,0,0,0,Yamimash
1293,1.0,1,0,0,0,0,1,0,0,0,0,0,0,1,0,Yamimash
1294,1.0,0,0,0,0,0,1,0,0,0,0,0,0,0,0,Yamimash
1295,1.0,0,0,0,0,0,0,0,1,0,0,0,0,1,0,Yamimash
1296,1.0,0,0,0,0,0,0,0,0,0,0,0,0,0,0,Yamimash
1297,1.0,1,0,0,0,0,1,0,0,0,0,0,0,0,0,Yamimash
1298,1.0,1,0,0,0,0,-1,0,1,0,0,1,0,0,0,Yamimash
1299,1.0,0,0,0,0,0,-1,0,1,0,0,1,0,0,0,Yamimash
1300,1.0,0,0,0,0,0,0,0,0,0,0,0,0,0,0,Yamimash
1301,1.0,0,0,0,0,0,0,0,1,0,0,0,0,0,0,Yamimash
1302,1.0,1,0,0,0,0,0,0,1,0,0,1,0,0,0,Yamimash
1303,1.0,0,0,0,0,0,0,0,0,0,0,0,0,0,0,Yamimash
1304,1.0,-1,0,0,0,0,1,0,-1,0,0,-1,0,0,0,Yamimash
1305,1.0,0,0,0,0,0,-1,0,0,0,0,0,0,1,0,Yamimash
1306,1.0,0,0,0,0,0,1,0,0,0,0,0,0,0,0,Yamimash
1307,1.0,1,0,0,0,0,0,0,1,0,0,1,0,0,0,Yamimash
1308,1.0,1,0,0,0,0,-1,0,1,0,0,1,0,0,0,Yamimash
1309,1.0,0,0,0,0,0,-1,0,0,0,0,0,0,0,0,Yamimash
1310,1.0,0,0,1,1,0,1,0,0,0,-1,1,0,1,0,Yamimash
1311,1.0,0,0,0,0,0,0,1,-1,1,0,0,0,0,0,Yamimash
1312,1.0,1,1,0,1,0,0,-1,0,0,0,0,1,0,0,Yamimash
1313,1.0,-1,0,0,0,0,0,-1,1,0,0,0,0,0,0,Yamimash
1314,1.0,1,0,-1,-1,0,-1,0,0,1,0,0,0,1,0,Yamimash
1315,1.0,1,0,0,0,0,1,0,0,0,0,0,0,0,0,Yamimash
1316,1.0,0,0,0,0,0,0,-1,1,-1,0,0,0,0,0,Yamimash
1317,-1.0,-1,0,1,1,0,0,0,0,0,0,0,0,-1,0,Yamimash
1318,-1.0,-1,0,1,1,0,1,0,0,-1,0,0,0,-1,0,Yamimash
1319,-1.0,0,0,0,-1,0,-1,0,0,1,-1,1,0,0,0,Yamimash
1320,-1.0,0,0,0,1,-1,1,0,0,-1,1,0,-1,1,0,Yamimash
1321,-1.0,-1,-1,-1,-1,0,0,1,0,1,0,0,0,0,0,Yamimash
1322,-1.0,0,0,-1,-1,0,0,0,0,0,1,0,1,0,0,Yamimash
1323,-1.0,0,0,1,1,0,0,0,0,0,0,0,-1,0,0,Yamimash
1324,-1.0,0,0,-1,-1,0,-1,1,0,1,-1,0,0,-1,0,Yamimash
1325,-1.0,1,0,0,1,0,0,1,0,0,0,0,0,0,0,Yamimash
1326,-1.0,-1,-1,-1,0,-1,0,1,0,0,1,0,-1,1,0,Yamimash
1327,-1.0,-1,-1,-1,0,-1,0,1,0,0,1,0,-1,0,0,Yamimash
1328,-1.0,1,0,0,0,0,0,1,0,0,1,0,-1,0,0,Yamimash
1329,-1.0,0,0,0,1,0,-1,1,0,1,0,0,0,-1,0,Yamimash
1330,-1.0,0,0,-1,1,-1,0,1,0,0,1,0,-1,1,0,Yamimash
1331,-1.0,1,1,1,0,1,0,-1,0,0,-1,0,1,-1,0,Yamimash
1332,-1.0,-1,0,0,1,0,-1,0,0,0,0,0,1,0,0,Yamimash
1333,-1.0,0,0,0,-1,1,0,0,0,-1,1,0,-1,0,0,Yamimash
1334,-1.0,1,0,-1,1,0,1,0,0,0,-1,0,1,0,0,Yamimash
1335,-1.0,-1,0,-1,1,0,0,1,0,0,0,0,0,0,0,Yamimash
1336,-1.0,0,0,0,1,-1,0,0,0,1,-1,0,1,-1,0,Yamimash
1337,-1.0,-1,0,0,0,0,0,-1,1,0,0,0,0,1,1,Yamimash
1338,-1.0,1,0,-1,-1,0,0,1,-1,0,0,0,0,-1,-1,Yamimash
1339,-1.0,-1,-1,0,0,0,0,0,0,0,0,1,-1,0,0,Yamimash
1340,-1.0,1,1,0,0,0,0,0,0,0,0,-1,1,0,0,Yamimash
1341,-1.0,-1,-1,0,0,0,0,1,0,0,0,1,-1,0,0,Yamimash
1342,-1.0,0,0,0,0,0,0,0,-1,0,0,0,1,0,0,Yamimash
1343,-1.0,1,0,0,0,0,1,0,0,0,0,1,-1,0,0,Yamimash
1344,-1.0,0,0,-1,-1,0,-1,0,0,0,1,-1,0,1,0,Yamimash
1345,-1.0,1,0,0,0,0,1,0,-1,0,0,-1,0,-1,0,Yamimash
1346,-1.0,-1,0,0,0,0,-1,0,0,0,0,0,0,0,0,Yamimash
1347,-1.0,1,0,0,0,0,0,0,1,0,0,1,0,-1,0,Yamimash
1348,-1.0,-1,0,0,0,0,0,0,-1,0,0,-1,0,0,0,Yamimash
1349,-1.0,0,0,0,0,0,0,0,0,0,0,0,0,0,0,Yamimash
1350,-1.0,0,0,0,0,0,1,0,-1,0,0,-1,0,0,0,Yamimash
1351,-1.0,0,0,0,0,0,-1,0,0,0,0,0,0,0,0,Yamimash
1352,-1.0,1,0,0,0,0,1,0,0,0,0,1,-1,0,0,Yamimash
1353,-1.0,0,0,-1,-1,0,-1,0,0,0,1,-1,0,1,0,Yamimash
1354,-1.0,1,0,0,0,0,1,0,-1,0,0,-1,0,-1,0,Yamimash
1355,-1.0,-1,0,0,0,0,-1,0,0,0,0,0,0,0,0,Yamimash
1356,-1.0,1,0,0,0,0,-1,0,1,0,0,1,0,0,0,Yamimash
1357,-1.0,0,0,0,0,0,1,0,-1,0,0,-1,0,0,0,Yamimash
1358,-1.0,-1,0,0,0,0,0,0,-1,0,0,-1,0,-1,0,Yamimash
1359,-1.0,0,0,0,0,0,0,0,-1,0,0,0,0,0,0,Yamimash
1360,-1.0,0,0,0,0,0,0,0,0,0,0,0,0,0,0,Yamimash
1361,-1.0,-1,0,0,0,0,0,0,-1,0,0,-1,0,0,0,Yamimash
1362,-1.0,-1,0,0,0,0,-1,0,0,0,0,0,0,-1,0,Yamimash
1363,-1.0,0,0,0,0,0,0,0,0,0,0,0,0,0,0,Yamimash
1364,-1.0,0,0,0,0,0,0,0,-1,0,0,0,0,-1,0,Yamimash
1365,-1.0,0,0,0,0,0,-1,0,0,0,0,0,0,0,0,Yamimash
1366,-1.0,-1,0,0,0,0,-1,0,1,0,0,0,0,0,0,Yamimash
1367,-1.0,-1,0,0,0,0,-1,0,0,0,0,0,0,0,0,Yamimash
1368,-1.0,0,0,0,0,0,1,0,-1,0,0,-1,0,0,0,Yamimash
1369,-1.0,0,0,0,0,0,0,0,-1,0,0,0,0,0,0,Yamimash
1370,-1.0,-1,0,0,0,0,0,0,-1,0,0,-1,0,0,0,Yamimash
1371,-1.0,1,0,0,0,0,-1,0,1,0,0,1,0,0,0,Yamimash
1372,-1.0,1,0,0,0,0,1,0,0,0,0,0,0,-1,0,Yamimash
1373,-1.0,-1,0,0,0,0,-1,0,0,0,0,0,0,0,0,Yamimash
1374,-1.0,0,0,0,0,0,0,0,0,0,0,0,0,0,0,Yamimash
1375,-1.0,1,0,0,0,0,0,0,-1,0,0,-1,0,1,0,Yamimash
1376,-1.0,-1,0,0,0,0,-1,0,0,0,0,0,0,-1,0,Yamimash
1377,-1.0,-1,0,0,0,0,1,0,-1,0,0,-1,0,0,0,Yamimash
1378,-1.0,1,0,0,0,0,1,0,0,0,0,0,0,0,0,Yamimash
1379,-1.0,-1,0,0,0,0,-1,0,0,0,1,0,0,0,0,Yamimash
1380,-1.0,-1,0,0,0,0,-1,0,0,0,0,-1,1,-1,0,Yamimash
1381,-1.0,-1,-1,-1,0,-1,0,1,0,0,1,0,-1,0,0,Yamimash
