,Fear_FACE,Area_size,Ceiling_height,Light_contrast,Light_levels,Light_temperature,Blocked_path,Empty_room,Hiding_place,Interior_arrangement,Triggers_present,Battery_present,Note_present,Event,Cutscene,Channel_id
0,1.0,-1,0,1,1,0,1,0,0,-1,0,0,0,-1,0,AngelAlyx
1,1.0,0,0,0,-1,1,-1,0,0,1,-1,0,1,0,0,AngelAlyx
2,1.0,1,0,-1,0,0,-1,0,0,0,0,0,0,0,0,AngelAlyx
3,1.0,1,1,1,1,0,1,-1,0,-1,-1,0,0,0,0,AngelAlyx
4,1.0,0,0,1,1,0,0,0,0,0,0,0,-1,0,1,AngelAlyx
5,1.0,-1,0,0,1,0,-1,0,0,0,0,0,1,0,0,AngelAlyx
6,1.0,1,0,1,-1,0,0,-1,0,0,0,0,0,0,0,AngelAlyx
7,1.0,1,0,0,0,1,1,-1,0,-1,0,0,1,0,0,AngelAlyx
8,1.0,1,0,0,-1,0,1,0,0,0,0,0,-1,0,0,AngelAlyx
9,1.0,-1,0,0,0,0,0,-1,0,0,-1,0,1,-1,0,AngelAlyx
10,1.0,1,0,0,0,0,0,1,0,0,1,0,-1,0,0,AngelAlyx
11,1.0,-1,0,0,0,0,0,-1,1,0,0,0,0,1,1,AngelAlyx
12,1.0,0,0,0,0,0,0,0,-1,0,0,0,1,1,0,AngelAlyx
13,1.0,-1,0,0,0,0,-1,0,1,0,0,0,0,1,0,AngelAlyx
14,1.0,1,0,0,0,0,-1,0,1,0,0,1,0,0,0,AngelAlyx
15,1.0,1,0,0,0,0,-1,0,1,0,0,1,0,0,0,AngelAlyx
16,1.0,1,0,0,0,0,0,0,1,0,0,1,0,0,0,AngelAlyx
17,1.0,0,0,0,0,0,0,0,0,0,0,0,0,0,0,AngelAlyx
18,1.0,1,0,0,0,0,-1,0,1,0,0,1,0,0,0,AngelAlyx
19,1.0,1,0,0,0,0,1,0,0,0,0,0,0,0,0,AngelAlyx
20,1.0,0,0,0,0,0,0,1,-1,1,0,0,0,0,0,AngelAlyx
21,1.0,1,0,0,0,0,-1,0,1,0,0,1,0,0,0,AngelAlyx
22,1.0,0,0,1,1,0,0,0,0,0,0,0,-1,0,1,AngelAlyx
23,1.0,0,0,0,-1,1,-1,0,0,1,-1,0,1,0,0,AngelAlyx
24,-1.0,-1,0,1,1,0,0,0,0,0,0,0,0,-1,0,AngelAlyx
25,-1.0,0,0,0,1,0,1,0,0,-1,1,-1,0,0,0,AngelAlyx
26,-1.0,0,0,0,1,-1,1,0,0,-1,1,0,-1,1,0,AngelAlyx
27,-1.0,-1,0,1,0,0,1,0,0,0,0,0,0,-1,0,AngelAlyx
28,-1.0,0,0,-1,-1,0,0,0,0,0,1,0,1,0,0,AngelAlyx
29,-1.0,1,1,1,0,0,-1,0,0,1,-1,0,1,-1,-1,AngelAlyx
30,-1.0,0,0,0,-1,1,0,0,0,-1,1,0,-1,0,0,AngelAlyx
31,-1.0,1,0,-1,1,0,1,0,0,0,-1,0,1,0,0,AngelAlyx
32,-1.0,-1,0,0,0,-1,-1,1,0,1,0,0,-1,0,0,AngelAlyx
33,-1.0,-1,0,-1,1,0,0,1,0,0,0,0,0,0,0,AngelAlyx
34,-1.0,-1,0,1,-1,0,-1,0,0,0,1,0,-1,1,0,AngelAlyx
35,-1.0,0,0,0,1,-1,0,0,0,1,-1,0,1,-1,0,AngelAlyx
36,-1.0,-1,-1,-1,0,-1,0,1,0,0,1,0,-1,1,0,AngelAlyx
37,-1.0,0,0,0,1,0,-1,1,0,1,0,0,0,0,0,AngelAlyx
38,-1.0,1,0,-1,-1,0,0,1,-1,0,0,0,0,-1,-1,AngelAlyx
39,-1.0,1,0,-1,-1,0,0,0,0,0,1,0,-1,-1,0,AngelAlyx
40,-1.0,1,0,0,0,0,1,0,-1,0,0,0,0,-1,0,AngelAlyx
41,-1.0,-1,0,0,0,0,1,0,-1,0,0,-1,0,0,0,AngelAlyx
42,-1.0,-1,0,0,0,0,-1,0,0,0,0,0,0,0,0,AngelAlyx
43,-1.0,0,0,0,0,0,1,0,-1,0,0,-1,0,0,0,AngelAlyx
44,-1.0,-1,0,0,0,0,0,0,-1,0,0,-1,0,1,0,AngelAlyx
45,-1.0,-1,0,0,0,0,1,0,-1,0,0,-1,0,0,0,AngelAlyx
46,-1.0,-1,0,0,0,0,-1,0,0,0,1,0,0,0,0,AngelAlyx
47,-1.0,1,1,0,1,0,0,-1,0,0,0,0,1,0,0,AngelAlyx
48,1.0,1,0,-1,-1,0,-1,0,0,1,0,0,0,1,0,Anida
49,1.0,1,1,1,1,0,1,-1,0,-1,-1,0,0,0,0,Anida
50,1.0,0,0,1,1,0,1,-1,0,-1,1,0,0,1,1,Anida
51,1.0,1,1,1,1,0,0,0,0,0,0,-1,1,0,0,Anida
52,1.0,-1,0,0,1,0,-1,0,0,0,0,0,1,0,0,Anida
53,1.0,1,0,1,-1,0,0,-1,0,0,0,0,0,0,0,Anida
54,1.0,-1,0,1,-1,0,-1,0,0,0,1,0,-1,1,0,Anida
55,1.0,0,1,0,1,1,-1,0,0,0,0,0,1,1,0,Anida
56,1.0,-1,0,0,0,0,0,-1,1,0,0,0,0,1,1,Anida
57,1.0,0,0,0,0,0,0,-1,0,0,-1,0,1,0,0,Anida
58,1.0,1,1,0,0,0,0,-1,0,0,-1,0,1,0,0,Anida
59,1.0,-1,0,0,0,0,-1,0,1,0,0,1,0,0,0,Anida
60,1.0,1,0,0,0,0,0,0,1,0,0,1,0,1,0,Anida
61,1.0,1,0,0,0,0,0,0,1,0,0,1,0,1,0,Anida
62,1.0,0,0,0,0,0,-1,0,1,0,0,0,0,0,0,Anida
63,1.0,0,0,1,1,0,1,-1,0,-1,1,0,0,1,1,Anida
64,1.0,1,0,-1,-1,0,-1,0,0,1,0,0,0,1,0,Anida
65,1.0,0,0,1,1,0,1,-1,0,-1,1,0,0,1,1,Anida
66,-1.0,-1,0,1,1,0,0,0,0,0,0,0,0,-1,0,Anida
67,-1.0,0,0,0,1,-1,1,0,0,-1,1,0,-1,1,0,Anida
68,-1.0,0,0,-1,-1,0,0,0,0,0,1,0,1,0,0,Anida
69,-1.0,0,0,1,1,0,0,0,0,0,0,0,-1,-1,0,Anida
70,-1.0,1,1,1,0,0,-1,0,0,1,-1,0,1,-1,-1,Anida
71,-1.0,-1,-1,-1,0,-1,0,1,0,0,0,1,-1,0,0,Anida
72,-1.0,0,-1,0,-1,-1,1,0,0,0,0,0,-1,0,0,Anida
73,-1.0,0,0,0,-1,1,0,0,0,-1,1,0,-1,0,0,Anida
74,-1.0,-1,0,0,0,-1,-1,1,0,1,0,0,-1,0,0,Anida
75,-1.0,0,0,0,1,-1,0,0,0,1,-1,0,1,-1,0,Anida
76,-1.0,-1,-1,0,-1,0,0,1,0,0,0,0,-1,-1,0,Anida
77,-1.0,1,0,-1,-1,0,0,1,-1,0,0,0,0,-1,-1,Anida
78,-1.0,0,0,0,0,0,0,1,0,0,1,0,-1,0,0,Anida
79,-1.0,-1,-1,1,1,0,0,1,0,0,0,0,-1,0,0,Anida
80,-1.0,1,0,0,0,0,1,0,-1,0,0,-1,0,1,0,Anida
81,-1.0,-1,0,0,0,0,1,0,-1,0,0,-1,0,-1,0,Anida
82,-1.0,-1,0,0,0,0,0,0,-1,0,0,-1,0,-1,0,Anida
83,-1.0,0,0,0,0,0,1,0,-1,0,0,0,0,-1,0,Anida
84,1.0,1,0,-1,-1,0,-1,0,0,1,0,0,0,1,0,CoryxKenshin
85,1.0,0,0,0,-1,1,-1,0,0,1,-1,0,1,0,0,CoryxKenshin
86,1.0,0,0,-1,-1,0,0,0,0,0,1,0,1,0,1,CoryxKenshin
87,1.0,0,1,0,1,1,-1,0,0,0,0,0,1,0,0,CoryxKenshin
88,1.0,0,0,1,-1,1,0,-1,0,0,-1,0,1,0,0,CoryxKenshin
89,1.0,0,0,-1,1,-1,0,1,0,0,1,0,-1,1,0,CoryxKenshin
90,1.0,-1,0,0,1,0,-1,0,0,0,0,0,1,0,0,CoryxKenshin
91,1.0,-1,0,0,0,0,0,-1,1,0,0,0,0,1,1,CoryxKenshin
92,1.0,0,0,0,0,0,0,0,-1,0,0,0,1,0,0,CoryxKenshin
93,1.0,-1,0,0,0,0,-1,0,0,0,0,-1,1,-1,0,CoryxKenshin
94,1.0,1,0,0,0,0,0,0,1,0,0,1,0,-1,0,CoryxKenshin
95,1.0,1,0,0,0,0,0,0,1,0,0,1,0,0,0,CoryxKenshin
96,1.0,0,0,1,1,0,1,0,0,0,-1,1,0,0,0,CoryxKenshin
97,-1.0,0,0,0,1,-1,1,0,0,-1,1,0,-1,1,0,CoryxKenshin
98,-1.0,-1,0,1,0,0,1,0,0,0,0,0,0,-1,0,CoryxKenshin
99,-1.0,1,1,1,1,0,-1,0,0,1,-1,0,0,-1,-1,CoryxKenshin
100,-1.0,-1,-1,-1,0,-1,0,1,0,0,0,1,-1,0,0,CoryxKenshin
101,-1.0,0,0,-1,1,-1,0,1,0,0,1,0,-1,0,0,CoryxKenshin
102,-1.0,1,1,1,0,1,0,-1,0,0,-1,0,1,-1,0,CoryxKenshin
103,-1.0,1,0,-1,-1,0,0,1,-1,0,0,0,0,-1,-1,CoryxKenshin
104,-1.0,1,0,0,0,0,1,0,0,0,0,1,-1,0,0,CoryxKenshin
105,-1.0,1,0,0,0,0,1,0,0,0,0,1,-1,0,0,CoryxKenshin
106,-1.0,-1,0,0,0,0,0,0,-1,0,0,-1,0,1,0,CoryxKenshin
107,-1.0,1,0,0,0,0,0,0,-1,0,0,-1,0,1,0,CoryxKenshin
108,-1.0,-1,0,0,0,0,-1,0,0,0,0,-1,1,0,0,CoryxKenshin
109,-1.0,0,0,0,1,-1,1,0,0,-1,1,0,-1,1,0,CoryxKenshin
110,1.0,0,0,0,-1,1,-1,0,0,1,-1,0,1,0,0,DeadMeat
111,1.0,1,1,1,1,0,1,-1,0,-1,-1,0,0,-1,0,DeadMeat
112,1.0,0,0,1,1,0,0,0,0,0,0,0,-1,0,0,DeadMeat
113,1.0,-1,0,0,-1,0,0,-1,0,0,0,0,0,0,0,DeadMeat
114,1.0,0,0,1,1,0,1,-1,0,-1,1,0,0,1,1,DeadMeat
115,1.0,-1,0,0,1,0,-1,0,0,0,0,0,1,1,0,DeadMeat
116,1.0,1,0,1,-1,0,0,-1,0,0,0,0,0,0,0,DeadMeat
117,1.0,-1,0,1,-1,0,-1,0,0,0,1,0,-1,1,0,DeadMeat
118,1.0,1,1,1,1,0,0,0,0,0,0,-1,1,1,0,DeadMeat
119,1.0,-1,0,0,0,0,0,-1,0,0,-1,0,1,0,0,DeadMeat
120,1.0,0,0,0,0,0,0,0,0,0,0,0,0,0,0,DeadMeat
121,1.0,-1,0,0,0,0,0,-1,1,0,0,0,0,1,1,DeadMeat
122,1.0,0,0,0,0,0,0,1,0,0,1,0,-1,0,0,DeadMeat
123,1.0,1,1,0,0,0,0,-1,0,0,-1,0,1,0,0,DeadMeat
124,1.0,-1,-1,1,1,0,0,1,0,0,0,0,-1,0,0,DeadMeat
125,1.0,0,0,0,0,0,0,0,-1,0,0,0,1,1,0,DeadMeat
126,1.0,1,-1,-1,-1,0,1,-1,0,-1,0,0,0,-1,0,DeadMeat
127,1.0,-1,0,0,0,0,-1,0,1,0,0,1,0,0,0,DeadMeat
128,1.0,-1,0,0,0,0,-1,0,1,0,0,1,0,0,0,DeadMeat
129,1.0,0,0,1,1,0,1,0,0,0,-1,1,0,0,0,DeadMeat
130,1.0,-1,0,0,0,0,-1,0,0,0,0,-1,1,0,0,DeadMeat
131,1.0,0,0,0,0,0,0,1,-1,1,0,0,0,0,0,DeadMeat
132,1.0,0,0,-1,-1,0,-1,0,0,0,1,-1,0,0,0,DeadMeat
133,1.0,1,0,0,0,0,1,0,0,0,-1,0,0,0,0,DeadMeat
134,1.0,0,0,0,0,0,1,0,0,0,0,0,0,-1,0,DeadMeat
135,1.0,0,0,0,0,0,0,0,1,0,0,0,0,0,0,DeadMeat
136,1.0,1,0,0,0,0,1,0,0,0,0,1,-1,1,0,DeadMeat
137,1.0,1,0,0,0,0,1,0,0,0,-1,0,0,-1,0,DeadMeat
138,1.0,0,0,0,0,0,0,0,0,0,0,1,0,1,0,DeadMeat
139,1.0,1,0,0,0,0,-1,0,1,0,0,1,0,1,0,DeadMeat
140,1.0,1,0,0,0,0,-1,0,1,0,0,1,0,0,0,DeadMeat
141,1.0,-1,0,0,0,0,1,0,-1,0,0,-1,0,0,0,DeadMeat
142,1.0,1,0,0,0,0,1,0,0,0,0,1,-1,1,0,DeadMeat
143,1.0,1,0,0,0,0,1,0,0,0,-1,0,0,-1,0,DeadMeat
144,1.0,-1,0,0,0,0,-1,0,1,0,0,0,0,1,0,DeadMeat
145,1.0,1,0,0,0,0,1,0,-1,0,0,0,0,0,0,DeadMeat
146,1.0,-1,0,0,0,0,-1,0,0,0,0,-1,1,0,0,DeadMeat
147,1.0,0,0,0,0,0,0,0,1,0,0,0,-1,0,0,DeadMeat
148,1.0,1,0,0,0,0,1,0,0,0,0,1,-1,0,0,DeadMeat
149,1.0,0,0,-1,-1,0,-1,0,0,0,1,-1,0,1,0,DeadMeat
150,1.0,0,0,0,0,0,0,0,1,0,0,0,-1,-1,0,DeadMeat
151,1.0,0,0,-1,-1,0,-1,0,0,0,1,-1,0,0,0,DeadMeat
152,1.0,0,0,0,0,0,1,0,0,0,0,0,0,0,0,DeadMeat
153,1.0,0,0,0,0,0,-1,0,1,0,0,1,0,0,0,DeadMeat
154,1.0,0,0,0,0,0,0,0,0,0,0,0,0,0,0,DeadMeat
155,1.0,1,0,0,0,0,1,0,0,0,0,0,0,0,0,DeadMeat
156,1.0,0,0,1,1,0,1,0,0,0,-1,1,0,0,0,DeadMeat
157,1.0,0,0,0,0,0,0,0,1,0,0,0,-1,0,0,DeadMeat
158,1.0,-1,-1,-1,0,-1,0,1,0,0,1,0,-1,0,0,DeadMeat
159,-1.0,-1,0,1,1,0,0,0,0,0,0,0,0,-1,0,DeadMeat
160,-1.0,0,0,0,1,-1,1,0,0,-1,1,0,-1,1,0,DeadMeat
161,-1.0,0,0,-1,-1,0,-1,1,0,1,-1,0,0,-1,0,DeadMeat
162,-1.0,0,0,1,1,0,1,-1,0,-1,1,0,0,0,0,DeadMeat
163,-1.0,0,-1,0,-1,-1,1,0,0,0,0,0,-1,-1,0,DeadMeat
164,-1.0,1,0,-1,1,0,1,0,0,0,-1,0,1,0,0,DeadMeat
165,-1.0,0,0,0,1,-1,0,0,0,1,-1,0,1,-1,0,DeadMeat
166,-1.0,-1,-1,-1,0,-1,0,1,0,0,1,0,-1,-1,0,DeadMeat
167,-1.0,1,0,0,0,0,0,1,0,0,1,0,-1,0,0,DeadMeat
168,-1.0,1,0,0,0,0,0,1,0,0,1,0,-1,0,0,DeadMeat
169,-1.0,1,0,-1,-1,0,0,1,-1,0,0,0,0,-1,-1,DeadMeat
170,-1.0,0,0,0,0,0,0,-1,1,-1,0,0,0,0,0,DeadMeat
171,-1.0,-1,0,0,0,0,-1,0,1,0,0,1,0,0,0,DeadMeat
172,-1.0,1,0,0,0,0,1,0,-1,0,0,-1,0,1,0,DeadMeat
173,-1.0,1,0,0,0,0,1,0,-1,0,0,-1,0,-1,0,DeadMeat
174,-1.0,-1,0,0,0,0,-1,0,1,0,0,1,0,1,0,DeadMeat
175,-1.0,1,0,0,0,0,1,0,-1,0,0,-1,0,0,0,DeadMeat
176,-1.0,-1,0,0,0,0,-1,0,1,0,0,0,0,-1,0,DeadMeat
177,-1.0,1,0,0,0,0,1,0,-1,0,0,-1,0,0,0,DeadMeat
178,-1.0,-1,0,0,0,0,-1,0,0,0,1,0,0,0,0,DeadMeat
179,-1.0,0,0,0,0,0,0,0,1,0,0,0,-1,0,0,DeadMeat
180,-1.0,0,0,0,0,0,0,-1,1,-1,0,0,0,0,0,DeadMeat
181,-1.0,-1,0,0,0,0,-1,0,0,0,0,0,0,1,0,DeadMeat
182,-1.0,0,0,0,0,0,0,0,0,0,0,0,0,0,0,DeadMeat
183,-1.0,0,0,1,1,0,-1,0,-1,0,0,0,1,0,0,DeadMeat
184,-1.0,0,0,-1,-1,0,-1,0,0,0,1,-1,0,0,0,DeadMeat
185,-1.0,-1,0,0,0,0,-1,0,1,0,0,0,0,0,0,DeadMeat
186,-1.0,1,0,0,0,0,1,0,-1,0,0,-1,0,-1,0,DeadMeat
187,-1.0,-1,0,0,0,0,-1,0,0,0,0,0,0,0,0,DeadMeat
188,-1.0,-1,0,0,0,0,1,0,-1,0,0,-1,0,-1,0,DeadMeat
189,-1.0,0,0,1,1,0,0,0,-1,0,0,-1,1,0,0,DeadMeat
190,-1.0,1,0,0,0,0,1,0,-1,0,0,-1,0,0,0,DeadMeat
191,-1.0,-1,0,0,0,0,-1,0,0,0,1,0,0,-1,0,DeadMeat
192,-1.0,0,0,0,0,0,0,0,-1,0,0,0,1,0,0,DeadMeat
193,-1.0,0,0,1,1,0,1,0,0,0,-1,1,0,-1,0,DeadMeat
194,-1.0,-1,0,0,0,0,-1,0,0,0,0,0,0,0,0,DeadMeat
195,-1.0,0,0,0,0,0,1,0,-1,0,0,-1,0,0,0,DeadMeat
196,-1.0,1,0,0,0,0,0,0,1,0,0,1,0,0,0,DeadMeat
197,-1.0,-1,0,0,0,0,0,0,-1,0,0,-1,0,1,0,DeadMeat
198,-1.0,0,0,0,0,0,0,0,1,0,0,0,0,-1,0,DeadMeat
199,-1.0,0,0,0,0,0,0,0,-1,0,0,0,0,0,0,DeadMeat
200,-1.0,0,0,0,0,0,-1,0,0,0,0,0,0,0,0,DeadMeat
201,-1.0,-1,0,0,0,0,-1,0,0,0,1,0,0,0,0,DeadMeat
202,-1.0,-1,0,0,0,0,-1,0,0,0,0,-1,1,0,0,DeadMeat
203,-1.0,0,0,0,0,0,0,1,-1,1,0,0,0,0,0,DeadMeat
204,-1.0,1,0,0,0,0,1,0,-1,0,0,-1,0,-1,0,DeadMeat
205,-1.0,0,0,0,0,0,-1,0,0,0,0,0,0,0,0,DeadMeat
206,-1.0,0,0,0,1,-1,1,0,0,-1,1,0,-1,1,0,DeadMeat
207,-1.0,-1,0,0,0,0,0,0,-1,0,0,-1,0,1,0,DeadMeat
208,1.0,0,0,0,-1,1,-1,0,0,1,-1,0,1,0,0,HollowPoiint
209,1.0,1,1,1,1,0,1,-1,0,-1,-1,0,0,0,0,HollowPoiint
210,1.0,0,0,-1,-1,0,0,0,0,0,1,0,1,0,0,HollowPoiint
211,1.0,0,0,1,1,0,1,-1,0,-1,1,0,0,1,1,HollowPoiint
212,1.0,-1,0,0,1,0,-1,0,0,0,0,0,1,0,0,HollowPoiint
213,1.0,-1,0,0,0,0,0,-1,1,0,0,0,0,1,1,HollowPoiint
214,-1.0,0,0,0,1,-1,1,0,0,-1,1,0,-1,1,0,HollowPoiint
215,-1.0,0,0,1,1,0,0,0,0,0,-1,0,-1,-1,0,HollowPoiint
216,-1.0,1,1,1,0,0,-1,0,0,1,-1,0,1,-1,-1,HollowPoiint
217,-1.0,0,0,0,-1,1,0,0,0,-1,1,0,-1,0,0,HollowPoiint
218,-1.0,1,0,-1,-1,0,0,1,-1,0,0,0,0,-1,-1,HollowPoiint
219,-1.0,0,0,0,-1,1,0,0,0,-1,1,0,-1,0,0,HollowPoiint
220,1.0,0,0,0,-1,1,-1,0,0,1,-1,0,1,0,0,Jacksepticeye
221,1.0,-1,-1,-1,-1,0,0,1,0,1,0,0,0,1,0,Jacksepticeye
222,1.0,0,0,-1,-1,0,0,0,0,0,1,0,1,0,0,Jacksepticeye
223,1.0,0,0,1,1,0,1,-1,0,-1,1,0,0,1,1,Jacksepticeye
224,1.0,0,-1,0,-1,-1,1,0,0,0,0,0,-1,-1,0,Jacksepticeye
225,1.0,1,0,-1,1,0,1,0,0,0,-1,0,1,0,0,Jacksepticeye
226,1.0,-1,0,1,-1,0,-1,0,0,0,1,0,-1,1,0,Jacksepticeye
227,1.0,0,1,0,1,1,-1,0,0,0,0,0,1,1,0,Jacksepticeye
228,1.0,-1,0,0,0,0,0,-1,1,0,0,0,0,1,1,Jacksepticeye
229,1.0,-1,0,0,0,0,-1,0,1,0,0,1,0,1,0,Jacksepticeye
230,1.0,1,0,0,0,0,1,0,-1,0,0,0,0,1,0,Jacksepticeye
231,1.0,0,0,0,0,0,-1,0,1,0,0,1,0,1,0,Jacksepticeye
232,1.0,1,0,0,0,0,0,0,1,0,0,1,0,1,0,Jacksepticeye
233,1.0,0,0,0,0,0,-1,0,1,0,0,1,0,1,0,Jacksepticeye
234,1.0,1,0,0,0,0,1,0,0,0,-1,0,0,-1,0,Jacksepticeye
235,1.0,1,0,0,0,0,1,0,-1,0,0,0,0,0,0,Jacksepticeye
236,1.0,1,0,0,0,0,0,0,1,0,0,1,0,1,0,Jacksepticeye
237,1.0,0,0,0,0,0,0,0,0,0,0,0,0,1,0,Jacksepticeye
238,1.0,0,0,0,0,0,0,0,0,0,0,0,0,0,0,Jacksepticeye
239,1.0,1,0,0,0,0,1,0,0,0,0,0,0,0,0,Jacksepticeye
240,1.0,1,1,0,1,0,0,-1,0,0,0,0,1,0,0,Jacksepticeye
241,-1.0,0,0,0,1,-1,1,0,0,-1,1,0,-1,1,0,Jacksepticeye
242,-1.0,1,0,-1,0,0,-1,0,0,0,0,0,0,0,0,Jacksepticeye
243,-1.0,0,0,1,1,0,0,0,0,0,0,0,-1,0,0,Jacksepticeye
244,-1.0,0,0,-1,-1,0,-1,1,0,1,-1,0,0,-1,0,Jacksepticeye
245,-1.0,1,1,1,0,0,-1,0,0,1,-1,0,1,-1,-1,Jacksepticeye
246,-1.0,-1,0,0,0,-1,-1,1,0,1,0,0,-1,0,0,Jacksepticeye
247,-1.0,0,0,0,1,-1,0,0,0,1,-1,0,1,-1,0,Jacksepticeye
248,-1.0,-1,-1,-1,0,-1,0,1,0,0,1,0,-1,0,0,Jacksepticeye
249,-1.0,1,0,-1,-1,0,0,1,-1,0,0,0,0,-1,-1,Jacksepticeye
250,-1.0,1,0,0,0,0,1,0,-1,0,0,-1,0,-1,0,Jacksepticeye
251,-1.0,-1,0,0,0,0,-1,0,0,0,0,0,0,-1,0,Jacksepticeye
252,-1.0,0,0,0,0,0,1,0,-1,0,0,-1,0,-1,0,Jacksepticeye
253,-1.0,-1,0,0,0,0,0,0,-1,0,0,-1,0,-1,0,Jacksepticeye
254,-1.0,0,0,1,1,0,0,0,-1,0,0,-1,1,-1,0,Jacksepticeye
255,-1.0,-1,0,0,0,0,-1,0,1,0,0,1,0,0,0,Jacksepticeye
256,-1.0,-1,0,0,0,0,-1,0,0,0,0,0,0,-1,0,Jacksepticeye
257,-1.0,-1,0,0,0,0,0,0,-1,0,0,-1,0,-1,0,Jacksepticeye
258,-1.0,0,0,0,0,0,0,0,0,0,0,0,0,-1,0,Jacksepticeye
259,-1.0,0,0,0,0,0,-1,0,0,0,0,0,0,0,0,Jacksepticeye
260,-1.0,-1,0,0,0,0,-1,0,0,0,1,0,0,0,0,Jacksepticeye
261,-1.0,-1,-1,-1,0,-1,0,1,0,0,1,0,-1,0,0,Jacksepticeye
262,1.0,1,0,-1,-1,0,-1,0,0,1,0,0,0,1,0,JazzyGuns
263,1.0,-1,0,1,1,0,1,0,0,-1,0,0,0,-1,0,JazzyGuns
264,1.0,0,0,0,1,0,1,0,0,-1,1,-1,0,0,0,JazzyGuns
265,1.0,-1,-1,-1,-1,0,0,1,0,1,0,0,0,0,0,JazzyGuns
266,1.0,0,0,-1,-1,0,0,0,0,0,1,0,1,0,0,JazzyGuns
267,1.0,-1,-1,-1,0,-1,0,1,0,0,1,0,-1,1,0,JazzyGuns
268,1.0,0,0,0,-1,0,1,-1,0,-1,0,0,0,1,0,JazzyGuns
269,1.0,1,0,0,0,0,0,1,0,0,1,0,-1,1,0,JazzyGuns
270,1.0,0,0,1,-1,1,0,-1,0,0,-1,0,1,-1,0,JazzyGuns
271,1.0,-1,0,1,-1,0,-1,0,0,0,1,0,-1,1,0,JazzyGuns
272,1.0,-1,0,0,0,0,0,-1,1,0,0,0,0,1,1,JazzyGuns
273,1.0,1,0,0,0,0,1,0,0,0,0,1,-1,0,0,JazzyGuns
274,1.0,1,0,0,0,0,1,0,-1,0,0,0,0,0,0,JazzyGuns
275,1.0,1,0,0,0,0,0,0,1,0,0,1,0,0,0,JazzyGuns
276,1.0,0,0,0,0,0,0,0,1,0,0,0,0,0,0,JazzyGuns
277,1.0,-1,0,0,0,0,-1,0,1,0,0,1,0,-1,0,JazzyGuns
278,1.0,1,0,0,0,0,0,0,1,0,0,1,0,1,0,JazzyGuns
279,1.0,1,0,0,0,0,1,0,0,0,0,0,0,0,0,JazzyGuns
280,1.0,-1,0,0,0,0,-1,0,1,0,0,1,0,0,0,JazzyGuns
281,1.0,0,0,1,-1,1,0,-1,0,0,-1,0,1,-1,0,JazzyGuns
282,1.0,1,0,0,0,0,1,0,-1,0,0,0,0,0,0,JazzyGuns
283,-1.0,-1,0,1,1,0,0,0,0,0,0,0,0,-1,0,JazzyGuns
284,-1.0,0,0,0,-1,0,-1,0,0,1,-1,1,0,0,0,JazzyGuns
285,-1.0,0,0,0,-1,1,-1,0,0,1,-1,0,1,0,0,JazzyGuns
286,-1.0,0,0,1,1,0,0,0,0,0,0,0,-1,0,1,JazzyGuns
287,-1.0,1,1,1,0,0,-1,0,0,1,-1,0,1,-1,-1,JazzyGuns
288,-1.0,-1,0,0,1,0,-1,0,0,0,0,0,1,0,0,JazzyGuns
289,-1.0,-1,0,0,0,0,0,-1,0,0,-1,0,1,-1,0,JazzyGuns
290,-1.0,-1,0,0,0,0,0,-1,0,0,-1,0,1,0,0,JazzyGuns
291,-1.0,1,0,0,0,-1,1,0,0,0,0,0,-1,0,0,JazzyGuns
292,-1.0,0,0,0,1,-1,0,0,0,1,-1,0,1,-1,0,JazzyGuns
293,-1.0,1,0,-1,-1,0,0,1,-1,0,0,0,0,-1,-1,JazzyGuns
294,-1.0,1,1,0,0,0,0,-1,0,0,-1,0,1,0,0,JazzyGuns
295,-1.0,0,0,-1,-1,0,-1,0,0,0,1,-1,0,1,0,JazzyGuns
296,-1.0,-1,0,0,0,0,0,0,0,0,0,0,0,0,0,JazzyGuns
297,-1.0,0,0,0,0,0,0,0,0,0,0,0,0,-1,0,JazzyGuns
298,-1.0,-1,0,0,0,0,0,0,-1,0,0,-1,0,0,0,JazzyGuns
299,-1.0,0,0,1,1,0,-1,0,-1,0,0,0,1,0,0,JazzyGuns
300,-1.0,1,0,0,0,0,1,0,-1,0,0,-1,0,0,0,JazzyGuns
301,-1.0,0,0,0,0,0,1,0,0,0,0,0,0,-1,0,JazzyGuns
302,-1.0,-1,0,0,0,0,0,0,-1,0,0,-1,0,-1,0,JazzyGuns
303,-1.0,1,0,0,0,0,1,0,-1,0,0,-1,0,0,0,JazzyGuns
304,1.0,-1,0,1,0,1,0,0,0,0,-1,0,1,-1,0,JohnWolfe
305,1.0,-1,-1,-1,-1,0,0,1,0,1,0,0,0,1,0,JohnWolfe
306,1.0,0,0,1,1,0,1,-1,0,-1,1,0,0,1,1,JohnWolfe
307,1.0,0,0,1,-1,1,0,-1,0,0,-1,0,1,-1,0,JohnWolfe
308,1.0,-1,0,0,0,0,0,-1,0,0,-1,0,1,0,0,JohnWolfe
309,1.0,-1,0,1,-1,0,-1,0,0,0,1,0,-1,1,0,JohnWolfe
310,1.0,1,1,0,0,1,0,0,0,0,0,0,0,0,0,JohnWolfe
311,1.0,1,1,1,1,0,0,0,0,0,0,-1,1,0,0,JohnWolfe
312,1.0,-1,-1,0,-1,0,0,1,0,0,0,0,-1,0,0,JohnWolfe
313,1.0,-1,0,0,0,0,0,-1,1,0,0,0,0,1,1,JohnWolfe
314,1.0,0,0,0,0,0,0,0,-1,0,0,0,1,0,0,JohnWolfe
315,1.0,0,0,-1,-1,0,-1,0,0,0,1,-1,0,1,0,JohnWolfe
316,1.0,-1,0,0,0,0,-1,0,1,0,0,0,0,1,0,JohnWolfe
317,1.0,-1,0,0,0,0,-1,0,1,0,0,1,0,-1,0,JohnWolfe
318,1.0,1,0,0,0,0,-1,0,1,0,0,1,0,0,0,JohnWolfe
319,1.0,0,0,0,0,0,-1,0,1,0,0,1,0,0,0,JohnWolfe
320,1.0,0,0,0,0,0,0,0,0,0,0,0,0,0,0,JohnWolfe
321,1.0,0,0,0,0,0,0,0,1,0,0,0,0,0,0,JohnWolfe
322,1.0,0,0,0,0,0,0,0,0,0,0,0,0,0,0,JohnWolfe
323,1.0,-1,0,0,0,0,-1,0,0,0,0,-1,1,0,0,JohnWolfe
324,1.0,0,0,0,0,0,0,0,1,0,0,0,-1,0,0,JohnWolfe
325,-1.0,0,0,0,1,-1,1,0,0,-1,1,0,-1,1,0,JohnWolfe
326,-1.0,1,1,1,1,0,1,-1,0,-1,-1,0,0,0,0,JohnWolfe
327,-1.0,1,1,1,0,0,-1,0,0,1,-1,0,1,-1,-1,JohnWolfe
328,-1.0,0,0,-1,1,-1,0,1,0,0,1,0,-1,0,0,JohnWolfe
329,-1.0,0,0,1,-1,1,0,0,0,-1,1,0,-1,0,0,JohnWolfe
330,-1.0,0,0,1,-1,-1,-1,0,0,1,0,0,-1,0,0,JohnWolfe
331,-1.0,0,0,-1,1,1,1,0,0,-1,0,0,1,0,0,JohnWolfe
332,-1.0,0,0,0,1,-1,0,0,0,1,-1,0,1,-1,0,JohnWolfe
333,-1.0,1,1,-1,1,-1,0,0,0,0,1,0,0,0,0,JohnWolfe
334,-1.0,1,0,-1,-1,0,0,1,-1,0,0,0,0,-1,-1,JohnWolfe
335,-1.0,1,1,0,0,0,0,-1,0,0,-1,0,1,0,0,JohnWolfe
336,-1.0,1,0,0,0,0,1,0,0,0,0,1,-1,0,0,JohnWolfe
337,-1.0,1,0,0,0,0,1,0,-1,0,0,0,0,-1,0,JohnWolfe
338,-1.0,1,0,0,0,0,1,0,-1,0,0,-1,0,1,0,JohnWolfe
339,-1.0,-1,0,0,0,0,-1,0,0,0,0,0,0,-1,0,JohnWolfe
340,-1.0,0,0,0,0,0,1,0,-1,0,0,-1,0,0,0,JohnWolfe
341,-1.0,1,0,0,0,0,0,0,1,0,0,1,0,0,0,JohnWolfe
342,-1.0,0,0,0,0,0,0,0,-1,0,0,0,0,-1,0,JohnWolfe
343,-1.0,0,0,0,0,0,0,1,-1,1,0,0,0,0,0,JohnWolfe
344,-1.0,1,1,1,0,0,-1,0,0,1,-1,0,1,-1,-1,JohnWolfe
345,-1.0,1,1,0,0,0,0,-1,0,0,-1,0,1,0,0,JohnWolfe
346,1.0,1,0,-1,-1,0,-1,0,0,1,0,0,0,1,0,LayItDownGaming
347,1.0,1,0,-1,0,0,-1,0,0,0,0,0,0,0,0,LayItDownGaming
348,1.0,-1,-1,-1,-1,0,0,1,0,1,0,0,0,1,0,LayItDownGaming
349,1.0,0,0,1,1,0,0,0,0,0,0,0,-1,-1,0,LayItDownGaming
350,1.0,-1,0,0,-1,0,0,-1,0,0,0,0,0,0,0,LayItDownGaming
351,1.0,0,0,1,1,0,1,-1,0,-1,1,0,0,1,1,LayItDownGaming
352,1.0,1,1,1,1,0,0,0,0,0,0,-1,1,1,0,LayItDownGaming
353,1.0,1,1,1,0,1,0,-1,0,0,-1,0,1,-1,0,LayItDownGaming
354,1.0,-1,0,0,0,0,0,-1,0,0,-1,0,1,0,0,LayItDownGaming
355,1.0,1,0,0,0,0,0,1,0,0,1,0,-1,0,0,LayItDownGaming
356,1.0,0,0,1,-1,1,0,-1,0,0,-1,0,1,0,0,LayItDownGaming
357,1.0,-1,0,-1,-1,0,0,-1,0,0,-1,0,0,0,0,LayItDownGaming
358,1.0,1,0,0,0,1,1,-1,0,-1,0,0,1,0,0,LayItDownGaming
359,1.0,1,0,0,-1,0,1,0,0,0,0,0,-1,0,0,LayItDownGaming
360,1.0,-1,0,0,0,0,0,-1,1,0,0,0,0,1,1,LayItDownGaming
361,1.0,-1,-1,0,0,0,0,1,0,0,0,1,-1,-1,0,LayItDownGaming
362,1.0,1,1,0,0,0,0,-1,0,0,0,-1,1,1,0,LayItDownGaming
363,1.0,0,0,-1,-1,0,-1,0,0,0,1,-1,0,1,0,LayItDownGaming
364,1.0,-1,0,0,0,0,-1,0,1,0,0,0,0,1,0,LayItDownGaming
365,1.0,-1,0,0,0,0,-1,0,1,0,0,1,0,1,0,LayItDownGaming
366,1.0,-1,0,0,0,0,-1,0,1,0,0,1,0,0,0,LayItDownGaming
367,1.0,1,0,0,0,0,-1,0,1,0,0,1,0,0,0,LayItDownGaming
368,1.0,0,0,0,0,0,-1,0,1,0,0,1,0,0,0,LayItDownGaming
369,1.0,1,0,0,0,0,0,0,1,0,0,1,0,1,0,LayItDownGaming
370,1.0,0,0,0,0,0,0,0,1,0,0,0,0,1,0,LayItDownGaming
371,1.0,1,0,0,0,0,0,0,1,0,0,0,0,0,0,LayItDownGaming
372,1.0,1,0,0,0,0,1,0,0,0,0,0,0,0,0,LayItDownGaming
373,1.0,-1,0,0,0,0,-1,0,0,0,0,0,1,0,0,LayItDownGaming
374,1.0,0,0,0,0,0,0,1,-1,1,0,0,0,0,0,LayItDownGaming
375,-1.0,-1,0,1,1,0,0,0,0,0,0,0,0,-1,0,LayItDownGaming
376,-1.0,-1,0,1,1,0,1,0,0,-1,0,0,0,-1,0,LayItDownGaming
377,-1.0,1,1,1,1,0,1,-1,0,-1,-1,0,0,-1,0,LayItDownGaming
378,-1.0,0,0,-1,-1,0,-1,1,0,1,-1,0,0,0,0,LayItDownGaming
379,-1.0,1,0,0,1,0,0,1,0,0,0,0,0,0,0,LayItDownGaming
380,-1.0,1,1,1,0,0,-1,0,0,1,-1,0,1,-1,-1,LayItDownGaming
381,-1.0,-1,-1,-1,0,-1,0,1,0,0,1,0,-1,0,0,LayItDownGaming
382,-1.0,0,0,0,-1,0,1,-1,0,-1,0,0,0,1,0,LayItDownGaming
383,-1.0,0,0,-1,1,-1,0,1,0,0,1,0,-1,0,0,LayItDownGaming
384,-1.0,0,0,-1,1,-1,0,1,0,0,1,0,-1,0,0,LayItDownGaming
385,-1.0,1,0,1,1,0,0,1,0,0,1,0,0,0,0,LayItDownGaming
386,-1.0,0,0,0,1,-1,0,0,0,1,-1,0,1,-1,0,LayItDownGaming
387,-1.0,1,0,-1,-1,0,0,1,-1,0,0,0,0,-1,-1,LayItDownGaming
388,-1.0,-1,-1,1,1,0,0,1,0,0,0,0,-1,-1,0,LayItDownGaming
389,-1.0,1,0,0,0,0,1,0,0,0,-1,0,0,-1,0,LayItDownGaming
390,-1.0,1,0,0,0,0,1,0,-1,0,0,0,0,-1,0,LayItDownGaming
391,-1.0,1,0,0,0,0,1,0,0,0,0,0,0,0,0,LayItDownGaming
392,-1.0,1,0,0,0,0,1,0,-1,0,0,-1,0,0,0,LayItDownGaming
393,-1.0,-1,0,0,0,0,1,0,-1,0,0,-1,0,0,0,LayItDownGaming
394,-1.0,0,0,0,0,0,1,0,-1,0,0,-1,0,0,0,LayItDownGaming
395,-1.0,-1,0,0,0,0,0,0,-1,0,0,-1,0,-1,0,LayItDownGaming
396,-1.0,0,0,0,0,0,0,0,-1,0,0,0,0,-1,0,LayItDownGaming
397,-1.0,-1,0,0,0,0,0,0,-1,0,0,0,0,0,0,LayItDownGaming
398,-1.0,0,0,0,0,0,-1,0,0,0,0,0,0,-1,0,LayItDownGaming
399,-1.0,-1,0,0,0,0,-1,0,0,0,1,0,0,0,0,LayItDownGaming
400,-1.0,0,0,1,1,0,1,0,0,0,-1,0,0,0,0,LayItDownGaming
401,-1.0,0,0,0,0,0,0,0,1,0,0,0,-1,0,0,LayItDownGaming
402,-1.0,1,1,0,1,0,0,-1,0,0,0,0,1,0,0,LayItDownGaming
403,-1.0,-1,-1,-1,0,-1,0,1,0,0,1,0,-1,0,0,LayItDownGaming
404,1.0,0,0,0,-1,0,-1,0,0,1,-1,1,0,0,0,LiteWeightGaming
405,1.0,0,0,0,-1,1,-1,0,0,1,-1,0,1,0,0,LiteWeightGaming
406,1.0,1,0,-1,0,0,-1,0,0,0,0,0,0,0,0,LiteWeightGaming
407,1.0,-1,-1,-1,-1,0,0,1,0,1,0,0,0,1,0,LiteWeightGaming
408,1.0,0,0,-1,-1,0,0,0,0,0,1,0,1,0,0,LiteWeightGaming
409,1.0,-1,0,0,-1,0,0,-1,0,0,0,0,0,0,0,LiteWeightGaming
410,1.0,0,0,1,1,0,1,-1,0,-1,1,0,0,1,1,LiteWeightGaming
411,1.0,-1,0,0,1,0,-1,0,0,0,0,0,1,0,0,LiteWeightGaming
412,1.0,1,0,0,-1,0,1,0,0,0,0,0,-1,0,0,LiteWeightGaming
413,1.0,0,1,0,1,1,-1,0,0,0,0,0,1,0,0,LiteWeightGaming
414,1.0,0,0,1,-1,1,0,-1,0,0,-1,0,1,0,0,LiteWeightGaming
415,1.0,0,0,0,-1,0,1,-1,0,-1,0,0,0,1,0,LiteWeightGaming
416,1.0,-1,-1,0,-1,0,0,1,0,0,0,0,-1,0,0,LiteWeightGaming
417,1.0,1,1,0,1,0,0,-1,0,0,0,0,1,1,0,LiteWeightGaming
418,1.0,0,0,0,-1,1,0,0,0,-1,1,0,-1,0,0,LiteWeightGaming
419,1.0,-1,0,1,-1,0,-1,0,0,0,1,0,-1,1,0,LiteWeightGaming
420,1.0,-1,-1,-1,0,-1,0,1,0,0,1,0,-1,0,0,LiteWeightGaming
421,1.0,-1,0,0,0,0,0,-1,1,0,0,0,0,1,1,LiteWeightGaming
422,1.0,1,1,0,0,0,0,-1,0,0,-1,0,1,0,0,LiteWeightGaming
423,1.0,-1,-1,1,1,0,0,1,0,0,0,0,-1,0,0,LiteWeightGaming
424,1.0,0,0,0,0,0,0,0,-1,0,0,0,1,1,0,LiteWeightGaming
425,1.0,0,0,-1,-1,0,-1,0,0,0,1,-1,0,1,0,LiteWeightGaming
426,1.0,1,0,0,0,0,1,0,0,0,-1,0,0,0,0,LiteWeightGaming
427,1.0,0,0,0,0,0,-1,0,1,0,0,1,0,1,0,LiteWeightGaming
428,1.0,0,0,0,0,0,0,0,-1,0,0,0,0,0,0,LiteWeightGaming
429,1.0,-1,0,0,0,0,0,0,-1,0,0,-1,0,0,0,LiteWeightGaming
430,1.0,-1,0,0,0,0,-1,0,1,0,0,1,0,0,0,LiteWeightGaming
431,1.0,-1,0,0,0,0,-1,0,0,0,1,0,0,0,0,LiteWeightGaming
432,1.0,0,0,1,1,0,1,0,0,0,-1,1,0,0,0,LiteWeightGaming
433,1.0,1,0,0,0,0,1,0,0,0,-1,0,0,1,0,LiteWeightGaming
434,1.0,-1,0,0,0,0,-1,0,0,0,1,0,0,0,0,LiteWeightGaming
435,1.0,1,0,0,0,0,1,0,-1,0,0,0,0,0,0,LiteWeightGaming
436,1.0,0,0,0,0,0,0,0,1,0,0,0,-1,0,0,LiteWeightGaming
437,1.0,-1,0,0,0,0,0,-1,1,0,0,0,0,0,0,LiteWeightGaming
438,1.0,1,0,0,0,0,1,0,0,0,-1,0,0,0,0,LiteWeightGaming
439,1.0,0,0,1,1,0,1,0,0,0,-1,1,0,0,0,LiteWeightGaming
440,1.0,-1,0,0,-1,0,0,-1,0,0,0,0,0,0,0,LiteWeightGaming
441,1.0,-1,0,0,0,0,0,0,-1,0,0,-1,0,0,0,LiteWeightGaming
442,-1.0,-1,0,1,1,0,0,0,0,0,0,0,0,-1,0,LiteWeightGaming
443,-1.0,-1,0,1,1,0,1,0,0,-1,0,0,0,-1,0,LiteWeightGaming
444,-1.0,0,0,0,1,0,1,0,0,-1,1,-1,0,0,0,LiteWeightGaming
445,-1.0,0,0,0,1,-1,1,0,0,-1,1,0,-1,1,0,LiteWeightGaming
446,-1.0,1,0,-1,0,0,-1,0,0,0,0,0,0,0,0,LiteWeightGaming
447,-1.0,1,1,1,1,0,1,-1,0,-1,-1,0,0,0,0,LiteWeightGaming
448,-1.0,0,0,-1,-1,0,-1,1,0,1,-1,0,0,-1,0,LiteWeightGaming
449,-1.0,1,0,0,1,0,0,1,0,0,0,0,0,0,0,LiteWeightGaming
450,-1.0,1,1,1,0,0,-1,0,0,1,-1,0,1,-1,-1,LiteWeightGaming
451,-1.0,0,-1,0,-1,-1,1,0,0,0,0,0,-1,0,0,LiteWeightGaming
452,-1.0,0,0,0,-1,1,0,0,0,-1,1,0,-1,0,0,LiteWeightGaming
453,-1.0,0,0,0,1,-1,0,0,0,1,-1,0,1,0,0,LiteWeightGaming
454,-1.0,0,0,0,1,0,-1,1,0,1,0,0,0,0,0,LiteWeightGaming
455,-1.0,1,0,1,1,0,0,1,0,0,1,-1,0,0,0,LiteWeightGaming
456,-1.0,0,0,0,1,0,-1,1,0,1,0,0,0,-1,0,LiteWeightGaming
457,-1.0,0,-1,0,-1,-1,1,0,0,0,0,0,-1,-1,0,LiteWeightGaming
458,-1.0,-1,0,0,1,0,-1,0,0,0,0,0,1,0,0,LiteWeightGaming
459,-1.0,1,0,-1,1,0,1,0,0,0,-1,0,1,0,0,LiteWeightGaming
460,-1.0,-1,0,0,0,-1,-1,1,0,1,0,0,-1,0,0,LiteWeightGaming
461,-1.0,-1,0,-1,1,0,0,1,0,0,0,0,0,0,0,LiteWeightGaming
462,-1.0,0,0,0,1,-1,0,0,0,1,-1,0,1,-1,0,LiteWeightGaming
463,-1.0,1,0,-1,-1,0,0,1,-1,0,0,0,0,-1,-1,LiteWeightGaming
464,-1.0,0,0,0,0,0,0,-1,1,-1,0,0,0,0,0,LiteWeightGaming
465,-1.0,1,0,0,0,0,1,0,0,0,0,1,-1,-1,0,LiteWeightGaming
466,-1.0,-1,0,0,0,0,-1,0,1,0,0,0,0,1,0,LiteWeightGaming
467,-1.0,1,0,0,0,0,1,0,-1,0,0,0,0,-1,0,LiteWeightGaming
468,-1.0,-1,0,0,0,0,-1,0,0,0,0,0,0,-1,0,LiteWeightGaming
469,-1.0,0,0,0,0,0,1,0,-1,0,0,-1,0,0,0,LiteWeightGaming
470,-1.0,0,0,0,0,0,0,0,0,0,0,0,0,-1,0,LiteWeightGaming
471,-1.0,1,0,0,0,0,0,0,1,0,0,1,0,1,0,LiteWeightGaming
472,-1.0,0,0,0,0,0,-1,0,0,0,0,0,0,-1,0,LiteWeightGaming
473,-1.0,1,0,0,0,0,1,0,-1,0,0,-1,0,0,0,LiteWeightGaming
474,-1.0,1,0,0,0,0,1,0,0,0,0,1,-1,-1,0,LiteWeightGaming
475,-1.0,1,0,0,0,0,1,0,0,0,-1,0,0,0,0,LiteWeightGaming
476,-1.0,-1,0,0,0,0,-1,0,1,0,0,0,0,-1,0,LiteWeightGaming
477,-1.0,-1,0,0,0,0,-1,0,0,0,1,0,0,0,0,LiteWeightGaming
478,-1.0,0,0,1,1,0,1,0,0,0,-1,1,0,0,0,LiteWeightGaming
479,-1.0,1,1,0,1,0,0,-1,0,0,0,0,1,0,0,LiteWeightGaming
480,1.0,1,0,-1,-1,0,-1,0,0,1,0,0,0,1,0,Markiplier
481,1.0,0,0,0,-1,1,-1,0,0,1,-1,0,1,0,0,Markiplier
482,1.0,1,0,-1,0,0,-1,0,0,0,0,0,0,0,0,Markiplier
483,1.0,-1,-1,-1,-1,0,0,1,0,1,0,0,0,1,0,Markiplier
484,1.0,1,1,1,1,0,1,-1,0,-1,-1,0,0,0,0,Markiplier
485,1.0,0,0,-1,-1,0,0,0,0,0,1,0,1,0,0,Markiplier
486,1.0,1,1,1,0,0,-1,0,0,1,-1,0,1,-1,-1,Markiplier
487,1.0,0,1,0,1,1,-1,0,0,0,0,0,1,0,0,Markiplier
488,1.0,-1,0,-1,1,0,-1,1,0,0,0,1,0,1,0,Markiplier
489,1.0,-1,0,1,-1,0,-1,0,0,0,1,0,-1,1,0,Markiplier
490,1.0,0,1,0,1,1,-1,0,0,0,0,0,1,1,0,Markiplier
491,1.0,1,1,1,0,1,0,-1,0,0,-1,0,1,-1,0,Markiplier
492,1.0,0,0,0,-1,0,1,-1,0,-1,0,0,0,1,0,Markiplier
493,1.0,-1,0,-1,-1,0,0,-1,0,0,-1,1,0,0,0,Markiplier
494,1.0,-1,0,0,0,0,0,-1,1,0,0,0,0,1,1,Markiplier
495,1.0,-1,0,0,0,0,0,-1,1,0,0,0,0,0,0,Markiplier
496,1.0,-1,-1,0,0,0,0,0,0,0,-1,0,0,0,0,Markiplier
497,1.0,0,0,1,1,0,0,0,-1,0,0,0,1,1,0,Markiplier
498,1.0,0,0,0,0,0,-1,0,0,0,1,-1,0,1,0,Markiplier
499,1.0,-1,0,0,0,0,-1,0,1,0,0,0,0,0,0,Markiplier
500,1.0,-1,0,0,0,0,-1,0,1,0,0,1,0,0,0,Markiplier
501,1.0,1,0,0,0,0,1,0,0,0,0,0,0,-1,0,Markiplier
502,1.0,0,0,0,0,0,1,0,0,0,0,0,0,0,0,Markiplier
503,1.0,1,0,0,0,0,-1,0,1,0,0,1,0,1,0,Markiplier
504,1.0,-1,0,0,0,0,-1,0,0,0,1,0,0,0,0,Markiplier
505,1.0,1,0,-1,-1,0,1,0,0,0,0,1,-1,0,0,Markiplier
506,1.0,-1,0,0,0,0,0,0,-1,0,0,-1,0,0,0,Markiplier
507,1.0,0,0,0,0,0,0,0,-1,0,0,0,0,1,0,Markiplier
508,1.0,0,0,0,0,0,0,0,1,0,0,0,0,-1,0,Markiplier
509,1.0,1,0,0,0,0,1,0,0,0,0,0,0,1,0,Markiplier
510,1.0,0,0,0,0,0,0,0,1,0,0,0,-1,0,0,Markiplier
511,1.0,-1,-1,-1,0,-1,0,1,0,0,1,0,-1,0,0,Markiplier
512,-1.0,-1,0,1,1,0,1,0,0,-1,0,0,0,-1,0,Markiplier
513,-1.0,0,0,0,1,-1,1,0,0,-1,1,0,-1,1,0,Markiplier
514,-1.0,0,0,1,1,0,0,0,0,0,0,0,-1,0,1,Markiplier
515,-1.0,0,-1,0,-1,-1,1,0,0,0,0,0,-1,0,0,Markiplier
516,-1.0,0,-1,0,-1,-1,1,0,0,0,0,0,-1,0,0,Markiplier
517,-1.0,-1,0,0,0,-1,-1,1,0,1,0,0,-1,0,0,Markiplier
518,-1.0,-1,0,-1,1,0,0,1,0,0,0,0,0,0,0,Markiplier
519,-1.0,0,0,0,1,-1,0,0,0,1,-1,0,1,-1,0,Markiplier
520,-1.0,-1,-1,-1,0,-1,0,1,0,0,1,0,-1,0,0,Markiplier
521,-1.0,0,0,0,1,0,-1,1,0,1,0,0,0,-1,0,Markiplier
522,-1.0,1,0,1,1,0,0,1,0,0,1,-1,0,0,0,Markiplier
523,-1.0,1,0,-1,-1,0,0,1,-1,0,0,0,0,-1,-1,Markiplier
524,-1.0,1,0,0,0,0,0,1,-1,0,0,0,0,0,0,Markiplier
525,-1.0,0,0,0,0,0,0,-1,1,-1,0,0,0,0,0,Markiplier
526,-1.0,1,0,-1,-1,0,1,0,0,0,0,1,-1,-1,0,Markiplier
527,-1.0,1,0,0,0,0,1,0,0,0,-1,0,0,0,0,Markiplier
528,-1.0,-1,0,0,0,0,-1,0,1,0,0,0,0,-1,0,Markiplier
529,-1.0,1,0,0,0,0,1,0,-1,0,0,0,0,-1,0,Markiplier
530,-1.0,0,0,0,0,0,0,0,-1,0,0,-1,0,1,0,Markiplier
531,-1.0,-1,0,0,0,0,-1,0,0,0,0,0,0,1,0,Markiplier
532,-1.0,-1,0,0,0,0,-1,0,0,0,0,0,0,0,0,Markiplier
533,-1.0,-1,0,0,0,0,1,0,-1,0,0,-1,0,-1,0,Markiplier
534,-1.0,0,0,0,0,0,-1,0,0,0,0,0,0,0,0,Markiplier
535,-1.0,-1,0,1,1,0,-1,0,0,0,0,-1,1,0,0,Markiplier
536,-1.0,0,0,0,0,0,-1,0,0,0,1,-1,0,1,0,Markiplier
537,-1.0,-1,0,0,0,0,-1,0,0,0,0,0,0,0,0,Markiplier
538,-1.0,0,0,0,0,0,0,0,1,0,0,0,0,0,0,Markiplier
539,-1.0,0,0,0,0,0,0,0,-1,0,0,0,0,0,0,Markiplier
540,-1.0,0,0,0,0,0,-1,0,0,0,0,0,0,0,0,Markiplier
541,-1.0,0,0,1,1,0,1,0,0,0,-1,1,0,0,0,Markiplier
542,-1.0,1,1,0,1,0,0,-1,0,0,0,0,1,0,0,Markiplier
543,-1.0,-1,0,0,0,0,0,-1,1,0,0,0,0,0,0,Markiplier
544,1.0,0,0,0,-1,1,-1,0,0,1,-1,0,1,0,0,Marz
545,1.0,1,0,-1,0,0,-1,0,0,0,0,0,0,0,0,Marz
546,1.0,-1,-1,-1,-1,0,0,1,0,1,0,0,0,1,0,Marz
547,1.0,1,1,1,1,0,1,-1,0,-1,-1,0,0,0,0,Marz
548,1.0,1,0,0,1,0,0,1,0,0,0,0,0,0,0,Marz
549,1.0,0,0,1,1,0,1,-1,0,-1,1,0,0,1,1,Marz
550,1.0,0,1,0,1,1,-1,0,0,0,0,0,1,1,0,Marz
551,1.0,0,0,0,-1,0,1,-1,0,-1,0,0,0,1,0,Marz
552,1.0,0,0,0,1,0,-1,1,0,1,0,0,0,-1,0,Marz
553,1.0,-1,0,1,-1,1,0,-1,0,-1,1,-1,0,0,0,Marz
554,1.0,-1,0,0,0,-1,-1,1,0,1,0,0,-1,1,0,Marz
555,1.0,0,1,0,1,1,-1,0,0,0,0,0,1,0,0,Marz
556,1.0,-1,0,0,0,0,0,-1,1,0,0,0,0,1,1,Marz
557,1.0,-1,-1,0,0,0,0,0,0,0,-1,0,0,0,0,Marz
558,1.0,1,0,0,0,0,1,0,0,0,-1,0,0,0,0,Marz
559,1.0,-1,0,0,0,0,-1,0,1,0,0,0,0,1,0,Marz
560,1.0,-1,0,0,0,0,-1,0,1,0,0,1,0,1,0,Marz
561,1.0,0,0,0,0,0,1,0,0,0,0,0,0,-1,0,Marz
562,1.0,1,0,0,0,0,1,0,0,0,0,0,0,0,0,Marz
563,1.0,1,0,0,0,0,0,0,0,0,0,1,0,1,0,Marz
564,1.0,-1,0,0,0,0,-1,0,0,0,0,-1,1,-1,0,Marz
565,1.0,0,1,0,1,1,-1,0,0,0,0,0,1,0,0,Marz
566,1.0,-1,0,0,0,0,-1,0,0,0,0,-1,1,-1,0,Marz
567,-1.0,0,0,0,0,0,0,0,0,0,0,0,0,-1,0,Marz
568,-1.0,0,0,0,1,-1,1,0,0,-1,1,0,-1,1,0,Marz
569,-1.0,-1,0,1,0,0,1,0,0,0,0,0,0,-1,0,Marz
570,-1.0,0,0,1,1,0,0,0,0,0,0,0,-1,-1,0,Marz
571,-1.0,0,0,-1,-1,0,-1,1,0,1,-1,0,0,0,0,Marz
572,-1.0,1,1,1,0,0,-1,0,0,1,-1,0,1,-1,-1,Marz
573,-1.0,0,-1,0,-1,-1,1,0,0,0,0,0,-1,0,0,Marz
574,-1.0,-1,-1,0,-1,0,0,1,0,0,0,0,-1,-1,0,Marz
575,-1.0,0,0,-1,1,-1,0,1,0,0,1,0,-1,1,0,Marz
576,-1.0,1,0,-1,0,-1,1,0,0,0,0,0,0,0,0,Marz
577,-1.0,0,0,1,0,0,0,-1,0,0,0,0,1,-1,0,Marz
578,-1.0,1,0,0,-1,0,1,0,0,0,0,0,-1,0,0,Marz
579,-1.0,-1,-1,-1,0,-1,0,1,0,0,1,0,-1,0,0,Marz
580,-1.0,1,0,-1,-1,0,0,1,-1,0,0,0,0,-1,-1,Marz
581,-1.0,0,0,0,0,0,0,-1,1,-1,0,0,0,0,0,Marz
582,-1.0,1,0,-1,-1,0,1,0,0,0,0,1,-1,0,0,Marz
583,-1.0,0,0,0,0,0,-1,0,0,0,1,-1,0,-1,0,Marz
584,-1.0,1,0,0,0,0,1,0,-1,0,0,0,0,-1,0,Marz
585,-1.0,1,0,0,0,0,1,0,-1,0,0,-1,0,-1,0,Marz
586,-1.0,1,0,0,0,0,-1,0,1,0,0,1,0,0,0,Marz
587,-1.0,-1,0,1,1,0,-1,0,0,0,0,0,1,0,0,Marz
588,-1.0,0,0,0,0,0,0,0,1,0,0,0,-1,0,0,Marz
589,-1.0,-1,0,0,0,0,0,-1,1,0,0,0,0,0,0,Marz
590,1.0,1,0,-1,-1,0,-1,0,0,1,0,0,0,1,0,NinjaKuma
591,1.0,0,0,0,-1,1,-1,0,0,1,-1,0,1,0,0,NinjaKuma
592,1.0,1,0,-1,0,0,-1,0,0,0,0,0,0,-1,0,NinjaKuma
593,1.0,1,1,1,1,0,1,-1,0,-1,-1,0,0,0,0,NinjaKuma
594,1.0,0,-1,0,-1,-1,1,0,0,0,0,0,-1,0,0,NinjaKuma
595,1.0,-1,0,-1,1,0,-1,1,0,0,0,1,0,1,0,NinjaKuma
596,1.0,1,0,0,0,1,1,-1,0,-1,0,0,1,0,0,NinjaKuma
597,1.0,1,0,1,-1,0,1,-1,0,0,0,-1,0,0,0,NinjaKuma
598,1.0,0,1,0,1,1,-1,0,0,0,0,0,1,1,0,NinjaKuma
599,1.0,-1,0,0,0,0,0,-1,0,0,-1,0,1,0,0,NinjaKuma
600,1.0,-1,0,0,0,0,0,-1,1,0,0,0,0,1,1,NinjaKuma
601,1.0,-1,-1,1,1,0,0,1,0,0,0,0,-1,0,0,NinjaKuma
602,1.0,0,0,0,0,0,0,0,-1,0,0,0,1,0,0,NinjaKuma
603,1.0,1,0,0,0,0,1,0,0,0,-1,0,0,-1,0,NinjaKuma
604,1.0,-1,0,0,0,0,-1,0,1,0,0,0,0,1,0,NinjaKuma
605,1.0,1,0,0,0,0,1,0,0,0,0,0,0,0,0,NinjaKuma
606,1.0,0,0,-1,-1,0,-1,0,0,0,1,-1,0,1,0,NinjaKuma
607,1.0,-1,0,0,0,0,-1,0,1,0,0,0,0,1,0,NinjaKuma
608,1.0,-1,0,0,0,0,-1,0,0,0,0,0,0,-1,0,NinjaKuma
609,1.0,0,0,0,0,0,0,0,1,0,0,0,0,1,0,NinjaKuma
610,1.0,0,0,0,0,0,-1,0,1,0,0,1,0,0,0,NinjaKuma
611,1.0,1,0,0,0,0,0,0,1,0,0,1,0,1,0,NinjaKuma
612,1.0,0,0,0,0,0,0,0,0,0,0,0,0,0,0,NinjaKuma
613,1.0,1,0,0,0,0,1,0,0,0,0,0,0,1,0,NinjaKuma
614,1.0,0,0,0,0,0,1,0,0,0,0,0,0,1,0,NinjaKuma
615,1.0,1,0,0,0,0,0,0,1,0,0,1,0,-1,0,NinjaKuma
616,1.0,1,0,0,0,0,1,0,0,0,0,0,0,0,0,NinjaKuma
617,1.0,0,0,0,0,0,0,0,1,0,0,0,-1,0,0,NinjaKuma
618,1.0,1,0,0,0,0,1,0,0,0,0,0,0,0,0,NinjaKuma
619,1.0,1,0,1,-1,0,1,-1,0,0,0,-1,0,0,0,NinjaKuma
620,1.0,1,0,0,0,0,0,0,1,0,0,1,0,-1,0,NinjaKuma
621,1.0,1,0,0,0,0,0,0,1,0,0,1,0,-1,0,NinjaKuma
622,1.0,1,0,0,0,0,0,0,1,0,0,1,0,-1,0,NinjaKuma
623,1.0,0,-1,0,-1,-1,1,0,0,0,0,0,-1,0,0,NinjaKuma
624,-1.0,-1,0,1,1,0,1,0,0,-1,0,0,0,-1,0,NinjaKuma
625,-1.0,0,0,0,-1,0,-1,0,0,1,-1,1,0,0,0,NinjaKuma
626,-1.0,0,0,0,1,0,1,0,0,-1,1,-1,0,0,0,NinjaKuma
627,-1.0,0,0,0,1,-1,1,0,0,-1,1,0,-1,1,0,NinjaKuma
628,-1.0,-1,-1,-1,-1,0,0,1,0,1,0,0,0,0,0,NinjaKuma
629,-1.0,0,0,-1,-1,0,0,0,0,0,1,0,1,0,0,NinjaKuma
630,-1.0,0,0,1,1,0,0,0,0,0,0,0,-1,0,1,NinjaKuma
631,-1.0,1,1,1,0,0,-1,0,0,1,-1,0,1,-1,-1,NinjaKuma
632,-1.0,-1,-1,-1,0,-1,0,1,0,0,0,1,-1,0,0,NinjaKuma
633,-1.0,1,0,-1,1,0,1,0,0,0,-1,0,1,0,0,NinjaKuma
634,-1.0,-1,0,0,0,-1,-1,1,0,1,0,0,-1,0,0,NinjaKuma
635,-1.0,1,0,-1,1,-1,0,1,0,1,-1,1,0,-1,0,NinjaKuma
636,-1.0,-1,-1,-1,0,-1,0,1,0,0,1,0,-1,-1,0,NinjaKuma
637,-1.0,0,0,0,1,0,-1,1,0,1,0,0,0,0,0,NinjaKuma
638,-1.0,1,0,-1,-1,0,0,1,-1,0,0,0,0,-1,-1,NinjaKuma
639,-1.0,1,1,0,0,0,0,-1,0,0,-1,0,1,0,0,NinjaKuma
640,-1.0,1,0,0,0,0,1,0,0,0,0,1,-1,0,0,NinjaKuma
641,-1.0,0,0,-1,-1,0,-1,0,0,0,1,-1,0,1,0,NinjaKuma
642,-1.0,-1,0,0,0,0,-1,0,0,0,0,0,0,0,0,NinjaKuma
643,-1.0,-1,0,1,1,0,-1,0,0,0,0,0,1,-1,0,NinjaKuma
644,-1.0,1,0,0,0,0,1,0,0,0,0,1,-1,0,0,NinjaKuma
645,-1.0,1,0,0,0,0,1,0,0,0,-1,0,0,-1,0,NinjaKuma
646,-1.0,1,0,0,0,0,1,0,-1,0,0,0,0,0,0,NinjaKuma
647,-1.0,0,0,0,0,0,1,0,0,0,0,0,0,0,0,NinjaKuma
648,-1.0,0,0,0,0,0,0,0,0,0,0,0,0,0,0,NinjaKuma
649,-1.0,0,0,0,0,0,0,0,0,0,0,0,0,0,0,NinjaKuma
650,-1.0,0,0,0,0,0,1,0,-1,0,0,-1,0,0,0,NinjaKuma
651,-1.0,-1,0,0,0,0,0,0,-1,0,0,-1,0,-1,0,NinjaKuma
652,-1.0,1,0,0,0,0,-1,0,1,0,0,1,0,0,0,NinjaKuma
653,-1.0,1,0,0,0,0,1,0,-1,0,0,-1,0,0,0,NinjaKuma
654,-1.0,-1,0,0,0,0,0,0,-1,0,0,-1,0,0,0,NinjaKuma
655,-1.0,-1,0,0,0,0,-1,0,0,0,1,0,0,0,0,NinjaKuma
656,-1.0,0,0,0,0,0,0,1,-1,1,0,0,0,0,0,NinjaKuma
657,-1.0,1,1,0,1,0,0,-1,0,0,0,0,1,0,0,NinjaKuma
658,1.0,0,0,1,1,0,1,-1,0,-1,1,0,0,1,1,Pewdiepie
659,1.0,-1,0,1,-1,0,-1,0,0,0,1,0,-1,1,0,Pewdiepie
660,1.0,-1,0,0,0,0,0,-1,1,0,0,0,0,0,1,Pewdiepie
661,1.0,-1,-1,0,0,0,0,0,0,0,-1,0,0,0,0,Pewdiepie
662,1.0,1,0,0,0,0,1,0,-1,0,0,0,0,0,0,Pewdiepie
663,1.0,1,0,0,0,0,0,0,1,0,0,1,0,0,0,Pewdiepie
664,1.0,-1,0,0,0,0,-1,0,1,0,0,0,0,0,0,Pewdiepie
665,1.0,0,0,-1,-1,0,0,0,1,0,0,0,-1,0,0,Pewdiepie
666,1.0,1,0,0,0,0,1,0,-1,0,0,0,0,0,0,Pewdiepie
667,-1.0,1,1,1,0,0,-1,0,0,1,-1,0,1,-1,-1,Pewdiepie
668,-1.0,0,0,0,1,-1,0,0,0,1,-1,0,1,-1,0,Pewdiepie
669,-1.0,1,0,-1,-1,0,0,1,-1,0,0,0,0,-1,-1,Pewdiepie
670,-1.0,0,0,0,0,0,0,-1,1,-1,0,0,0,0,0,Pewdiepie
671,-1.0,-1,0,0,0,0,0,0,0,0,0,0,0,0,0,Pewdiepie
672,-1.0,-1,0,0,0,0,0,0,-1,0,0,-1,0,0,0,Pewdiepie
673,-1.0,0,0,0,0,0,-1,0,0,0,0,0,0,0,0,Pewdiepie
674,-1.0,1,0,0,0,0,1,0,-1,0,0,0,0,0,0,Pewdiepie
675,-1.0,0,0,0,0,0,0,1,-1,1,0,0,0,0,0,Pewdiepie
676,1.0,1,0,-1,-1,0,-1,0,0,1,0,0,0,1,0,SuzyLu
677,1.0,1,0,-1,0,0,-1,0,0,0,0,0,0,0,0,SuzyLu
678,1.0,1,1,1,1,0,1,-1,0,-1,-1,0,0,-1,0,SuzyLu
679,1.0,0,0,-1,-1,0,0,0,0,0,1,0,1,0,0,SuzyLu
680,1.0,0,0,1,1,0,1,-1,0,-1,1,0,0,1,1,SuzyLu
681,1.0,1,1,1,1,0,0,0,0,0,0,-1,1,1,0,SuzyLu
682,1.0,-1,0,0,0,0,0,-1,0,0,-1,0,1,-1,0,SuzyLu
683,1.0,0,0,0,-1,0,1,-1,0,-1,0,0,0,1,0,SuzyLu
684,1.0,0,0,-1,1,-1,0,1,0,0,1,0,-1,1,0,SuzyLu
685,1.0,0,0,0,-1,1,0,0,0,-1,1,0,-1,-1,0,SuzyLu
686,1.0,1,0,1,-1,0,0,-1,0,0,0,0,0,0,0,SuzyLu
687,1.0,-1,0,1,-1,0,-1,0,0,0,1,0,-1,1,0,SuzyLu
688,1.0,0,1,0,1,1,-1,0,0,0,0,0,1,1,0,SuzyLu
689,1.0,-1,0,0,0,0,0,-1,1,0,0,0,0,1,1,SuzyLu
690,1.0,1,1,0,0,0,0,-1,0,0,-1,0,1,0,0,SuzyLu
691,1.0,-1,-1,1,1,0,0,1,0,0,0,0,-1,0,0,SuzyLu
692,1.0,0,0,0,0,0,0,0,1,0,0,0,-1,-1,0,SuzyLu
693,1.0,0,0,0,0,0,0,0,-1,0,0,0,1,0,0,SuzyLu
694,1.0,1,0,0,0,0,1,0,0,0,-1,0,0,-1,0,SuzyLu
695,1.0,-1,0,0,0,0,-1,0,1,0,0,1,0,1,0,SuzyLu
696,1.0,0,0,0,0,0,1,0,0,0,0,0,0,0,0,SuzyLu
697,1.0,0,0,0,0,0,0,0,0,0,0,0,0,0,0,SuzyLu
698,1.0,1,0,0,0,0,1,0,0,0,0,0,0,0,0,SuzyLu
699,1.0,0,0,0,0,0,0,0,1,0,0,0,-1,0,0,SuzyLu
700,1.0,0,0,-1,-1,0,-1,0,0,0,1,-1,0,0,0,SuzyLu
701,1.0,0,0,0,0,0,0,0,1,0,0,0,-1,0,0,SuzyLu
702,1.0,-1,-1,-1,0,-1,0,1,0,0,1,0,-1,0,0,SuzyLu
703,1.0,-1,-1,1,1,0,0,1,0,0,0,0,-1,0,0,SuzyLu
704,1.0,-1,-1,-1,0,-1,0,1,0,0,1,0,-1,0,0,SuzyLu
705,1.0,0,0,0,0,0,0,0,1,0,0,0,-1,0,0,SuzyLu
706,-1.0,-1,0,1,1,0,0,0,0,0,0,0,0,-1,0,SuzyLu
707,-1.0,-1,0,1,1,0,1,0,0,-1,0,0,0,-1,0,SuzyLu
708,-1.0,0,0,0,-1,0,-1,0,0,1,-1,1,0,0,0,SuzyLu
709,-1.0,-1,-1,-1,-1,0,0,1,0,1,0,0,0,1,0,SuzyLu
710,-1.0,0,0,1,1,0,0,0,0,0,0,0,-1,-1,0,SuzyLu
711,-1.0,-1,-1,-1,-1,0,0,0,0,0,0,1,-1,0,0,SuzyLu
712,-1.0,-1,-1,-1,0,-1,0,1,0,0,1,0,-1,0,0,SuzyLu
713,-1.0,1,0,0,0,0,0,1,0,0,1,0,-1,0,0,SuzyLu
714,-1.0,0,0,0,1,0,-1,1,0,1,0,0,0,-1,0,SuzyLu
715,-1.0,1,1,1,0,1,0,-1,0,0,-1,0,1,-1,0,SuzyLu
716,-1.0,1,0,-1,1,0,1,0,0,0,-1,0,1,0,0,SuzyLu
717,-1.0,-1,0,-1,1,0,0,1,0,0,0,0,0,0,0,SuzyLu
718,-1.0,0,0,0,1,-1,0,0,0,1,-1,0,1,-1,0,SuzyLu
719,-1.0,1,0,0,-1,0,1,0,0,0,0,0,-1,0,0,SuzyLu
720,-1.0,-1,-1,-1,0,-1,0,1,0,0,1,0,-1,-1,0,SuzyLu
721,-1.0,1,0,-1,-1,0,0,1,-1,0,0,0,0,-1,-1,SuzyLu
722,-1.0,0,0,0,0,0,0,-1,1,-1,0,0,0,0,0,SuzyLu
723,-1.0,1,0,0,0,0,1,0,0,0,0,1,-1,0,0,SuzyLu
724,-1.0,1,0,0,0,0,1,0,-1,0,0,-1,0,-1,0,SuzyLu
725,-1.0,-1,0,0,0,0,-1,0,1,0,0,0,0,1,0,SuzyLu
726,-1.0,1,0,0,0,0,1,0,-1,0,0,0,0,-1,0,SuzyLu
727,-1.0,-1,0,0,0,0,-1,0,0,0,0,0,0,0,0,SuzyLu
728,-1.0,1,0,0,0,0,0,0,1,0,0,1,0,1,0,SuzyLu
729,-1.0,-1,0,0,0,0,0,0,-1,0,0,-1,0,-1,0,SuzyLu
730,-1.0,-1,0,0,0,0,-1,0,0,0,1,0,0,0,0,SuzyLu
731,-1.0,0,0,1,1,0,1,0,0,0,-1,1,0,0,0,SuzyLu
732,-1.0,0,0,0,0,0,0,0,-1,0,0,0,1,0,0,SuzyLu
733,-1.0,1,0,0,0,0,1,0,0,0,-1,0,0,1,0,SuzyLu
734,-1.0,-1,0,0,0,0,-1,0,0,0,1,0,0,-1,0,SuzyLu
735,-1.0,1,1,0,1,0,0,-1,0,0,0,0,1,0,0,SuzyLu
736,1.0,1,0,-1,-1,0,-1,0,0,1,0,0,0,1,0,Yamimash
737,1.0,-1,-1,-1,-1,0,0,1,0,1,0,0,0,0,0,Yamimash
738,1.0,0,0,-1,-1,0,0,0,0,0,1,0,1,0,0,Yamimash
739,1.0,0,0,1,1,0,1,-1,0,-1,1,0,0,1,1,Yamimash
740,1.0,0,0,0,-1,0,1,-1,0,-1,0,0,0,1,0,Yamimash
741,1.0,0,0,1,-1,1,0,-1,0,0,-1,0,1,0,0,Yamimash
742,1.0,0,0,-1,1,-1,0,1,0,0,1,0,-1,1,0,Yamimash
743,1.0,0,0,0,-1,1,0,0,0,-1,1,0,-1,0,0,Yamimash
744,1.0,-1,0,1,-1,0,-1,0,0,0,1,0,-1,1,0,Yamimash
745,1.0,0,1,0,1,1,-1,0,0,0,0,0,1,0,0,Yamimash
746,1.0,-1,0,0,0,0,0,-1,1,0,0,0,0,1,1,Yamimash
747,1.0,0,0,0,0,0,0,-1,1,-1,0,0,0,0,0,Yamimash
748,1.0,1,0,0,0,0,1,0,0,0,-1,0,0,-1,0,Yamimash
749,1.0,-1,0,0,0,0,-1,0,1,0,0,1,0,1,0,Yamimash
750,1.0,0,0,0,0,0,1,0,0,0,0,0,0,1,0,Yamimash
751,1.0,0,0,0,0,0,0,0,0,0,0,0,0,0,0,Yamimash
752,1.0,0,0,0,0,0,-1,0,1,0,0,1,0,0,0,Yamimash
753,1.0,1,0,0,0,0,1,0,0,0,0,0,0,0,0,Yamimash
754,1.0,-1,0,0,0,0,-1,0,1,0,0,1,0,1,0,Yamimash
755,1.0,1,0,0,0,0,0,0,1,0,0,1,0,1,0,Yamimash
756,1.0,0,0,0,0,0,0,0,1,0,0,0,0,1,0,Yamimash
757,1.0,1,0,0,0,0,1,0,0,0,0,0,0,0,0,Yamimash
758,1.0,-1,0,0,0,0,1,0,-1,0,0,-1,0,0,0,Yamimash
759,1.0,0,0,0,0,0,0,0,0,0,0,0,0,0,0,Yamimash
760,1.0,0,0,0,0,0,0,0,1,0,0,0,0,0,0,Yamimash
761,1.0,1,0,0,0,0,0,0,1,0,0,1,0,0,0,Yamimash
762,1.0,0,0,0,0,0,-1,0,0,0,0,0,0,1,0,Yamimash
763,1.0,-1,0,0,0,0,-1,0,0,0,0,0,0,0,0,Yamimash
764,1.0,1,0,0,0,0,0,0,1,0,0,1,0,0,0,Yamimash
765,1.0,1,0,0,0,0,-1,0,1,0,0,1,0,0,0,Yamimash
766,1.0,0,0,1,1,0,1,0,0,0,-1,1,0,1,0,Yamimash
767,1.0,0,0,0,0,0,0,1,-1,1,0,0,0,0,0,Yamimash
768,1.0,1,1,0,1,0,0,-1,0,0,0,0,1,0,0,Yamimash
769,-1.0,-1,0,1,1,0,0,0,0,0,0,0,0,-1,0,Yamimash
770,-1.0,-1,0,1,1,0,1,0,0,-1,0,0,0,-1,0,Yamimash
771,-1.0,0,0,1,1,0,0,0,0,0,0,0,-1,0,0,Yamimash
772,-1.0,0,0,-1,-1,0,-1,1,0,1,-1,0,0,-1,0,Yamimash
773,-1.0,1,1,1,0,0,-1,0,0,1,-1,0,1,-1,-1,Yamimash
774,-1.0,1,1,1,0,1,0,-1,0,0,-1,0,1,-1,0,Yamimash
775,-1.0,-1,-1,-1,0,-1,0,1,0,0,1,0,-1,0,0,Yamimash
776,-1.0,0,0,0,1,0,-1,1,0,1,0,0,0,-1,0,Yamimash
777,-1.0,1,1,1,0,1,0,-1,0,0,-1,0,1,-1,0,Yamimash
778,-1.0,1,0,-1,1,0,1,0,0,0,-1,0,1,0,0,Yamimash
779,-1.0,0,0,0,1,-1,0,0,0,1,-1,0,1,-1,0,Yamimash
780,-1.0,1,0,-1,-1,0,0,1,-1,0,0,0,0,-1,-1,Yamimash
781,-1.0,1,0,0,0,0,1,0,-1,0,0,-1,0,-1,0,Yamimash
782,-1.0,-1,0,0,0,0,0,0,-1,0,0,-1,0,0,0,Yamimash
783,-1.0,0,0,0,0,0,1,0,-1,0,0,-1,0,0,0,Yamimash
784,-1.0,0,0,0,0,0,-1,0,0,0,0,0,0,0,0,Yamimash
785,-1.0,1,0,0,0,0,1,0,0,0,0,1,-1,0,0,Yamimash
786,-1.0,1,0,0,0,0,1,0,-1,0,0,-1,0,-1,0,Yamimash
787,-1.0,-1,0,0,0,0,0,0,-1,0,0,-1,0,-1,0,Yamimash
788,-1.0,0,0,0,0,0,0,0,-1,0,0,0,0,-1,0,Yamimash
789,-1.0,1,0,0,0,0,1,0,-1,0,0,0,0,0,0,Yamimash
790,-1.0,-1,0,0,0,0,-1,0,0,0,0,0,0,0,0,Yamimash
791,-1.0,0,0,0,0,0,-1,0,1,0,0,1,0,0,0,Yamimash
792,-1.0,0,0,0,0,0,0,0,-1,0,0,0,0,0,0,Yamimash
793,-1.0,-1,0,0,0,0,0,0,-1,0,0,-1,0,0,0,Yamimash
794,-1.0,0,0,0,0,0,0,0,0,0,0,0,0,0,0,Yamimash
795,-1.0,0,0,0,0,0,1,0,0,0,0,0,0,0,0,Yamimash
796,-1.0,1,0,0,0,0,0,0,-1,0,0,-1,0,1,0,Yamimash
797,-1.0,-1,0,0,0,0,1,0,-1,0,0,-1,0,0,0,Yamimash
798,-1.0,-1,-1,-1,0,-1,0,1,0,0,1,0,-1,0,0,Yamimash
799,-1.0,0,0,-1,-1,0,-1,1,0,1,-1,0,0,-1,0,Yamimash
800,-1.0,1,0,0,0,0,0,0,-1,0,0,-1,0,1,0,Yamimash
801,-1.0,0,0,0,1,-1,0,0,0,1,-1,0,1,-1,0,Yamimash
