,Fear_UTER,Area_size,Ceiling_height,Light_contrast,Light_levels,Light_temperature,Blocked_path,Empty_room,Hiding_place,Interior_arrangement,Triggers_present,Battery_present,Note_present,Event,Cutscene,Channel_id
0,1.0,1,0,-1,-1,0,-1,0,0,1,0,0,0,1,0,AngelAlyx
1,1.0,-1,0,1,1,0,1,0,0,-1,0,0,0,-1,0,AngelAlyx
2,1.0,0,0,0,-1,1,-1,0,0,1,-1,0,1,0,0,AngelAlyx
3,1.0,1,0,-1,0,0,-1,0,0,0,0,0,0,0,0,AngelAlyx
4,1.0,1,1,1,0,0,-1,0,0,1,-1,0,1,-1,-1,AngelAlyx
5,1.0,0,-1,0,-1,-1,1,0,0,0,0,0,-1,0,0,AngelAlyx
6,1.0,-1,0,0,1,0,-1,0,0,0,0,0,1,0,0,AngelAlyx
7,1.0,1,0,0,0,1,1,-1,0,-1,0,0,1,0,0,AngelAlyx
8,1.0,-1,-1,-1,0,-1,0,1,0,0,1,0,-1,1,0,AngelAlyx
9,1.0,-1,0,0,0,0,0,-1,0,0,-1,0,1,-1,0,AngelAlyx
10,1.0,-1,-1,1,1,0,0,1,0,0,0,0,-1,0,0,AngelAlyx
11,1.0,0,0,0,0,0,0,0,-1,0,0,0,1,1,0,AngelAlyx
12,1.0,1,0,0,0,0,1,0,0,0,-1,0,0,0,0,AngelAlyx
13,1.0,-1,0,0,0,0,-1,0,1,0,0,0,0,1,0,AngelAlyx
14,1.0,-1,0,0,0,0,0,0,0,0,0,-1,0,0,0,AngelAlyx
15,1.0,1,0,0,0,0,0,0,1,0,0,1,0,0,0,AngelAlyx
16,1.0,0,0,0,0,0,0,1,-1,1,0,0,0,0,0,AngelAlyx
17,1.0,-1,0,0,0,0,0,-1,1,0,0,0,0,0,0,AngelAlyx
18,-1.0,0,0,0,-1,0,-1,0,0,1,-1,1,0,0,0,AngelAlyx
19,-1.0,0,0,0,1,0,1,0,0,-1,1,-1,0,0,0,AngelAlyx
20,-1.0,0,0,0,1,-1,1,0,0,-1,1,0,-1,1,0,AngelAlyx
21,-1.0,-1,0,1,0,0,1,0,0,0,0,0,0,-1,0,AngelAlyx
22,-1.0,1,0,-1,0,0,-1,0,0,0,0,0,0,0,0,AngelAlyx
23,-1.0,0,0,0,-1,1,0,0,0,-1,1,0,-1,0,0,AngelAlyx
24,-1.0,1,0,0,0,0,0,1,0,0,1,0,-1,0,0,AngelAlyx
25,-1.0,1,0,-1,-1,0,0,0,0,0,1,0,-1,-1,0,AngelAlyx
26,-1.0,-1,0,0,0,0,-1,0,1,0,0,1,0,1,0,AngelAlyx
27,-1.0,1,0,0,0,0,1,0,-1,0,0,0,0,-1,0,AngelAlyx
28,-1.0,1,0,0,0,0,1,0,-1,0,0,0,0,0,0,AngelAlyx
29,-1.0,-1,0,0,0,0,0,0,-1,0,0,-1,0,1,0,AngelAlyx
30,-1.0,1,1,0,1,0,0,-1,0,0,0,0,1,0,0,AngelAlyx
31,-1.0,1,1,0,1,0,0,-1,0,0,0,0,1,0,0,AngelAlyx
32,-1.0,-1,0,0,0,0,-1,0,1,0,0,1,0,1,0,AngelAlyx
33,-1.0,-1,0,1,0,0,1,0,0,0,0,0,0,-1,0,AngelAlyx
34,-1.0,0,0,0,-1,0,-1,0,0,1,-1,1,0,0,0,AngelAlyx
35,-1.0,1,0,-1,-1,0,0,0,0,0,1,0,-1,-1,0,AngelAlyx
36,1.0,1,0,-1,-1,0,-1,0,0,1,0,0,0,1,0,Anida
37,1.0,-1,0,1,1,0,1,0,0,-1,0,0,0,-1,0,Anida
38,1.0,0,0,0,-1,0,-1,0,0,1,-1,1,0,0,0,Anida
39,1.0,0,0,0,-1,1,-1,0,0,1,-1,0,1,0,0,Anida
40,1.0,1,1,1,1,0,1,-1,0,-1,-1,0,0,0,0,Anida
41,1.0,0,0,-1,-1,0,0,0,0,0,1,0,1,0,0,Anida
42,1.0,-1,0,0,-1,0,0,-1,0,0,0,0,0,0,0,Anida
43,1.0,1,0,0,1,0,0,1,0,0,0,0,0,0,0,Anida
44,1.0,-1,-1,-1,0,-1,0,1,0,0,0,1,-1,0,0,Anida
45,1.0,1,1,1,1,0,0,0,0,0,0,-1,1,0,0,Anida
46,1.0,-1,0,0,1,0,-1,0,0,0,0,0,1,0,0,Anida
47,1.0,0,0,0,-1,1,0,0,0,-1,1,0,-1,0,0,Anida
48,1.0,-1,0,-1,1,0,0,1,0,0,0,0,0,0,0,Anida
49,1.0,1,0,0,0,1,1,-1,0,-1,0,0,1,0,0,Anida
50,1.0,0,1,0,1,1,-1,0,0,0,0,0,1,1,0,Anida
51,1.0,1,0,0,0,0,0,1,0,0,1,0,-1,0,0,Anida
52,1.0,0,0,0,0,0,0,-1,0,0,-1,0,1,0,0,Anida
53,1.0,1,0,0,0,0,0,1,-1,0,0,0,0,0,0,Anida
54,1.0,0,0,0,0,0,0,0,-1,0,0,0,1,0,0,Anida
55,1.0,1,0,0,0,0,1,0,0,0,0,1,-1,1,0,Anida
56,1.0,-1,0,0,0,0,-1,0,1,0,0,1,0,0,0,Anida
57,1.0,0,0,0,0,0,-1,0,1,0,0,1,0,0,0,Anida
58,1.0,0,0,0,0,0,1,0,-1,0,0,-1,0,0,0,Anida
59,1.0,1,0,0,0,0,0,0,1,0,0,1,0,1,0,Anida
60,1.0,0,0,0,0,0,1,0,-1,0,0,0,0,-1,0,Anida
61,1.0,0,0,0,0,0,-1,0,0,0,0,0,0,0,0,Anida
62,1.0,-1,0,0,0,0,-1,0,1,0,0,0,0,0,0,Anida
63,1.0,-1,0,0,0,0,-1,0,0,0,1,0,0,0,0,Anida
64,-1.0,-1,0,1,1,0,0,0,0,0,0,0,0,-1,0,Anida
65,-1.0,0,0,0,1,0,1,0,0,-1,1,-1,0,0,0,Anida
66,-1.0,0,0,0,1,-1,1,0,0,-1,1,0,-1,1,0,Anida
67,-1.0,0,0,1,1,0,0,0,0,0,0,0,-1,-1,0,Anida
68,-1.0,0,0,1,1,0,1,-1,0,-1,1,0,0,1,1,Anida
69,-1.0,1,1,1,0,0,-1,0,0,1,-1,0,1,-1,-1,Anida
70,-1.0,1,1,1,0,1,0,-1,0,0,0,-1,1,0,0,Anida
71,-1.0,0,-1,0,-1,-1,1,0,0,0,0,0,-1,0,0,Anida
72,-1.0,1,0,-1,1,0,1,0,0,0,-1,0,1,0,0,Anida
73,-1.0,-1,0,1,-1,0,-1,0,0,0,1,0,-1,1,0,Anida
74,-1.0,1,0,0,-1,0,1,0,0,0,0,0,-1,0,0,Anida
75,-1.0,-1,-1,0,-1,0,0,1,0,0,0,0,-1,-1,0,Anida
76,-1.0,-1,0,0,0,0,0,-1,1,0,0,0,0,1,1,Anida
77,-1.0,0,0,0,0,0,0,1,0,0,1,0,-1,0,0,Anida
78,-1.0,1,1,0,0,0,0,-1,0,0,-1,0,1,0,0,Anida
79,-1.0,-1,-1,1,1,0,0,1,0,0,0,0,-1,0,0,Anida
80,-1.0,0,0,-1,-1,0,-1,0,0,0,1,-1,0,-1,0,Anida
81,-1.0,1,0,0,0,0,1,0,-1,0,0,-1,0,1,0,Anida
82,-1.0,0,0,0,0,0,0,0,0,0,0,0,0,0,0,Anida
83,-1.0,-1,0,0,0,0,0,0,-1,0,0,-1,0,-1,0,Anida
84,-1.0,-1,0,0,0,0,-1,0,1,0,0,0,0,0,0,Anida
85,-1.0,1,0,0,0,0,1,0,-1,0,0,0,0,0,0,Anida
86,-1.0,1,0,0,0,0,1,0,-1,0,0,0,0,0,0,Anida
87,-1.0,0,0,0,0,0,0,1,-1,1,0,0,0,0,0,Anida
88,-1.0,1,0,0,0,0,1,0,-1,0,0,0,0,0,0,Anida
89,-1.0,1,1,1,0,0,-1,0,0,1,-1,0,1,-1,-1,Anida
90,-1.0,1,1,1,0,0,-1,0,0,1,-1,0,1,-1,-1,Anida
91,-1.0,0,0,-1,-1,0,-1,0,0,0,1,-1,0,-1,0,Anida
92,1.0,-1,0,1,1,0,1,0,0,-1,0,0,0,-1,0,CoryxKenshin
93,1.0,0,0,0,1,0,1,0,0,-1,1,-1,0,0,0,CoryxKenshin
94,1.0,1,0,-1,0,0,-1,0,0,0,0,0,0,0,0,CoryxKenshin
95,1.0,1,1,1,1,0,1,-1,0,-1,-1,0,0,0,0,CoryxKenshin
96,1.0,1,1,1,1,0,-1,0,0,1,-1,0,0,-1,-1,CoryxKenshin
97,1.0,-1,-1,-1,0,-1,0,1,0,0,0,1,-1,0,0,CoryxKenshin
98,1.0,1,1,1,0,1,0,-1,0,0,-1,0,1,-1,0,CoryxKenshin
99,1.0,-1,-1,-1,0,-1,0,1,0,0,1,0,-1,0,0,CoryxKenshin
100,1.0,0,0,1,-1,1,0,-1,0,0,-1,0,1,0,0,CoryxKenshin
101,1.0,-1,0,0,1,0,-1,0,0,0,0,0,1,0,0,CoryxKenshin
102,1.0,1,0,-1,1,0,1,0,0,0,-1,0,1,0,0,CoryxKenshin
103,1.0,-1,0,-1,1,0,0,1,0,0,0,0,0,0,0,CoryxKenshin
104,1.0,-1,0,1,-1,0,-1,0,0,0,1,0,-1,1,0,CoryxKenshin
105,1.0,1,1,0,0,0,0,-1,0,0,-1,0,1,0,0,CoryxKenshin
106,1.0,1,0,0,0,0,1,0,-1,0,0,-1,0,-1,0,CoryxKenshin
107,1.0,0,0,0,0,0,-1,0,1,0,0,1,0,0,0,CoryxKenshin
108,1.0,0,0,0,0,0,0,0,1,0,0,0,0,-1,0,CoryxKenshin
109,1.0,0,0,-1,-1,0,-1,0,0,0,1,-1,0,0,0,CoryxKenshin
110,1.0,1,0,0,0,0,1,0,-1,0,0,0,0,0,0,CoryxKenshin
111,1.0,0,0,0,0,0,0,0,1,0,0,0,0,0,0,CoryxKenshin
112,1.0,-1,0,0,0,0,0,0,-1,0,0,-1,0,1,0,CoryxKenshin
113,1.0,0,0,0,0,0,-1,0,0,0,0,0,0,0,0,CoryxKenshin
114,1.0,0,0,0,0,0,0,0,1,0,0,0,-1,0,0,CoryxKenshin
115,-1.0,-1,0,1,1,0,0,0,0,0,0,0,0,-1,0,CoryxKenshin
116,-1.0,0,0,0,1,-1,1,0,0,-1,1,0,-1,1,0,CoryxKenshin
117,-1.0,-1,0,1,0,0,1,0,0,0,0,0,0,-1,0,CoryxKenshin
118,-1.0,0,0,-1,-1,0,0,0,0,0,1,0,1,0,1,CoryxKenshin
119,-1.0,0,-1,0,-1,-1,1,0,0,0,0,0,-1,0,0,CoryxKenshin
120,-1.0,1,1,1,0,1,0,-1,0,0,0,-1,1,1,0,CoryxKenshin
121,-1.0,-1,0,0,0,0,0,-1,0,0,-1,0,1,0,0,CoryxKenshin
122,-1.0,0,0,-1,1,-1,0,1,0,0,1,0,-1,0,0,CoryxKenshin
123,-1.0,1,0,1,-1,0,0,-1,0,0,0,0,0,0,0,CoryxKenshin
124,-1.0,1,0,0,0,1,1,-1,0,-1,0,0,1,0,0,CoryxKenshin
125,-1.0,0,0,0,1,-1,0,0,0,1,-1,0,1,-1,0,CoryxKenshin
126,-1.0,-1,-1,1,1,0,0,1,0,0,0,0,-1,0,0,CoryxKenshin
127,-1.0,0,0,0,0,0,1,0,-1,0,0,-1,0,0,0,CoryxKenshin
128,-1.0,0,0,0,0,0,0,0,-1,0,0,0,0,0,0,CoryxKenshin
129,-1.0,-1,0,0,0,0,-1,0,1,0,0,1,0,0,0,CoryxKenshin
130,-1.0,1,0,0,0,0,0,0,1,0,0,1,0,-1,0,CoryxKenshin
131,-1.0,1,0,0,0,0,1,0,0,0,0,0,0,1,0,CoryxKenshin
132,-1.0,-1,-1,1,1,0,0,1,0,0,0,0,-1,0,0,CoryxKenshin
133,-1.0,0,0,0,1,-1,1,0,0,-1,1,0,-1,1,0,CoryxKenshin
134,-1.0,-1,0,1,1,0,0,0,0,0,0,0,0,-1,0,CoryxKenshin
135,-1.0,0,0,0,1,-1,1,0,0,-1,1,0,-1,1,0,CoryxKenshin
136,-1.0,0,0,0,1,-1,0,0,0,1,-1,0,1,-1,0,CoryxKenshin
137,-1.0,0,0,0,1,-1,0,0,0,1,-1,0,1,-1,0,CoryxKenshin
138,1.0,-1,0,1,1,0,0,0,0,0,0,0,0,-1,0,DeadMeat
139,1.0,-1,0,0,-1,0,0,-1,0,0,0,0,0,0,0,DeadMeat
140,1.0,0,0,1,1,0,1,-1,0,-1,1,0,0,0,0,DeadMeat
141,1.0,0,0,-1,-1,0,-1,1,0,1,-1,0,0,0,0,DeadMeat
142,1.0,0,-1,0,-1,-1,1,0,0,0,0,0,-1,-1,0,DeadMeat
143,1.0,-1,0,0,1,0,-1,0,0,0,0,0,1,1,0,DeadMeat
144,1.0,1,0,-1,1,0,1,0,0,0,-1,0,1,0,0,DeadMeat
145,1.0,-1,0,-1,1,0,0,1,0,0,0,0,0,0,0,DeadMeat
146,1.0,1,1,1,1,0,0,0,0,0,0,-1,1,1,0,DeadMeat
147,1.0,-1,-1,-1,0,-1,0,1,0,0,1,0,-1,-1,0,DeadMeat
148,1.0,-1,0,0,0,0,0,-1,0,0,-1,0,1,0,0,DeadMeat
149,1.0,0,0,0,0,0,0,0,0,0,0,0,0,0,0,DeadMeat
150,1.0,1,0,0,0,0,0,1,0,0,1,0,-1,0,0,DeadMeat
151,1.0,0,0,0,0,0,0,0,-1,0,0,0,1,1,0,DeadMeat
152,1.0,-1,1,-1,1,-1,-1,1,0,1,0,-1,0,0,0,DeadMeat
153,1.0,-1,0,0,0,0,-1,0,1,0,0,1,0,0,0,DeadMeat
154,1.0,1,0,0,0,0,1,0,-1,0,0,-1,0,-1,0,DeadMeat
155,1.0,-1,0,0,0,0,-1,0,1,0,0,1,0,0,0,DeadMeat
156,1.0,0,0,1,1,0,1,0,0,0,-1,1,0,0,0,DeadMeat
157,1.0,-1,0,0,0,0,-1,0,0,0,0,0,0,1,0,DeadMeat
158,1.0,0,0,0,0,0,0,0,0,0,0,1,0,1,0,DeadMeat
159,1.0,1,0,0,0,0,1,0,-1,0,0,-1,0,-1,0,DeadMeat
160,1.0,1,0,0,0,0,1,0,0,0,0,1,-1,0,0,DeadMeat
161,1.0,0,0,0,0,0,0,0,1,0,0,0,-1,-1,0,DeadMeat
162,1.0,1,0,0,0,0,1,0,0,0,0,1,-1,0,0,DeadMeat
163,1.0,-1,0,0,0,0,0,0,-1,0,0,-1,0,1,0,DeadMeat
164,-1.0,1,0,-1,-1,0,-1,0,0,1,0,0,0,1,0,DeadMeat
165,-1.0,-1,0,1,1,0,1,0,0,-1,0,0,0,-1,0,DeadMeat
166,-1.0,1,0,-1,0,0,-1,0,0,0,0,0,0,0,0,DeadMeat
167,-1.0,1,0,0,1,0,0,1,0,0,0,0,0,0,0,DeadMeat
168,-1.0,-1,0,0,-1,0,0,-1,0,0,0,0,0,0,0,DeadMeat
169,-1.0,1,0,0,1,0,0,1,0,0,0,0,0,0,0,DeadMeat
170,-1.0,0,0,0,-1,1,0,0,0,-1,1,0,-1,-1,0,DeadMeat
171,-1.0,-1,0,0,0,-1,-1,1,0,1,0,0,-1,0,0,DeadMeat
172,-1.0,0,0,0,-1,0,1,-1,0,-1,0,0,0,-1,0,DeadMeat
173,-1.0,1,0,0,0,0,0,1,0,0,1,0,-1,0,0,DeadMeat
174,-1.0,-1,0,0,0,0,0,-1,1,0,0,0,0,1,1,DeadMeat
175,-1.0,1,0,-1,-1,0,0,1,-1,0,0,0,0,-1,-1,DeadMeat
176,-1.0,-1,0,0,0,0,-1,0,1,0,0,1,0,0,0,DeadMeat
177,-1.0,1,0,0,0,0,1,0,-1,0,0,-1,0,1,0,DeadMeat
178,-1.0,-1,0,0,0,0,-1,0,1,0,0,1,0,1,0,DeadMeat
179,-1.0,-1,0,0,0,0,-1,0,0,0,1,0,0,0,0,DeadMeat
180,-1.0,-1,0,0,0,0,-1,0,0,0,0,-1,1,0,0,DeadMeat
181,-1.0,0,0,0,0,0,0,0,1,0,0,0,-1,0,0,DeadMeat
182,-1.0,0,0,0,0,0,0,0,0,0,0,0,0,0,0,DeadMeat
183,-1.0,-1,0,0,0,0,-1,0,0,0,0,0,0,0,0,DeadMeat
184,-1.0,0,0,0,0,0,0,0,1,0,0,0,-1,0,0,DeadMeat
185,-1.0,0,0,-1,-1,0,-1,0,0,0,1,-1,0,1,0,DeadMeat
186,-1.0,0,0,-1,-1,0,-1,0,0,0,1,-1,0,0,0,DeadMeat
187,-1.0,1,0,0,0,0,1,0,0,0,-1,0,0,0,0,DeadMeat
188,-1.0,1,0,0,0,0,0,0,1,0,0,1,0,-1,0,DeadMeat
189,-1.0,-1,0,0,0,0,0,-1,1,0,0,0,0,0,0,DeadMeat
190,1.0,-1,0,1,1,0,0,0,0,0,0,0,0,-1,0,HollowPoiint
191,1.0,0,0,0,-1,1,-1,0,0,1,-1,0,1,0,0,HollowPoiint
192,1.0,-1,-1,-1,-1,0,0,1,0,1,0,0,0,1,0,HollowPoiint
193,1.0,0,0,-1,-1,0,0,0,0,0,1,0,1,0,0,HollowPoiint
194,1.0,0,0,1,1,0,0,0,0,0,-1,0,-1,-1,0,HollowPoiint
195,1.0,0,0,1,1,0,1,-1,0,-1,1,0,0,1,1,HollowPoiint
196,1.0,-1,0,0,1,0,-1,0,0,0,0,0,1,0,0,HollowPoiint
197,1.0,1,0,0,0,1,1,-1,0,-1,0,0,1,0,0,HollowPoiint
198,1.0,1,0,0,-1,0,1,0,0,0,0,0,-1,0,0,HollowPoiint
199,1.0,1,0,0,0,0,0,1,0,0,1,0,-1,0,0,HollowPoiint
200,1.0,0,0,0,0,0,0,0,-1,0,0,0,1,0,0,HollowPoiint
201,1.0,0,0,0,0,0,0,0,1,0,0,0,0,0,0,HollowPoiint
202,1.0,1,0,0,0,0,1,0,0,0,0,0,0,1,0,HollowPoiint
203,1.0,-1,0,0,0,0,0,-1,1,0,0,0,0,0,0,HollowPoiint
204,-1.0,1,0,-1,-1,0,-1,0,0,1,0,0,0,1,0,HollowPoiint
205,-1.0,0,0,0,1,-1,1,0,0,-1,1,0,-1,1,0,HollowPoiint
206,-1.0,1,1,1,1,0,1,-1,0,-1,-1,0,0,0,0,HollowPoiint
207,-1.0,0,0,-1,-1,0,-1,1,0,1,0,0,0,0,0,HollowPoiint
208,-1.0,1,1,1,0,0,-1,0,0,1,-1,0,1,-1,-1,HollowPoiint
209,-1.0,0,-1,0,-1,-1,1,0,0,0,0,0,-1,0,0,HollowPoiint
210,-1.0,0,0,0,-1,1,0,0,0,-1,1,0,-1,0,0,HollowPoiint
211,-1.0,0,0,0,1,-1,0,0,0,1,-1,0,1,-1,0,HollowPoiint
212,-1.0,0,1,0,1,1,-1,0,0,0,0,0,1,0,0,HollowPoiint
213,-1.0,-1,-1,-1,0,-1,0,1,0,0,1,0,-1,1,0,HollowPoiint
214,-1.0,-1,0,0,0,0,0,-1,1,0,0,0,0,1,1,HollowPoiint
215,-1.0,1,0,-1,-1,0,0,1,-1,0,0,0,0,-1,-1,HollowPoiint
216,-1.0,1,0,0,0,0,1,0,0,0,0,1,-1,0,0,HollowPoiint
217,-1.0,-1,0,0,0,0,-1,0,0,0,0,0,0,-1,0,HollowPoiint
218,1.0,1,0,-1,-1,0,-1,0,0,1,0,0,0,1,0,Jacksepticeye
219,1.0,0,0,0,-1,1,-1,0,0,1,-1,0,1,0,0,Jacksepticeye
220,1.0,0,0,1,1,0,0,0,0,0,0,0,-1,0,0,Jacksepticeye
221,1.0,0,0,1,1,0,1,-1,0,-1,1,0,0,1,1,Jacksepticeye
222,1.0,0,1,0,1,1,-1,0,0,0,0,0,1,0,0,Jacksepticeye
223,1.0,-1,-1,-1,-1,0,0,0,0,0,0,1,-1,0,0,Jacksepticeye
224,1.0,-1,0,0,1,0,-1,0,0,0,0,0,1,1,0,Jacksepticeye
225,1.0,0,0,0,-1,1,0,0,0,-1,1,0,-1,-1,0,Jacksepticeye
226,1.0,-1,0,-1,1,0,0,1,0,0,0,0,0,0,0,Jacksepticeye
227,1.0,1,0,0,0,1,1,-1,0,-1,0,0,1,0,0,Jacksepticeye
228,1.0,-1,0,0,0,0,0,-1,1,0,0,0,0,1,1,Jacksepticeye
229,1.0,0,0,0,0,0,0,-1,0,0,-1,0,1,0,0,Jacksepticeye
230,1.0,0,0,0,0,0,0,0,-1,0,0,0,1,1,0,Jacksepticeye
231,1.0,-1,0,0,0,0,-1,0,1,0,0,1,0,1,0,Jacksepticeye
232,1.0,1,0,0,0,0,1,0,-1,0,0,0,0,1,0,Jacksepticeye
233,1.0,-1,0,0,0,0,-1,0,0,0,0,0,0,-1,0,Jacksepticeye
234,1.0,1,0,0,0,0,0,0,1,0,0,1,0,1,0,Jacksepticeye
235,1.0,0,0,0,0,0,0,0,0,0,0,0,0,0,0,Jacksepticeye
236,1.0,-1,0,0,0,0,-1,0,1,0,0,0,0,1,0,Jacksepticeye
237,1.0,0,0,0,0,0,0,0,0,0,0,0,0,0,0,Jacksepticeye
238,1.0,1,1,0,1,0,0,-1,0,0,0,0,1,0,0,Jacksepticeye
239,1.0,0,0,0,0,0,0,0,-1,0,0,0,1,1,0,Jacksepticeye
240,1.0,0,0,0,0,0,0,0,-1,0,0,0,1,1,0,Jacksepticeye
241,1.0,-1,0,0,0,0,-1,0,1,0,0,0,0,1,0,Jacksepticeye
242,1.0,0,0,0,0,0,0,0,0,0,0,0,0,0,0,Jacksepticeye
243,1.0,-1,-1,-1,-1,0,0,0,0,0,0,1,-1,0,0,Jacksepticeye
244,1.0,-1,0,0,0,0,-1,0,1,0,0,0,0,1,0,Jacksepticeye
245,1.0,1,0,0,0,0,1,0,-1,0,0,0,0,1,0,Jacksepticeye
246,1.0,0,0,0,0,0,0,0,-1,0,0,0,1,1,0,Jacksepticeye
247,-1.0,-1,0,1,1,0,1,0,0,-1,0,0,0,-1,0,Jacksepticeye
248,-1.0,0,0,0,1,-1,1,0,0,-1,1,0,-1,1,0,Jacksepticeye
249,-1.0,0,0,-1,-1,0,-1,1,0,1,-1,0,0,-1,0,Jacksepticeye
250,-1.0,0,-1,0,-1,-1,1,0,0,0,0,0,-1,0,0,Jacksepticeye
251,-1.0,1,1,1,1,0,0,0,0,0,0,-1,1,1,0,Jacksepticeye
252,-1.0,0,-1,0,-1,-1,1,0,0,0,0,0,-1,-1,0,Jacksepticeye
253,-1.0,1,0,-1,1,0,1,0,0,0,-1,0,1,0,0,Jacksepticeye
254,-1.0,-1,0,0,0,-1,-1,1,0,1,0,0,-1,0,0,Jacksepticeye
255,-1.0,1,0,1,-1,0,0,-1,0,0,0,0,0,0,0,Jacksepticeye
256,-1.0,-1,0,1,-1,0,-1,0,0,0,1,0,-1,1,0,Jacksepticeye
257,-1.0,0,0,0,1,-1,0,0,0,1,-1,0,1,-1,0,Jacksepticeye
258,-1.0,-1,-1,-1,0,-1,0,1,0,0,1,0,-1,0,0,Jacksepticeye
259,-1.0,0,0,0,1,0,-1,1,0,1,0,0,0,-1,0,Jacksepticeye
260,-1.0,0,0,0,0,0,0,1,0,0,1,0,-1,0,0,Jacksepticeye
261,-1.0,0,0,0,0,0,0,-1,0,0,-1,0,1,0,0,Jacksepticeye
262,-1.0,0,0,0,0,0,0,1,0,0,1,0,-1,0,0,Jacksepticeye
263,-1.0,-1,-1,1,1,0,0,1,0,0,0,0,-1,0,0,Jacksepticeye
264,-1.0,1,0,0,0,0,1,0,0,0,0,1,-1,0,0,Jacksepticeye
265,-1.0,1,0,0,0,0,1,0,-1,0,0,-1,0,-1,0,Jacksepticeye
266,-1.0,-1,0,0,0,0,-1,0,1,0,0,0,0,0,0,Jacksepticeye
267,-1.0,0,0,0,0,0,1,0,0,0,0,0,0,0,0,Jacksepticeye
268,-1.0,0,0,0,0,0,-1,0,1,0,0,1,0,1,0,Jacksepticeye
269,-1.0,0,0,0,0,0,1,0,-1,0,0,-1,0,-1,0,Jacksepticeye
270,-1.0,-1,0,0,0,0,0,0,-1,0,0,-1,0,-1,0,Jacksepticeye
271,-1.0,0,0,0,0,0,-1,0,1,0,0,1,0,1,0,Jacksepticeye
272,-1.0,0,0,1,1,0,0,0,-1,0,0,-1,1,-1,0,Jacksepticeye
273,-1.0,0,0,0,0,0,0,0,0,0,0,0,0,-1,0,Jacksepticeye
274,-1.0,0,0,0,0,0,0,0,1,0,0,0,-1,0,0,Jacksepticeye
275,-1.0,-1,-1,-1,0,-1,0,1,0,0,1,0,-1,0,0,Jacksepticeye
276,1.0,0,0,0,1,0,1,0,0,-1,1,-1,0,0,0,JazzyGuns
277,1.0,0,0,0,1,-1,1,0,0,-1,1,0,-1,1,0,JazzyGuns
278,1.0,0,0,-1,-1,0,0,0,0,0,1,0,1,0,0,JazzyGuns
279,1.0,0,0,1,1,0,0,0,0,0,0,0,-1,0,1,JazzyGuns
280,1.0,1,1,1,1,0,0,0,0,0,0,-1,1,0,0,JazzyGuns
281,1.0,0,-1,0,-1,-1,1,0,0,0,0,0,-1,0,0,JazzyGuns
282,1.0,0,0,0,-1,1,0,0,0,-1,1,0,-1,0,0,JazzyGuns
283,1.0,1,1,0,1,0,0,0,0,1,-1,0,1,0,0,JazzyGuns
284,1.0,1,0,0,0,0,0,1,0,0,1,0,-1,1,0,JazzyGuns
285,1.0,0,0,0,-1,1,0,0,0,-1,1,0,-1,0,0,JazzyGuns
286,1.0,1,0,-1,1,0,1,0,0,0,-1,0,1,0,0,JazzyGuns
287,1.0,1,0,0,-1,0,1,0,0,0,0,0,-1,0,0,JazzyGuns
288,1.0,-1,-1,-1,0,-1,0,1,0,0,1,0,-1,0,0,JazzyGuns
289,1.0,-1,0,0,0,0,0,-1,1,0,0,0,0,1,1,JazzyGuns
290,1.0,1,0,-1,-1,0,0,1,-1,0,0,0,0,-1,-1,JazzyGuns
291,1.0,1,1,0,0,0,0,-1,0,0,-1,0,1,0,0,JazzyGuns
292,1.0,0,0,0,0,0,0,-1,1,-1,0,0,0,0,0,JazzyGuns
293,1.0,1,0,0,0,0,1,0,0,0,-1,0,0,-1,0,JazzyGuns
294,1.0,-1,0,0,0,0,-1,0,1,0,0,0,0,1,0,JazzyGuns
295,1.0,-1,0,0,0,0,0,0,0,0,0,0,0,0,0,JazzyGuns
296,1.0,0,0,0,0,0,0,0,1,0,0,0,0,0,0,JazzyGuns
297,1.0,1,0,0,0,0,1,0,0,0,-1,0,0,-1,0,JazzyGuns
298,1.0,-1,0,0,0,0,-1,0,1,0,0,0,0,0,0,JazzyGuns
299,1.0,-1,0,0,0,0,-1,0,1,0,0,1,0,-1,0,JazzyGuns
300,1.0,0,0,0,0,0,0,0,0,0,0,0,0,0,0,JazzyGuns
301,1.0,-1,0,0,0,0,0,0,-1,0,0,-1,0,-1,0,JazzyGuns
302,1.0,-1,0,0,0,0,-1,0,0,0,0,-1,1,0,0,JazzyGuns
303,1.0,0,0,0,0,0,0,1,-1,1,0,0,0,0,0,JazzyGuns
304,1.0,-1,-1,-1,0,-1,0,1,0,0,1,0,-1,0,0,JazzyGuns
305,1.0,-1,0,0,0,0,0,-1,1,0,0,0,0,0,0,JazzyGuns
306,-1.0,-1,0,1,1,0,0,0,0,0,0,0,0,-1,0,JazzyGuns
307,-1.0,0,0,0,-1,1,-1,0,0,1,-1,0,1,0,0,JazzyGuns
308,-1.0,1,0,-1,0,0,-1,0,0,0,0,0,0,0,0,JazzyGuns
309,-1.0,1,1,1,0,0,-1,0,0,1,-1,0,1,-1,-1,JazzyGuns
310,-1.0,-1,-1,-1,-1,0,0,0,0,0,0,1,-1,0,0,JazzyGuns
311,-1.0,-1,0,0,1,0,-1,0,0,0,0,0,1,0,0,JazzyGuns
312,-1.0,-1,-1,-1,0,-1,0,1,0,0,1,0,-1,1,0,JazzyGuns
313,-1.0,-1,0,0,0,0,0,-1,0,0,-1,0,1,-1,0,JazzyGuns
314,-1.0,0,0,0,1,0,-1,1,0,1,0,0,0,-1,0,JazzyGuns
315,-1.0,0,0,1,-1,1,0,-1,0,0,-1,0,1,-1,0,JazzyGuns
316,-1.0,1,0,0,0,-1,1,0,0,0,0,0,-1,0,0,JazzyGuns
317,-1.0,-1,0,0,0,-1,-1,1,0,1,0,0,-1,0,0,JazzyGuns
318,-1.0,1,0,1,-1,0,0,-1,0,0,0,0,0,0,0,JazzyGuns
319,-1.0,-1,0,-1,1,0,0,1,0,0,0,0,0,0,0,JazzyGuns
320,-1.0,0,1,0,1,1,-1,0,0,0,0,0,1,0,0,JazzyGuns
321,-1.0,-1,-1,1,1,0,0,1,0,0,0,0,-1,0,0,JazzyGuns
322,-1.0,0,0,0,0,0,0,0,-1,0,0,0,1,0,0,JazzyGuns
323,-1.0,0,0,-1,-1,0,-1,0,0,0,1,-1,0,1,0,JazzyGuns
324,-1.0,1,0,0,0,0,1,0,-1,0,0,0,0,0,0,JazzyGuns
325,-1.0,0,0,0,0,0,0,0,0,0,0,0,0,-1,0,JazzyGuns
326,-1.0,1,0,0,0,0,1,0,0,0,0,1,-1,0,0,JazzyGuns
327,-1.0,0,0,-1,-1,0,-1,0,0,0,1,-1,0,1,0,JazzyGuns
328,-1.0,1,0,0,0,0,1,0,-1,0,0,0,0,1,0,JazzyGuns
329,-1.0,1,0,0,0,0,1,0,-1,0,0,-1,0,0,0,JazzyGuns
330,-1.0,0,0,0,0,0,1,0,0,0,0,0,0,-1,0,JazzyGuns
331,-1.0,1,0,0,0,0,0,0,1,0,0,1,0,1,0,JazzyGuns
332,-1.0,1,0,0,0,0,1,0,0,0,0,0,0,0,0,JazzyGuns
333,-1.0,0,0,0,0,0,0,0,1,0,0,0,-1,0,0,JazzyGuns
334,-1.0,1,1,0,1,0,0,-1,0,0,0,0,1,0,0,JazzyGuns
335,-1.0,1,0,0,0,0,1,0,0,0,0,0,0,0,0,JazzyGuns
336,1.0,-1,0,1,0,1,0,0,0,0,-1,0,1,-1,0,JohnWolfe
337,1.0,0,0,0,1,-1,1,0,0,-1,1,0,-1,1,0,JohnWolfe
338,1.0,0,0,1,1,0,0,0,0,0,0,0,-1,-1,0,JohnWolfe
339,1.0,0,0,-1,-1,0,-1,1,0,1,-1,0,0,0,0,JohnWolfe
340,1.0,1,1,1,0,0,-1,0,0,1,-1,0,1,-1,-1,JohnWolfe
341,1.0,0,0,1,-1,1,0,-1,0,0,-1,0,1,-1,0,JohnWolfe
342,1.0,0,0,1,-1,-1,-1,0,0,1,0,0,-1,0,0,JohnWolfe
343,1.0,0,0,-1,1,1,1,0,0,-1,0,0,1,0,0,JohnWolfe
344,1.0,-1,0,0,0,0,0,-1,1,0,0,0,0,1,1,JohnWolfe
345,1.0,1,0,-1,-1,0,0,1,-1,0,0,0,0,-1,-1,JohnWolfe
346,1.0,1,1,0,0,0,0,-1,0,0,-1,0,1,0,0,JohnWolfe
347,1.0,1,0,0,0,0,1,0,0,0,0,1,-1,0,0,JohnWolfe
348,1.0,-1,0,0,0,0,-1,0,1,0,0,0,0,1,0,JohnWolfe
349,1.0,-1,0,0,0,0,-1,0,1,0,0,1,0,-1,0,JohnWolfe
350,1.0,0,0,0,0,0,0,0,1,0,0,0,0,0,0,JohnWolfe
351,1.0,1,1,1,0,0,-1,0,0,1,-1,0,1,-1,-1,JohnWolfe
352,-1.0,1,0,-1,0,0,-1,0,0,0,0,0,0,0,0,JohnWolfe
353,-1.0,-1,0,1,0,0,1,0,0,0,0,0,0,-1,0,JohnWolfe
354,-1.0,-1,-1,-1,-1,0,0,1,0,1,0,0,0,1,0,JohnWolfe
355,-1.0,-1,0,0,-1,0,0,-1,0,0,0,0,0,0,0,JohnWolfe
356,-1.0,1,0,0,1,0,0,1,0,0,0,0,0,0,0,JohnWolfe
357,-1.0,-1,-1,-1,0,-1,0,1,0,0,1,0,-1,1,0,JohnWolfe
358,-1.0,0,0,-1,1,-1,0,1,0,0,1,0,-1,0,0,JohnWolfe
359,-1.0,-1,0,1,-1,0,-1,0,0,0,1,0,-1,1,0,JohnWolfe
360,-1.0,0,0,0,1,-1,0,0,0,1,-1,0,1,-1,0,JohnWolfe
361,-1.0,0,0,-1,-1,0,-1,0,0,0,1,-1,0,1,0,JohnWolfe
362,-1.0,1,0,0,0,0,1,0,0,0,-1,0,0,-1,0,JohnWolfe
363,-1.0,1,0,0,0,0,1,0,-1,0,0,0,0,-1,0,JohnWolfe
364,-1.0,-1,0,0,0,0,-1,0,0,0,0,0,0,-1,0,JohnWolfe
365,-1.0,0,0,0,0,0,-1,0,0,0,0,0,0,0,0,JohnWolfe
366,-1.0,1,0,0,0,0,1,0,0,0,0,0,0,0,0,JohnWolfe
367,-1.0,0,0,0,0,0,0,1,-1,1,0,0,0,0,0,JohnWolfe
368,1.0,1,0,-1,-1,0,-1,0,0,1,0,0,0,1,0,LayItDownGaming
369,1.0,-1,0,1,1,0,1,0,0,-1,0,0,0,-1,0,LayItDownGaming
370,1.0,0,0,0,1,0,1,0,0,-1,1,-1,0,1,0,LayItDownGaming
371,1.0,-1,-1,-1,-1,0,0,1,0,1,0,0,0,1,0,LayItDownGaming
372,1.0,0,0,-1,-1,0,0,0,0,0,1,0,1,0,0,LayItDownGaming
373,1.0,1,0,0,1,0,0,1,0,0,0,0,0,0,0,LayItDownGaming
374,1.0,-1,-1,-1,0,-1,0,1,0,0,1,0,-1,0,0,LayItDownGaming
375,1.0,-1,-1,-1,0,-1,0,1,0,0,1,0,-1,0,0,LayItDownGaming
376,1.0,0,0,0,-1,0,1,-1,0,-1,0,0,0,1,0,LayItDownGaming
377,1.0,-1,0,0,1,0,-1,0,0,0,0,0,1,1,0,LayItDownGaming
378,1.0,0,0,0,-1,1,0,0,0,-1,1,0,-1,-1,0,LayItDownGaming
379,1.0,-1,0,1,-1,0,-1,0,0,0,1,0,-1,1,0,LayItDownGaming
380,1.0,-1,-1,0,0,0,0,1,0,0,0,1,-1,-1,0,LayItDownGaming
381,1.0,-1,-1,1,1,0,0,1,0,0,0,0,-1,-1,0,LayItDownGaming
382,1.0,1,0,0,0,0,1,0,0,0,0,1,-1,0,0,LayItDownGaming
383,1.0,-1,0,0,0,0,-1,0,1,0,0,0,0,1,0,LayItDownGaming
384,1.0,1,0,0,0,0,1,0,0,0,0,0,0,0,0,LayItDownGaming
385,1.0,1,0,0,0,0,1,0,-1,0,0,-1,0,0,0,LayItDownGaming
386,1.0,1,0,0,0,0,-1,0,1,0,0,1,0,0,0,LayItDownGaming
387,1.0,0,0,0,0,0,-1,0,1,0,0,1,0,0,0,LayItDownGaming
388,1.0,1,0,0,0,0,0,0,1,0,0,1,0,1,0,LayItDownGaming
389,1.0,-1,0,0,0,0,0,0,-1,0,0,-1,0,-1,0,LayItDownGaming
390,1.0,0,0,0,0,0,0,0,-1,0,0,0,0,-1,0,LayItDownGaming
391,1.0,0,0,0,0,0,0,0,0,0,0,0,0,1,0,LayItDownGaming
392,1.0,-1,0,0,0,0,-1,0,0,0,1,0,0,0,0,LayItDownGaming
393,1.0,0,0,1,1,0,1,0,0,0,-1,0,0,0,0,LayItDownGaming
394,1.0,0,0,0,0,0,0,0,1,0,0,0,-1,0,0,LayItDownGaming
395,-1.0,0,0,0,-1,0,-1,0,0,1,-1,1,0,0,0,LayItDownGaming
396,-1.0,1,0,-1,0,0,-1,0,0,0,0,0,0,0,0,LayItDownGaming
397,-1.0,1,1,1,1,0,1,-1,0,-1,-1,0,0,-1,0,LayItDownGaming
398,-1.0,0,0,-1,-1,0,-1,1,0,1,-1,0,0,0,0,LayItDownGaming
399,-1.0,0,0,1,1,0,1,-1,0,-1,1,0,0,1,1,LayItDownGaming
400,-1.0,1,1,1,0,1,0,-1,0,0,-1,0,1,-1,0,LayItDownGaming
401,-1.0,1,0,0,0,0,0,1,0,0,1,0,-1,0,0,LayItDownGaming
402,-1.0,0,0,0,1,0,-1,1,0,1,0,0,0,0,0,LayItDownGaming
403,-1.0,1,0,-1,1,0,1,0,0,0,-1,0,1,0,0,LayItDownGaming
404,-1.0,0,1,0,1,1,-1,0,0,0,0,0,1,0,0,LayItDownGaming
405,-1.0,1,1,0,0,0,0,-1,0,0,0,-1,1,1,0,LayItDownGaming
406,-1.0,0,0,0,0,0,0,-1,1,-1,0,0,0,0,0,LayItDownGaming
407,-1.0,0,0,0,0,0,0,0,-1,0,0,0,1,0,0,LayItDownGaming
408,-1.0,0,0,-1,-1,0,-1,0,0,0,1,-1,0,1,0,LayItDownGaming
409,-1.0,1,0,0,0,0,1,0,-1,0,0,0,0,-1,0,LayItDownGaming
410,-1.0,-1,0,0,0,0,-1,0,0,0,0,0,0,0,0,LayItDownGaming
411,-1.0,0,0,0,0,0,1,0,0,0,0,0,0,0,0,LayItDownGaming
412,-1.0,-1,0,0,0,0,1,0,-1,0,0,-1,0,0,0,LayItDownGaming
413,-1.0,0,0,0,0,0,1,0,-1,0,0,-1,0,0,0,LayItDownGaming
414,-1.0,0,0,0,0,0,0,0,1,0,0,0,0,1,0,LayItDownGaming
415,-1.0,1,0,0,0,0,0,0,1,0,0,0,0,0,0,LayItDownGaming
416,-1.0,0,0,0,0,0,-1,0,0,0,0,0,0,-1,0,LayItDownGaming
417,-1.0,-1,0,0,0,0,-1,0,0,0,0,0,1,0,0,LayItDownGaming
418,-1.0,0,0,0,0,0,0,1,-1,1,0,0,0,0,0,LayItDownGaming
419,-1.0,0,0,0,0,0,1,0,0,0,0,0,0,0,0,LayItDownGaming
420,-1.0,-1,0,0,0,0,1,0,-1,0,0,-1,0,0,0,LayItDownGaming
421,-1.0,-1,0,0,0,0,-1,0,0,0,0,0,0,0,0,LayItDownGaming
422,1.0,1,0,-1,-1,0,-1,0,0,1,0,0,0,1,0,LiteWeightGaming
423,1.0,0,0,0,1,0,1,0,0,-1,1,-1,0,0,0,LiteWeightGaming
424,1.0,1,0,-1,0,0,-1,0,0,0,0,0,0,0,0,LiteWeightGaming
425,1.0,0,0,1,1,0,1,-1,0,-1,1,0,0,1,1,LiteWeightGaming
426,1.0,-1,0,0,1,0,-1,0,0,0,0,0,1,0,0,LiteWeightGaming
427,1.0,0,0,0,-1,1,0,0,0,-1,1,0,-1,0,0,LiteWeightGaming
428,1.0,0,0,1,-1,1,0,-1,0,0,-1,0,1,0,0,LiteWeightGaming
429,1.0,-1,-1,0,-1,0,0,1,0,0,0,0,-1,0,0,LiteWeightGaming
430,1.0,-1,0,0,1,0,-1,0,0,0,0,0,1,0,0,LiteWeightGaming
431,1.0,0,0,0,-1,1,0,0,0,-1,1,0,-1,0,0,LiteWeightGaming
432,1.0,1,0,-1,1,0,1,0,0,0,-1,0,1,0,0,LiteWeightGaming
433,1.0,1,0,1,-1,0,0,-1,0,0,0,0,0,0,0,LiteWeightGaming
434,1.0,-1,-1,-1,0,-1,0,1,0,0,1,0,-1,0,0,LiteWeightGaming
435,1.0,-1,-1,1,1,0,0,1,0,0,0,0,-1,0,0,LiteWeightGaming
436,1.0,0,0,0,0,0,0,0,-1,0,0,0,1,1,0,LiteWeightGaming
437,1.0,-1,0,0,0,0,-1,0,1,0,0,0,0,1,0,LiteWeightGaming
438,1.0,-1,0,0,0,0,-1,0,0,0,0,0,0,-1,0,LiteWeightGaming
439,1.0,0,0,0,0,0,1,0,0,0,0,0,0,0,0,LiteWeightGaming
440,1.0,0,0,0,0,0,0,0,0,0,0,0,0,-1,0,LiteWeightGaming
441,1.0,1,0,0,0,0,0,0,1,0,0,1,0,1,0,LiteWeightGaming
442,1.0,-1,0,0,0,0,-1,0,0,0,1,0,0,0,0,LiteWeightGaming
443,1.0,0,0,0,0,0,0,1,-1,1,0,0,0,0,0,LiteWeightGaming
444,-1.0,0,0,0,-1,1,-1,0,0,1,-1,0,1,0,0,LiteWeightGaming
445,-1.0,-1,-1,-1,-1,0,0,1,0,1,0,0,0,1,0,LiteWeightGaming
446,-1.0,1,1,1,0,0,-1,0,0,1,-1,0,1,-1,-1,LiteWeightGaming
447,-1.0,0,-1,0,-1,-1,1,0,0,0,0,0,-1,0,0,LiteWeightGaming
448,-1.0,0,0,0,1,-1,0,0,0,1,-1,0,1,0,0,LiteWeightGaming
449,-1.0,0,0,-1,1,-1,0,1,0,0,1,0,-1,1,0,LiteWeightGaming
450,-1.0,1,1,0,1,0,0,-1,0,0,0,0,1,1,0,LiteWeightGaming
451,-1.0,-1,0,0,0,-1,-1,1,0,1,0,0,-1,0,0,LiteWeightGaming
452,-1.0,-1,0,-1,1,0,0,1,0,0,0,0,0,0,0,LiteWeightGaming
453,-1.0,-1,0,0,0,0,0,-1,1,0,0,0,0,1,1,LiteWeightGaming
454,-1.0,1,0,-1,-1,0,0,1,-1,0,0,0,0,-1,-1,LiteWeightGaming
455,-1.0,1,0,0,0,0,1,0,0,0,0,1,-1,-1,0,LiteWeightGaming
456,-1.0,1,0,0,0,0,1,0,-1,0,0,0,0,-1,0,LiteWeightGaming
457,-1.0,0,0,0,0,0,-1,0,1,0,0,1,0,1,0,LiteWeightGaming
458,-1.0,0,0,0,0,0,1,0,-1,0,0,-1,0,0,0,LiteWeightGaming
459,-1.0,0,0,0,0,0,0,0,-1,0,0,0,0,0,0,LiteWeightGaming
460,-1.0,-1,0,0,0,0,0,0,-1,0,0,-1,0,0,0,LiteWeightGaming
461,-1.0,1,0,0,0,0,1,0,0,0,-1,0,0,0,0,LiteWeightGaming
462,-1.0,1,1,0,1,0,0,-1,0,0,0,0,1,0,0,LiteWeightGaming
463,-1.0,0,0,-1,1,-1,0,1,0,0,1,0,-1,1,0,LiteWeightGaming
464,-1.0,0,0,0,1,-1,0,0,0,1,-1,0,1,0,0,LiteWeightGaming
465,-1.0,1,0,0,0,0,1,0,-1,0,0,0,0,-1,0,LiteWeightGaming
466,1.0,0,0,0,-1,0,-1,0,0,1,-1,1,0,0,0,Markiplier
467,1.0,0,0,0,-1,1,-1,0,0,1,-1,0,1,0,0,Markiplier
468,1.0,-1,0,1,0,0,1,0,0,0,0,0,0,-1,0,Markiplier
469,1.0,-1,-1,-1,-1,0,0,1,0,1,0,0,0,1,0,Markiplier
470,1.0,0,0,-1,-1,0,0,0,0,0,1,0,1,0,0,Markiplier
471,1.0,1,1,1,0,0,-1,0,0,1,-1,0,1,-1,-1,Markiplier
472,1.0,0,-1,0,-1,-1,1,0,0,0,0,0,-1,0,0,Markiplier
473,1.0,-1,0,-1,1,0,-1,1,0,0,0,1,0,1,0,Markiplier
474,1.0,1,0,-1,1,0,1,0,0,0,-1,0,1,0,0,Markiplier
475,1.0,-1,0,1,-1,0,-1,0,0,0,1,0,-1,1,0,Markiplier
476,1.0,0,0,0,1,-1,0,0,0,1,-1,0,1,-1,0,Markiplier
477,1.0,0,1,0,1,1,-1,0,0,0,0,0,1,1,0,Markiplier
478,1.0,-1,-1,-1,0,-1,0,1,0,0,1,0,-1,0,0,Markiplier
479,1.0,-1,0,-1,-1,0,0,-1,0,0,-1,1,0,0,0,Markiplier
480,1.0,1,0,1,1,0,0,1,0,0,1,-1,0,0,0,Markiplier
481,1.0,0,0,0,0,0,0,-1,0,0,-1,0,1,0,0,Markiplier
482,1.0,-1,0,0,0,0,0,-1,1,0,0,0,0,0,0,Markiplier
483,1.0,0,0,1,1,0,0,0,-1,0,0,0,1,1,0,Markiplier
484,1.0,1,0,0,0,0,1,0,0,0,-1,0,0,0,0,Markiplier
485,1.0,-1,0,0,0,0,-1,0,1,0,0,0,0,0,0,Markiplier
486,1.0,-1,0,0,0,0,-1,0,1,0,0,1,0,0,0,Markiplier
487,1.0,1,0,0,0,0,1,0,0,0,0,0,0,-1,0,Markiplier
488,1.0,-1,0,0,0,0,-1,0,0,0,0,0,0,1,0,Markiplier
489,1.0,1,0,0,0,0,1,0,0,0,0,0,0,-1,0,Markiplier
490,1.0,-1,0,0,0,0,-1,0,0,0,0,0,0,0,0,Markiplier
491,1.0,0,0,0,0,0,-1,0,0,0,0,0,0,0,0,Markiplier
492,1.0,0,0,1,1,0,0,0,-1,0,0,0,1,0,0,Markiplier
493,1.0,-1,0,0,0,0,-1,0,0,0,0,0,0,0,0,Markiplier
494,1.0,0,0,0,0,0,0,0,0,0,0,0,0,0,0,Markiplier
495,1.0,0,0,0,0,0,0,0,1,0,0,0,0,0,0,Markiplier
496,1.0,0,0,0,0,0,0,0,-1,0,0,0,0,1,0,Markiplier
497,1.0,0,0,0,0,0,0,0,0,0,0,0,0,0,0,Markiplier
498,1.0,0,0,0,0,0,-1,0,0,0,0,0,0,0,0,Markiplier
499,1.0,-1,0,0,0,0,0,-1,1,0,0,0,0,0,0,Markiplier
500,-1.0,-1,0,1,1,0,0,0,0,0,0,0,0,-1,0,Markiplier
501,-1.0,0,0,0,1,0,1,0,0,-1,1,-1,0,0,0,Markiplier
502,-1.0,0,0,0,1,-1,1,0,0,-1,1,0,-1,1,0,Markiplier
503,-1.0,1,0,-1,0,0,-1,0,0,0,0,0,0,0,0,Markiplier
504,-1.0,1,0,-1,0,0,-1,0,0,0,0,0,0,0,0,Markiplier
505,-1.0,0,0,1,1,0,0,0,0,0,0,0,-1,0,1,Markiplier
506,-1.0,0,-1,0,-1,-1,1,0,0,0,0,0,-1,0,0,Markiplier
507,-1.0,0,1,0,1,1,-1,0,0,0,0,0,1,0,0,Markiplier
508,-1.0,-1,0,0,0,-1,-1,1,0,1,0,0,-1,0,0,Markiplier
509,-1.0,1,0,0,-1,0,1,0,0,0,0,0,-1,0,0,Markiplier
510,-1.0,1,1,1,0,1,0,-1,0,0,-1,0,1,-1,0,Markiplier
511,-1.0,-1,-1,-1,0,-1,0,1,0,0,1,0,-1,0,0,Markiplier
512,-1.0,-1,0,0,0,0,0,-1,1,0,0,0,0,1,1,Markiplier
513,-1.0,1,0,-1,-1,0,0,1,-1,0,0,0,0,-1,-1,Markiplier
514,-1.0,0,0,0,0,0,0,1,0,0,1,0,-1,0,0,Markiplier
515,-1.0,1,0,0,0,0,0,1,-1,0,0,0,0,0,0,Markiplier
516,-1.0,1,0,-1,-1,0,1,0,0,0,0,1,-1,-1,0,Markiplier
517,-1.0,-1,0,0,0,0,-1,0,1,0,0,0,0,-1,0,Markiplier
518,-1.0,1,0,0,0,0,1,0,-1,0,0,0,0,-1,0,Markiplier
519,-1.0,0,0,0,0,0,1,0,0,0,0,0,0,0,0,Markiplier
520,-1.0,1,0,0,0,0,-1,0,1,0,0,1,0,1,0,Markiplier
521,-1.0,-1,0,0,0,0,1,0,-1,0,0,-1,0,-1,0,Markiplier
522,-1.0,0,0,0,0,0,1,0,0,0,-1,1,0,0,0,Markiplier
523,-1.0,0,0,-1,-1,0,0,0,1,0,0,0,-1,0,0,Markiplier
524,-1.0,0,0,1,1,0,0,0,-1,0,0,0,1,0,0,Markiplier
525,-1.0,1,0,0,0,0,0,0,1,0,0,1,0,0,0,Markiplier
526,-1.0,-1,0,0,0,0,0,0,-1,0,0,-1,0,0,0,Markiplier
527,-1.0,0,0,0,0,0,0,0,1,0,0,0,0,-1,0,Markiplier
528,-1.0,0,0,0,0,0,0,0,-1,0,0,0,0,0,0,Markiplier
529,-1.0,0,0,0,0,0,0,1,-1,1,0,0,0,0,0,Markiplier
530,-1.0,-1,-1,-1,0,-1,0,1,0,0,1,0,-1,0,0,Markiplier
531,-1.0,1,0,0,-1,0,1,0,0,0,0,0,-1,0,0,Markiplier
532,-1.0,-1,0,0,0,0,0,0,-1,0,0,-1,0,0,0,Markiplier
533,-1.0,0,0,-1,-1,0,0,0,1,0,0,0,-1,0,0,Markiplier
534,1.0,0,0,0,-1,1,-1,0,0,1,-1,0,1,0,0,Marz
535,1.0,1,0,-1,0,0,-1,0,0,0,0,0,0,0,0,Marz
536,1.0,1,1,1,1,0,1,-1,0,-1,-1,0,0,0,0,Marz
537,1.0,0,0,1,1,0,0,0,0,0,0,0,-1,-1,0,Marz
538,1.0,0,0,-1,-1,0,-1,1,0,1,-1,0,0,0,0,Marz
539,1.0,0,-1,0,-1,-1,1,0,0,0,0,0,-1,0,0,Marz
540,1.0,1,1,0,1,0,0,-1,0,0,0,0,1,0,0,Marz
541,1.0,-1,-1,-1,0,-1,0,1,0,0,1,0,-1,1,0,Marz
542,1.0,-1,0,0,0,0,0,-1,0,0,-1,0,1,0,0,Marz
543,1.0,1,0,0,0,0,0,1,0,0,1,0,-1,0,0,Marz
544,1.0,0,0,1,-1,1,0,-1,0,0,-1,0,1,0,0,Marz
545,1.0,0,0,1,-1,1,0,-1,0,0,-1,0,1,-1,0,Marz
546,1.0,1,0,-1,0,-1,1,0,0,0,0,0,0,0,0,Marz
547,1.0,1,0,1,-1,0,0,-1,0,0,0,0,0,0,0,Marz
548,1.0,0,0,1,0,0,0,-1,0,0,0,0,1,-1,0,Marz
549,1.0,1,0,0,-1,0,1,0,0,0,0,0,-1,0,0,Marz
550,1.0,-1,-1,-1,0,-1,0,1,0,0,1,0,-1,0,0,Marz
551,1.0,-1,0,0,0,0,0,-1,1,0,0,0,0,1,1,Marz
552,1.0,0,0,1,1,0,0,0,-1,0,0,0,1,1,0,Marz
553,1.0,-1,0,0,0,0,-1,0,1,0,0,0,0,1,0,Marz
554,1.0,1,0,0,0,0,1,0,-1,0,0,-1,0,-1,0,Marz
555,1.0,0,0,0,0,0,-1,0,0,0,0,0,0,0,0,Marz
556,1.0,0,0,0,0,0,0,0,1,0,0,0,0,0,0,Marz
557,1.0,1,0,0,0,0,0,0,0,0,0,1,0,1,0,Marz
558,1.0,-1,0,0,0,0,-1,0,1,0,0,1,0,1,0,Marz
559,1.0,1,0,0,0,0,1,0,-1,0,0,-1,0,-1,0,Marz
560,1.0,-1,0,0,0,0,-1,0,0,0,1,0,0,0,0,Marz
561,-1.0,0,0,0,0,0,0,0,0,0,0,0,0,-1,0,Marz
562,-1.0,0,0,0,1,-1,1,0,0,-1,1,0,-1,1,0,Marz
563,-1.0,-1,0,1,0,0,1,0,0,0,0,0,0,-1,0,Marz
564,-1.0,0,0,-1,-1,0,0,0,0,0,1,0,1,0,0,Marz
565,-1.0,-1,0,0,-1,0,0,-1,0,0,0,0,0,0,0,Marz
566,-1.0,-1,0,-1,1,0,-1,1,0,0,0,1,0,1,0,Marz
567,-1.0,1,0,1,-1,0,1,-1,0,0,0,-1,0,-1,0,Marz
568,-1.0,0,0,0,-1,0,1,-1,0,-1,0,0,0,1,0,Marz
569,-1.0,0,0,0,1,0,-1,1,0,1,0,0,0,-1,0,Marz
570,-1.0,1,0,0,0,-1,1,0,0,0,0,0,-1,0,0,Marz
571,-1.0,-1,0,-1,1,0,-1,1,0,0,0,1,0,0,0,Marz
572,-1.0,-1,0,0,1,0,-1,1,0,1,-1,0,0,0,0,Marz
573,-1.0,-1,0,-1,1,0,0,1,0,0,0,0,0,0,0,Marz
574,-1.0,0,1,0,1,1,-1,0,0,0,0,0,1,0,0,Marz
575,-1.0,1,0,-1,-1,0,0,1,-1,0,0,0,0,-1,-1,Marz
576,-1.0,-1,-1,0,0,0,0,0,0,0,-1,0,0,0,0,Marz
577,-1.0,0,0,0,0,0,-1,0,0,0,1,-1,0,-1,0,Marz
578,-1.0,1,0,0,0,0,1,0,-1,0,0,0,0,-1,0,Marz
579,-1.0,1,0,0,0,0,1,0,0,0,0,0,0,0,0,Marz
580,-1.0,-1,0,0,0,0,-1,0,0,0,0,0,0,1,0,Marz
581,-1.0,-1,0,0,0,0,0,0,-1,0,0,-1,0,-1,0,Marz
582,-1.0,-1,0,0,0,0,-1,0,0,0,0,-1,1,-1,0,Marz
583,-1.0,0,0,0,0,0,0,0,1,0,0,0,-1,0,0,Marz
584,-1.0,0,0,0,0,0,0,0,1,0,0,0,-1,0,0,Marz
585,-1.0,-1,0,-1,1,0,0,1,0,0,0,0,0,0,0,Marz
586,-1.0,-1,0,0,1,0,-1,1,0,1,-1,0,0,0,0,Marz
587,-1.0,-1,0,0,0,0,0,0,-1,0,0,-1,0,-1,0,Marz
588,1.0,-1,0,1,1,0,0,0,0,0,0,0,0,-1,0,NinjaKuma
589,1.0,0,0,0,-1,1,-1,0,0,1,-1,0,1,0,0,NinjaKuma
590,1.0,0,0,0,1,-1,1,0,0,-1,1,0,-1,1,0,NinjaKuma
591,1.0,1,0,-1,0,0,-1,0,0,0,0,0,0,-1,0,NinjaKuma
592,1.0,0,0,1,1,0,0,0,0,0,0,0,-1,0,1,NinjaKuma
593,1.0,1,1,1,0,1,0,-1,0,0,0,-1,1,0,0,NinjaKuma
594,1.0,-1,0,-1,1,0,-1,1,0,0,0,1,0,1,0,NinjaKuma
595,1.0,-1,0,0,0,-1,-1,1,0,1,0,0,-1,0,0,NinjaKuma
596,1.0,1,0,0,0,1,1,-1,0,-1,0,0,1,0,0,NinjaKuma
597,1.0,1,0,1,-1,0,1,-1,0,0,0,-1,0,0,0,NinjaKuma
598,1.0,-1,0,0,0,0,0,-1,0,0,-1,0,1,0,0,NinjaKuma
599,1.0,1,0,0,0,0,0,1,0,0,1,0,-1,0,0,NinjaKuma
600,1.0,-1,-1,1,1,0,0,1,0,0,0,0,-1,0,0,NinjaKuma
601,1.0,0,0,0,0,0,0,0,-1,0,0,0,1,0,0,NinjaKuma
602,1.0,1,0,0,0,0,1,0,0,0,-1,0,0,-1,0,NinjaKuma
603,1.0,-1,0,0,0,0,-1,0,0,0,0,0,0,-1,0,NinjaKuma
604,1.0,1,0,0,0,0,0,0,1,0,0,1,0,1,0,NinjaKuma
605,1.0,1,0,0,0,0,1,0,0,0,0,0,0,1,0,NinjaKuma
606,1.0,-1,0,0,0,0,-1,0,1,0,0,1,0,-1,0,NinjaKuma
607,1.0,1,0,0,0,0,0,0,1,0,0,1,0,-1,0,NinjaKuma
608,-1.0,1,0,-1,-1,0,-1,0,0,1,0,0,0,1,0,NinjaKuma
609,-1.0,-1,-1,-1,-1,0,0,1,0,1,0,0,0,0,0,NinjaKuma
610,-1.0,0,-1,0,-1,-1,1,0,0,0,0,0,-1,0,0,NinjaKuma
611,-1.0,1,0,-1,1,0,1,0,0,0,-1,0,1,0,0,NinjaKuma
612,-1.0,-1,0,-1,1,0,0,1,0,0,0,0,0,0,0,NinjaKuma
613,-1.0,-1,0,1,-1,0,-1,0,0,0,1,0,-1,1,0,NinjaKuma
614,-1.0,0,1,0,1,1,-1,0,0,0,0,0,1,1,0,NinjaKuma
615,-1.0,-1,0,0,0,0,0,-1,1,0,0,0,0,1,1,NinjaKuma
616,-1.0,1,0,0,0,0,1,0,0,0,0,1,-1,0,0,NinjaKuma
617,-1.0,1,0,0,0,0,1,0,0,0,-1,0,0,-1,0,NinjaKuma
618,-1.0,-1,0,1,1,0,-1,0,0,0,0,0,1,-1,0,NinjaKuma
619,-1.0,1,0,0,0,0,1,0,-1,0,0,0,0,0,0,NinjaKuma
620,-1.0,-1,0,0,0,0,0,0,-1,0,0,-1,0,-1,0,NinjaKuma
621,-1.0,1,0,0,0,0,1,0,-1,0,0,-1,0,0,0,NinjaKuma
622,-1.0,-1,0,0,0,0,0,0,-1,0,0,-1,0,0,0,NinjaKuma
623,-1.0,-1,0,0,0,0,0,-1,1,0,0,0,0,1,1,NinjaKuma
624,-1.0,1,0,-1,-1,0,-1,0,0,1,0,0,0,1,0,NinjaKuma
625,-1.0,-1,-1,-1,-1,0,0,1,0,1,0,0,0,0,0,NinjaKuma
626,-1.0,0,-1,0,-1,-1,1,0,0,0,0,0,-1,0,0,NinjaKuma
627,-1.0,1,0,0,0,0,1,0,0,0,0,1,-1,0,0,NinjaKuma
628,1.0,-1,0,1,1,0,0,0,0,0,0,0,0,-1,0,Pewdiepie
629,1.0,0,0,0,-1,0,-1,0,0,1,-1,1,0,0,0,Pewdiepie
630,1.0,0,0,0,1,0,1,0,0,-1,1,-1,0,0,0,Pewdiepie
631,1.0,0,0,0,1,-1,1,0,0,-1,1,0,-1,1,0,Pewdiepie
632,1.0,0,0,-1,-1,0,0,0,0,0,1,0,1,0,0,Pewdiepie
633,1.0,0,-1,0,-1,-1,1,0,0,0,0,0,-1,0,0,Pewdiepie
634,1.0,0,0,0,-1,1,0,0,0,-1,1,0,-1,1,0,Pewdiepie
635,1.0,1,0,0,0,1,1,-1,0,-1,0,0,1,0,0,Pewdiepie
636,1.0,-1,-1,-1,0,-1,0,1,0,0,1,0,-1,1,0,Pewdiepie
637,1.0,-1,-1,-1,0,-1,0,1,0,0,1,0,-1,0,0,Pewdiepie
638,1.0,-1,-1,0,0,0,0,0,0,0,-1,0,0,0,0,Pewdiepie
639,1.0,0,0,0,0,0,-1,0,0,0,1,-1,0,1,0,Pewdiepie
640,1.0,1,0,0,0,0,1,0,-1,0,0,-1,0,-1,0,Pewdiepie
641,1.0,0,0,0,0,0,0,0,0,0,0,0,0,0,0,Pewdiepie
642,1.0,0,0,0,0,0,-1,0,0,0,0,0,0,0,0,Pewdiepie
643,1.0,-1,0,0,0,0,-1,0,1,0,0,0,0,0,0,Pewdiepie
644,1.0,1,1,0,0,0,0,-1,0,0,0,0,1,0,0,Pewdiepie
645,1.0,-1,-1,0,0,0,0,1,0,0,1,0,-1,0,0,Pewdiepie
646,-1.0,1,0,-1,-1,0,-1,0,0,1,0,0,0,1,0,Pewdiepie
647,-1.0,-1,0,1,1,0,1,0,0,-1,0,0,0,-1,0,Pewdiepie
648,-1.0,0,0,0,-1,1,-1,0,0,1,-1,0,1,0,0,Pewdiepie
649,-1.0,1,0,-1,0,0,-1,0,0,0,0,0,0,0,0,Pewdiepie
650,-1.0,-1,0,0,1,0,-1,0,0,0,0,0,1,0,0,Pewdiepie
651,-1.0,1,0,-1,1,0,1,0,0,0,-1,0,1,0,0,Pewdiepie
652,-1.0,-1,0,1,-1,0,-1,0,0,0,1,0,-1,1,0,Pewdiepie
653,-1.0,1,1,1,0,1,0,-1,0,0,-1,0,1,-1,0,Pewdiepie
654,-1.0,0,0,1,-1,1,0,-1,0,0,-1,0,1,0,0,Pewdiepie
655,-1.0,0,0,0,0,0,0,-1,1,-1,0,0,0,0,0,Pewdiepie
656,-1.0,1,0,0,0,0,1,0,0,0,-1,0,0,-1,0,Pewdiepie
657,-1.0,-1,0,0,0,0,-1,0,1,0,0,0,0,1,0,Pewdiepie
658,-1.0,1,0,0,0,0,-1,0,1,0,0,1,0,1,0,Pewdiepie
659,-1.0,1,0,0,0,0,1,0,-1,0,0,0,0,0,0,Pewdiepie
660,-1.0,-1,0,0,0,0,0,-1,0,0,-1,0,1,0,0,Pewdiepie
661,-1.0,-1,0,0,1,0,-1,0,0,0,0,0,1,0,0,Pewdiepie
662,-1.0,1,1,1,0,1,0,-1,0,0,-1,0,1,-1,0,Pewdiepie
663,-1.0,-1,0,0,0,0,0,-1,0,0,-1,0,1,0,0,Pewdiepie
664,1.0,1,0,-1,-1,0,-1,0,0,1,0,0,0,1,0,SuzyLu
665,1.0,1,0,-1,-1,0,-1,0,0,1,0,0,0,0,0,SuzyLu
666,1.0,-1,-1,-1,-1,0,0,1,0,1,0,0,0,1,0,SuzyLu
667,1.0,0,0,-1,-1,0,-1,1,0,1,-1,0,0,0,0,SuzyLu
668,1.0,-1,0,0,-1,0,0,-1,0,0,0,0,0,0,0,SuzyLu
669,1.0,0,0,1,1,0,1,-1,0,-1,1,0,0,1,1,SuzyLu
670,1.0,-1,0,0,0,0,0,-1,0,0,-1,0,1,-1,0,SuzyLu
671,1.0,0,0,0,1,0,-1,1,0,1,0,0,0,-1,0,SuzyLu
672,1.0,0,0,0,-1,1,0,0,0,-1,1,0,-1,-1,0,SuzyLu
673,1.0,-1,0,0,0,-1,-1,1,0,1,0,0,-1,0,0,SuzyLu
674,1.0,-1,-1,-1,0,-1,0,1,0,0,1,0,-1,-1,0,SuzyLu
675,1.0,0,0,0,0,0,0,0,-1,0,0,0,1,0,0,SuzyLu
676,1.0,1,0,0,0,0,1,0,-1,0,0,-1,0,-1,0,SuzyLu
677,1.0,0,0,1,1,0,1,0,0,0,-1,1,0,0,0,SuzyLu
678,1.0,0,0,0,0,0,0,1,-1,1,0,0,0,0,0,SuzyLu
679,1.0,-1,0,0,0,0,0,-1,0,0,-1,0,1,-1,0,SuzyLu
680,-1.0,-1,0,1,1,0,1,0,0,-1,0,0,0,-1,0,SuzyLu
681,-1.0,-1,0,1,1,0,1,0,0,-1,0,0,0,1,0,SuzyLu
682,-1.0,1,1,1,1,0,1,-1,0,-1,-1,0,0,-1,0,SuzyLu
683,-1.0,1,0,0,1,0,0,1,0,0,0,0,0,0,0,SuzyLu
684,-1.0,1,1,1,0,0,-1,0,0,1,-1,0,1,-1,-1,SuzyLu
685,-1.0,1,0,0,0,0,0,1,0,0,1,0,-1,0,0,SuzyLu
686,-1.0,1,0,1,-1,0,0,-1,0,0,0,0,0,0,0,SuzyLu
687,-1.0,-1,0,-1,1,0,0,1,0,0,0,0,0,0,0,SuzyLu
688,-1.0,1,0,-1,-1,0,0,1,-1,0,0,0,0,-1,-1,SuzyLu
689,-1.0,-1,-1,1,1,0,0,1,0,0,0,0,-1,0,0,SuzyLu
690,-1.0,1,0,0,0,0,1,0,0,0,0,1,-1,0,0,SuzyLu
691,-1.0,1,0,0,0,0,1,0,-1,0,0,0,0,-1,0,SuzyLu
692,-1.0,0,0,0,0,0,0,0,1,0,0,0,-1,0,0,SuzyLu
693,-1.0,0,0,0,0,0,0,0,-1,0,0,0,1,0,0,SuzyLu
694,-1.0,1,1,0,1,0,0,-1,0,0,0,0,1,0,0,SuzyLu
695,-1.0,-1,-1,-1,0,-1,0,1,0,0,1,0,-1,0,0,SuzyLu
696,1.0,1,0,-1,-1,0,-1,0,0,1,0,0,0,1,0,Yamimash
697,1.0,0,0,0,-1,1,-1,0,0,1,-1,0,1,0,0,Yamimash
698,1.0,1,1,1,1,0,1,-1,0,-1,-1,0,0,0,0,Yamimash
699,1.0,0,0,1,1,0,0,0,0,0,0,0,-1,0,0,Yamimash
700,1.0,1,1,1,0,0,-1,0,0,1,-1,0,1,-1,-1,Yamimash
701,1.0,1,1,1,0,1,0,-1,0,0,-1,0,1,-1,0,Yamimash
702,1.0,0,0,0,-1,0,1,-1,0,-1,0,0,0,1,0,Yamimash
703,1.0,0,0,1,-1,1,0,-1,0,0,-1,0,1,0,0,Yamimash
704,1.0,0,-1,0,-1,-1,1,0,0,0,0,0,-1,0,0,Yamimash
705,1.0,0,0,0,1,-1,0,0,0,1,-1,0,1,0,0,Yamimash
706,1.0,1,0,-1,1,0,1,0,0,0,-1,0,1,0,0,Yamimash
707,1.0,1,0,1,-1,0,0,-1,0,0,0,0,0,0,0,Yamimash
708,1.0,1,0,0,0,1,1,-1,0,-1,0,0,1,0,0,Yamimash
709,1.0,-1,0,1,-1,0,-1,0,0,0,1,0,-1,1,0,Yamimash
710,1.0,0,1,0,1,1,-1,0,0,0,0,0,1,0,0,Yamimash
711,1.0,-1,-1,0,0,0,0,1,0,0,0,1,-1,0,0,Yamimash
712,1.0,1,1,0,0,0,0,-1,0,0,0,-1,1,0,0,Yamimash
713,1.0,-1,-1,1,1,0,0,1,0,0,0,0,-1,0,0,Yamimash
714,1.0,0,0,0,0,0,0,0,-1,0,0,0,1,0,0,Yamimash
715,1.0,1,0,0,0,0,1,0,0,0,-1,0,0,-1,0,Yamimash
716,1.0,-1,0,0,0,0,-1,0,0,0,0,0,0,0,0,Yamimash
717,1.0,0,0,0,0,0,0,0,0,0,0,0,0,0,0,Yamimash
718,1.0,-1,0,0,0,0,-1,0,0,0,0,0,0,0,0,Yamimash
719,1.0,-1,0,0,0,0,-1,0,1,0,0,1,0,1,0,Yamimash
720,1.0,1,0,0,0,0,0,0,1,0,0,1,0,1,0,Yamimash
721,1.0,-1,0,0,0,0,0,0,-1,0,0,-1,0,-1,0,Yamimash
722,1.0,0,0,0,0,0,0,0,1,0,0,0,0,0,0,Yamimash
723,1.0,0,0,0,0,0,0,0,-1,0,0,0,0,0,0,Yamimash
724,1.0,0,0,0,0,0,1,0,-1,0,0,-1,0,0,0,Yamimash
725,1.0,-1,0,0,0,0,-1,0,0,0,0,0,0,-1,0,Yamimash
726,1.0,-1,0,0,0,0,-1,0,1,0,0,0,0,0,0,Yamimash
727,1.0,-1,0,0,0,0,-1,0,0,0,0,0,0,0,0,Yamimash
728,1.0,-1,0,0,0,0,1,0,-1,0,0,-1,0,0,0,Yamimash
729,1.0,1,0,0,0,0,0,0,1,0,0,1,0,0,0,Yamimash
730,1.0,-1,0,0,0,0,0,0,-1,0,0,-1,0,0,0,Yamimash
731,1.0,1,0,0,0,0,-1,0,1,0,0,1,0,0,0,Yamimash
732,1.0,-1,0,0,0,0,-1,0,0,0,0,0,0,0,0,Yamimash
733,1.0,1,0,0,0,0,-1,0,1,0,0,1,0,0,0,Yamimash
734,1.0,-1,-1,-1,0,-1,0,1,0,0,1,0,-1,0,0,Yamimash
735,-1.0,-1,0,1,1,0,0,0,0,0,0,0,0,-1,0,Yamimash
736,-1.0,-1,0,1,1,0,1,0,0,-1,0,0,0,-1,0,Yamimash
737,-1.0,0,0,0,-1,0,-1,0,0,1,-1,1,0,0,0,Yamimash
738,-1.0,0,0,0,1,-1,1,0,0,-1,1,0,-1,1,0,Yamimash
739,-1.0,0,0,-1,-1,0,0,0,0,0,1,0,1,0,0,Yamimash
740,-1.0,0,0,-1,-1,0,-1,1,0,1,-1,0,0,-1,0,Yamimash
741,-1.0,-1,-1,-1,0,-1,0,1,0,0,1,0,-1,0,0,Yamimash
742,-1.0,0,0,0,1,0,-1,1,0,1,0,0,0,-1,0,Yamimash
743,-1.0,0,0,-1,1,-1,0,1,0,0,1,0,-1,1,0,Yamimash
744,-1.0,1,1,1,0,1,0,-1,0,0,-1,0,1,-1,0,Yamimash
745,-1.0,-1,0,0,1,0,-1,0,0,0,0,0,1,0,0,Yamimash
746,-1.0,0,0,0,-1,1,0,0,0,-1,1,0,-1,0,0,Yamimash
747,-1.0,-1,0,0,0,-1,-1,1,0,1,0,0,-1,0,0,Yamimash
748,-1.0,-1,0,-1,1,0,0,1,0,0,0,0,0,0,0,Yamimash
749,-1.0,0,0,0,1,-1,0,0,0,1,-1,0,1,-1,0,Yamimash
750,-1.0,-1,-1,-1,0,-1,0,1,0,0,1,0,-1,0,0,Yamimash
751,-1.0,1,0,-1,-1,0,0,1,-1,0,0,0,0,-1,-1,Yamimash
752,-1.0,0,0,0,0,0,0,-1,1,-1,0,0,0,0,0,Yamimash
753,-1.0,1,0,0,0,0,1,0,0,0,0,1,-1,0,0,Yamimash
754,-1.0,0,0,-1,-1,0,-1,0,0,0,1,-1,0,1,0,Yamimash
755,-1.0,-1,0,0,0,0,-1,0,1,0,0,1,0,1,0,Yamimash
756,-1.0,1,0,0,0,0,0,0,1,0,0,1,0,-1,0,Yamimash
757,-1.0,0,0,1,1,0,0,0,0,0,0,0,1,0,0,Yamimash
758,-1.0,1,0,0,0,0,1,0,-1,0,0,-1,0,-1,0,Yamimash
759,-1.0,0,0,0,0,0,0,0,0,0,0,0,0,0,0,Yamimash
760,-1.0,0,0,0,0,0,-1,0,1,0,0,1,0,0,0,Yamimash
761,-1.0,1,0,0,0,0,-1,0,1,0,0,1,0,0,0,Yamimash
762,-1.0,1,0,0,0,0,1,0,-1,0,0,0,0,0,0,Yamimash
763,-1.0,1,0,0,0,0,-1,0,1,0,0,1,0,0,0,Yamimash
764,-1.0,0,0,0,0,0,-1,0,1,0,0,1,0,0,0,Yamimash
765,-1.0,0,0,0,0,0,1,0,-1,0,0,-1,0,0,0,Yamimash
766,-1.0,0,0,0,0,0,0,0,0,0,0,0,0,0,0,Yamimash
767,-1.0,0,0,0,0,0,-1,0,0,0,0,0,0,1,0,Yamimash
768,-1.0,1,0,0,0,0,1,0,0,0,0,0,0,-1,0,Yamimash
769,-1.0,-1,0,0,0,0,1,0,-1,0,0,-1,0,0,0,Yamimash
770,-1.0,-1,0,0,0,0,0,-1,1,0,0,0,0,0,0,Yamimash
771,-1.0,1,0,0,0,0,1,0,-1,0,0,-1,0,-1,0,Yamimash
772,-1.0,0,0,0,0,0,-1,0,1,0,0,1,0,0,0,Yamimash
773,-1.0,0,0,0,1,-1,0,0,0,1,-1,0,1,-1,0,Yamimash
