,Surprise_UTER,Area_size,Ceiling_height,Light_contrast,Light_levels,Light_temperature,Blocked_path,Empty_room,Hiding_place,Interior_arrangement,Triggers_present,Battery_present,Note_present,Event,Cutscene,Channel_id
0,1.0,1,0,-1,-1,0,-1,0,0,1,0,0,0,1,0,AngelAlyx
1,1.0,0,0,0,-1,0,-1,0,0,1,-1,1,0,0,0,AngelAlyx
2,1.0,0,0,0,-1,1,-1,0,0,1,-1,0,1,0,0,AngelAlyx
3,1.0,1,0,-1,0,0,-1,0,0,0,0,0,0,0,0,AngelAlyx
4,1.0,-1,-1,-1,-1,0,0,1,0,1,0,0,0,1,0,AngelAlyx
5,1.0,0,0,-1,-1,0,0,0,0,0,1,0,1,0,0,AngelAlyx
6,1.0,0,-1,0,-1,-1,1,0,0,0,0,0,-1,0,0,AngelAlyx
7,1.0,0,0,0,-1,1,0,0,0,-1,1,0,-1,0,0,AngelAlyx
8,1.0,1,0,1,-1,0,0,-1,0,0,0,0,0,0,0,AngelAlyx
9,1.0,-1,0,-1,1,0,0,1,0,0,0,0,0,0,0,AngelAlyx
10,1.0,-1,0,1,-1,0,-1,0,0,0,1,0,-1,1,0,AngelAlyx
11,1.0,0,0,0,1,-1,0,0,0,1,-1,0,1,-1,0,AngelAlyx
12,1.0,-1,0,0,0,0,0,-1,1,0,0,0,0,1,1,AngelAlyx
13,1.0,-1,-1,1,1,0,0,1,0,0,0,0,-1,0,0,AngelAlyx
14,1.0,1,0,0,0,0,1,0,0,0,-1,0,0,0,0,AngelAlyx
15,1.0,-1,0,0,0,0,-1,0,1,0,0,0,0,1,0,AngelAlyx
16,1.0,1,0,0,0,0,1,0,0,0,-1,0,0,1,0,AngelAlyx
17,1.0,1,0,0,0,0,1,0,-1,0,0,0,0,1,0,AngelAlyx
18,1.0,-1,0,0,0,0,1,0,-1,0,0,-1,0,0,0,AngelAlyx
19,1.0,0,0,0,0,0,-1,0,1,0,0,1,0,1,0,AngelAlyx
20,1.0,0,0,0,0,0,1,0,-1,0,0,-1,0,-1,0,AngelAlyx
21,1.0,0,0,0,0,0,0,0,0,0,0,0,0,0,0,AngelAlyx
22,1.0,0,0,0,0,0,1,0,0,0,0,0,0,0,0,AngelAlyx
23,1.0,-1,0,0,0,0,0,0,-1,0,0,-1,0,1,0,AngelAlyx
24,1.0,0,0,0,0,0,0,0,1,0,0,0,0,-1,0,AngelAlyx
25,1.0,-1,0,0,0,0,0,-1,1,0,0,0,0,0,0,AngelAlyx
26,1.0,0,0,0,0,0,1,0,0,0,0,0,0,0,0,AngelAlyx
27,1.0,-1,0,0,0,0,0,-1,1,0,0,0,0,0,0,AngelAlyx
28,-1.0,-1,0,1,1,0,0,0,0,0,0,0,0,-1,0,AngelAlyx
29,-1.0,0,0,0,1,0,1,0,0,-1,1,-1,0,0,0,AngelAlyx
30,-1.0,0,0,0,1,-1,1,0,0,-1,1,0,-1,1,0,AngelAlyx
31,-1.0,-1,0,1,0,0,1,0,0,0,0,0,0,-1,0,AngelAlyx
32,-1.0,1,0,-1,0,0,-1,0,0,0,0,0,0,0,0,AngelAlyx
33,-1.0,1,1,1,1,0,1,-1,0,-1,-1,0,0,0,0,AngelAlyx
34,-1.0,0,0,1,1,0,0,0,0,0,0,0,-1,0,1,AngelAlyx
35,-1.0,1,1,1,0,0,-1,0,0,1,-1,0,1,-1,-1,AngelAlyx
36,-1.0,-1,0,0,1,0,-1,0,0,0,0,0,1,0,0,AngelAlyx
37,-1.0,1,0,-1,1,0,1,0,0,0,-1,0,1,0,0,AngelAlyx
38,-1.0,-1,0,0,0,-1,-1,1,0,1,0,0,-1,0,0,AngelAlyx
39,-1.0,1,0,0,0,1,1,-1,0,-1,0,0,1,0,0,AngelAlyx
40,-1.0,0,1,0,1,1,-1,0,0,0,0,0,1,0,0,AngelAlyx
41,-1.0,-1,-1,-1,0,-1,0,1,0,0,1,0,-1,1,0,AngelAlyx
42,-1.0,1,0,-1,-1,0,0,1,-1,0,0,0,0,-1,-1,AngelAlyx
43,-1.0,0,0,0,0,0,0,-1,1,-1,0,0,0,0,0,AngelAlyx
44,-1.0,0,0,0,0,0,0,0,-1,0,0,0,1,1,0,AngelAlyx
45,-1.0,-1,0,0,0,0,-1,0,1,0,0,1,0,1,0,AngelAlyx
46,-1.0,1,0,0,0,0,1,0,-1,0,0,-1,0,-1,0,AngelAlyx
47,-1.0,1,0,0,0,0,1,0,-1,0,0,0,0,-1,0,AngelAlyx
48,-1.0,-1,0,0,0,0,-1,0,1,0,0,0,0,-1,0,AngelAlyx
49,-1.0,1,0,0,0,0,-1,0,1,0,0,1,0,0,0,AngelAlyx
50,-1.0,1,0,0,0,0,-1,0,1,0,0,1,0,0,0,AngelAlyx
51,-1.0,-1,0,0,0,0,0,0,0,0,0,-1,0,0,0,AngelAlyx
52,-1.0,1,0,0,0,0,0,0,1,0,0,1,0,0,0,AngelAlyx
53,-1.0,0,0,0,0,0,0,0,0,0,0,0,0,0,0,AngelAlyx
54,-1.0,1,0,0,0,0,-1,0,1,0,0,1,0,0,0,AngelAlyx
55,-1.0,-1,0,0,0,0,1,0,-1,0,0,-1,0,0,0,AngelAlyx
56,1.0,-1,0,1,1,0,0,0,0,0,0,0,0,-1,0,Anida
57,1.0,0,0,0,1,0,1,0,0,-1,1,-1,0,0,0,Anida
58,1.0,0,0,0,1,-1,1,0,0,-1,1,0,-1,1,0,Anida
59,1.0,0,0,-1,-1,0,0,0,0,0,1,0,1,0,0,Anida
60,1.0,0,0,1,1,0,0,0,0,0,0,0,-1,-1,0,Anida
61,1.0,1,0,0,1,0,0,1,0,0,0,0,0,0,0,Anida
62,1.0,0,0,1,1,0,1,-1,0,-1,1,0,0,1,1,Anida
63,1.0,-1,-1,-1,0,-1,0,1,0,0,0,1,-1,0,0,Anida
64,1.0,0,-1,0,-1,-1,1,0,0,0,0,0,-1,0,0,Anida
65,1.0,0,0,0,-1,1,0,0,0,-1,1,0,-1,0,0,Anida
66,1.0,1,0,-1,1,0,1,0,0,0,-1,0,1,0,0,Anida
67,1.0,1,0,0,-1,0,1,0,0,0,0,0,-1,0,0,Anida
68,1.0,1,1,0,1,0,0,-1,0,0,0,0,1,0,0,Anida
69,1.0,-1,0,0,0,0,0,-1,1,0,0,0,0,1,1,Anida
70,1.0,0,0,0,0,0,0,1,0,0,1,0,-1,0,0,Anida
71,1.0,1,1,0,0,0,0,-1,0,0,-1,0,1,0,0,Anida
72,1.0,-1,-1,1,1,0,0,1,0,0,0,0,-1,0,0,Anida
73,1.0,1,0,0,0,0,1,0,0,0,0,1,-1,1,0,Anida
74,1.0,1,0,0,0,0,1,0,0,0,-1,0,0,0,0,Anida
75,1.0,-1,0,0,0,0,-1,0,1,0,0,1,0,0,0,Anida
76,1.0,1,0,0,0,0,1,0,-1,0,0,-1,0,1,0,Anida
77,1.0,1,0,0,0,0,0,0,1,0,0,1,0,1,0,Anida
78,1.0,-1,0,0,0,0,1,0,-1,0,0,-1,0,-1,0,Anida
79,1.0,1,0,0,0,0,0,0,1,0,0,1,0,1,0,Anida
80,1.0,0,0,0,0,0,0,0,1,0,0,0,0,0,0,Anida
81,1.0,0,0,0,0,0,0,0,-1,0,0,0,0,1,0,Anida
82,1.0,-1,0,0,0,0,-1,0,1,0,0,0,0,0,0,Anida
83,1.0,-1,0,0,0,0,-1,0,1,0,0,0,0,0,0,Anida
84,1.0,1,1,0,1,0,0,-1,0,0,0,0,1,0,0,Anida
85,1.0,-1,-1,-1,0,-1,0,1,0,0,1,0,-1,0,0,Anida
86,-1.0,1,0,-1,-1,0,-1,0,0,1,0,0,0,1,0,Anida
87,-1.0,-1,0,1,1,0,1,0,0,-1,0,0,0,-1,0,Anida
88,-1.0,-1,-1,-1,-1,0,0,1,0,1,0,0,0,0,0,Anida
89,-1.0,1,1,1,1,0,1,-1,0,-1,-1,0,0,0,0,Anida
90,-1.0,0,0,-1,-1,0,-1,1,0,1,-1,0,0,0,0,Anida
91,-1.0,-1,-1,-1,-1,0,0,0,0,0,0,1,-1,0,0,Anida
92,-1.0,-1,0,0,0,-1,-1,1,0,1,0,0,-1,0,0,Anida
93,-1.0,1,0,1,-1,0,0,-1,0,0,0,0,0,0,0,Anida
94,-1.0,-1,0,-1,1,0,0,1,0,0,0,0,0,0,0,Anida
95,-1.0,0,1,0,1,1,-1,0,0,0,0,0,1,1,0,Anida
96,-1.0,-1,-1,0,-1,0,0,1,0,0,0,0,-1,-1,0,Anida
97,-1.0,-1,-1,-1,0,-1,0,1,0,0,1,0,-1,1,0,Anida
98,-1.0,1,0,-1,-1,0,0,1,-1,0,0,0,0,-1,-1,Anida
99,-1.0,-1,0,0,0,0,0,-1,1,0,0,0,0,0,0,Anida
100,-1.0,0,0,0,0,0,0,0,-1,0,0,0,1,0,0,Anida
101,-1.0,0,0,-1,-1,0,-1,0,0,0,1,-1,0,-1,0,Anida
102,-1.0,-1,0,0,0,0,-1,0,0,0,0,0,0,-1,0,Anida
103,-1.0,0,0,0,0,0,-1,0,1,0,0,1,0,0,0,Anida
104,-1.0,0,0,0,0,0,1,0,-1,0,0,-1,0,0,0,Anida
105,-1.0,0,0,0,0,0,0,0,0,0,0,0,0,0,0,Anida
106,-1.0,-1,0,0,0,0,0,0,-1,0,0,-1,0,-1,0,Anida
107,-1.0,0,0,0,0,0,-1,0,1,0,0,0,0,0,0,Anida
108,-1.0,0,0,0,0,0,1,0,-1,0,0,0,0,-1,0,Anida
109,-1.0,1,0,0,0,0,1,0,-1,0,0,0,0,0,0,Anida
110,-1.0,1,0,0,0,0,1,0,-1,0,0,0,0,0,0,Anida
111,-1.0,0,0,0,0,0,-1,0,1,0,0,1,0,0,0,Anida
112,-1.0,0,0,0,0,0,0,0,-1,0,0,0,1,0,0,Anida
113,-1.0,-1,-1,-1,0,-1,0,1,0,0,1,0,-1,1,0,Anida
114,-1.0,-1,-1,-1,0,-1,0,1,0,0,1,0,-1,1,0,Anida
115,-1.0,-1,-1,-1,0,-1,0,1,0,0,1,0,-1,1,0,Anida
116,1.0,1,0,-1,-1,0,-1,0,0,1,0,0,0,1,0,CoryxKenshin
117,1.0,0,0,0,1,0,1,0,0,-1,1,-1,0,0,0,CoryxKenshin
118,1.0,-1,-1,-1,-1,0,0,1,0,1,0,0,0,1,0,CoryxKenshin
119,1.0,1,1,1,1,0,1,-1,0,-1,-1,0,0,0,0,CoryxKenshin
120,1.0,0,0,-1,-1,0,0,0,0,0,1,0,1,0,1,CoryxKenshin
121,1.0,0,-1,0,-1,-1,1,0,0,0,0,0,-1,0,0,CoryxKenshin
122,1.0,1,1,1,0,1,0,-1,0,0,0,-1,1,1,0,CoryxKenshin
123,1.0,-1,-1,-1,0,-1,0,1,0,0,1,0,-1,0,0,CoryxKenshin
124,1.0,-1,0,0,0,0,0,-1,0,0,-1,0,1,0,0,CoryxKenshin
125,1.0,0,0,0,-1,0,1,-1,0,-1,0,0,0,1,0,CoryxKenshin
126,1.0,0,0,-1,1,-1,0,1,0,0,1,0,-1,0,0,CoryxKenshin
127,1.0,0,0,1,-1,1,0,-1,0,0,-1,0,1,0,0,CoryxKenshin
128,1.0,-1,-1,0,-1,0,0,1,0,0,0,0,-1,0,0,CoryxKenshin
129,1.0,1,1,0,1,0,0,-1,0,0,0,0,1,0,0,CoryxKenshin
130,1.0,0,-1,0,-1,-1,1,0,0,0,0,0,-1,0,0,CoryxKenshin
131,1.0,0,0,0,-1,1,0,0,0,-1,1,0,-1,0,0,CoryxKenshin
132,1.0,1,0,1,-1,0,0,-1,0,0,0,0,0,0,0,CoryxKenshin
133,1.0,-1,0,1,-1,0,-1,0,0,0,1,0,-1,1,0,CoryxKenshin
134,1.0,1,0,0,-1,0,1,0,0,0,0,0,-1,0,0,CoryxKenshin
135,1.0,-1,0,0,0,0,0,-1,1,0,0,0,0,1,1,CoryxKenshin
136,1.0,1,0,-1,-1,0,0,1,-1,0,0,0,0,-1,-1,CoryxKenshin
137,1.0,0,0,0,0,0,0,0,-1,0,0,0,1,0,0,CoryxKenshin
138,1.0,1,0,0,0,0,1,0,0,0,0,1,-1,0,0,CoryxKenshin
139,1.0,-1,0,0,0,0,-1,0,1,0,0,1,0,1,0,CoryxKenshin
140,1.0,-1,0,0,0,0,-1,0,0,0,1,0,0,0,0,CoryxKenshin
141,1.0,0,0,1,1,0,1,0,0,0,-1,1,0,0,0,CoryxKenshin
142,1.0,1,0,0,0,0,1,0,0,0,-1,0,0,0,0,CoryxKenshin
143,1.0,0,0,1,1,0,1,0,0,0,-1,1,0,1,0,CoryxKenshin
144,1.0,0,0,-1,-1,0,-1,0,0,0,1,-1,0,1,0,CoryxKenshin
145,1.0,0,0,0,0,0,1,0,0,0,0,0,0,0,0,CoryxKenshin
146,1.0,0,0,0,0,0,-1,0,1,0,0,1,0,0,0,CoryxKenshin
147,1.0,0,0,0,0,0,0,0,0,0,0,0,0,0,0,CoryxKenshin
148,1.0,-1,0,0,0,0,0,0,-1,0,0,-1,0,1,0,CoryxKenshin
149,1.0,-1,0,0,0,0,0,0,-1,0,0,-1,0,1,0,CoryxKenshin
150,1.0,1,0,0,0,0,0,0,1,0,0,1,0,0,0,CoryxKenshin
151,1.0,1,0,0,0,0,0,0,-1,0,0,-1,0,1,0,CoryxKenshin
152,1.0,1,0,0,0,0,1,0,0,0,-1,0,0,0,0,CoryxKenshin
153,1.0,0,0,0,0,0,1,0,0,0,0,0,0,-1,0,CoryxKenshin
154,1.0,0,0,0,0,0,0,0,0,0,0,0,0,0,0,CoryxKenshin
155,1.0,-1,0,0,0,0,-1,0,0,0,1,0,0,-1,0,CoryxKenshin
156,1.0,0,0,1,1,0,1,0,0,0,-1,1,0,0,0,CoryxKenshin
157,1.0,-1,0,0,0,0,-1,0,0,0,0,-1,1,0,0,CoryxKenshin
158,1.0,-1,-1,-1,0,-1,0,1,0,0,1,0,-1,0,0,CoryxKenshin
159,1.0,-1,0,0,0,0,0,-1,1,0,0,0,0,0,0,CoryxKenshin
160,1.0,0,0,-1,1,-1,0,1,0,0,1,0,-1,0,0,CoryxKenshin
161,-1.0,-1,0,1,1,0,1,0,0,-1,0,0,0,-1,0,CoryxKenshin
162,-1.0,0,0,0,-1,0,-1,0,0,1,-1,1,0,0,0,CoryxKenshin
163,-1.0,1,0,-1,0,0,-1,0,0,0,0,0,0,0,0,CoryxKenshin
164,-1.0,1,0,-1,0,0,-1,0,0,0,0,0,0,0,0,CoryxKenshin
165,-1.0,1,1,1,1,0,-1,0,0,1,-1,0,0,-1,-1,CoryxKenshin
166,-1.0,0,1,0,1,1,-1,0,0,0,0,0,1,0,0,CoryxKenshin
167,-1.0,1,1,1,0,1,0,-1,0,0,-1,0,1,-1,0,CoryxKenshin
168,-1.0,-1,-1,-1,0,-1,0,1,0,0,1,0,-1,0,0,CoryxKenshin
169,-1.0,1,0,0,0,0,0,1,0,0,1,0,-1,0,0,CoryxKenshin
170,-1.0,0,0,0,1,0,-1,1,0,1,0,0,0,-1,0,CoryxKenshin
171,-1.0,0,0,1,-1,1,0,-1,0,0,-1,0,1,0,0,CoryxKenshin
172,-1.0,0,0,-1,1,-1,0,1,0,0,1,0,-1,1,0,CoryxKenshin
173,-1.0,1,1,1,0,1,0,-1,0,0,-1,0,1,-1,0,CoryxKenshin
174,-1.0,-1,0,0,1,0,-1,0,0,0,0,0,1,0,0,CoryxKenshin
175,-1.0,1,0,-1,1,0,1,0,0,0,-1,0,1,0,0,CoryxKenshin
176,-1.0,-1,0,0,0,-1,-1,1,0,1,0,0,-1,0,0,CoryxKenshin
177,-1.0,-1,0,-1,1,0,0,1,0,0,0,0,0,0,0,CoryxKenshin
178,-1.0,0,0,0,1,-1,0,0,0,1,-1,0,1,-1,0,CoryxKenshin
179,-1.0,0,1,0,1,1,-1,0,0,0,0,0,1,0,0,CoryxKenshin
180,-1.0,-1,-1,-1,0,-1,0,1,0,0,1,0,-1,0,0,CoryxKenshin
181,-1.0,-1,-1,1,1,0,0,1,0,0,0,0,-1,0,0,CoryxKenshin
182,-1.0,0,0,0,0,0,0,-1,1,-1,0,0,0,0,0,CoryxKenshin
183,-1.0,1,0,0,0,0,1,0,0,0,-1,0,0,0,0,CoryxKenshin
184,-1.0,1,0,0,0,0,1,0,-1,0,0,-1,0,-1,0,CoryxKenshin
185,-1.0,-1,0,0,0,0,-1,0,0,0,0,-1,1,0,0,CoryxKenshin
186,-1.0,1,0,0,0,0,1,0,0,0,0,1,-1,1,0,CoryxKenshin
187,-1.0,-1,0,0,0,0,-1,0,0,0,1,0,0,0,0,CoryxKenshin
188,-1.0,-1,0,0,0,0,-1,0,0,0,0,-1,1,-1,0,CoryxKenshin
189,-1.0,1,0,0,0,0,1,0,0,0,-1,0,0,-1,0,CoryxKenshin
190,-1.0,-1,0,0,0,0,-1,0,1,0,0,1,0,1,0,CoryxKenshin
191,-1.0,1,0,0,0,0,0,0,1,0,0,1,0,0,0,CoryxKenshin
192,-1.0,0,0,0,0,0,0,0,1,0,0,0,0,-1,0,CoryxKenshin
193,-1.0,0,0,0,0,0,0,0,-1,0,0,0,0,0,0,CoryxKenshin
194,-1.0,-1,0,0,0,0,-1,0,0,0,1,0,0,-1,0,CoryxKenshin
195,-1.0,0,0,1,1,0,1,0,0,0,-1,1,0,0,0,CoryxKenshin
196,-1.0,-1,0,0,0,0,-1,0,0,0,0,-1,1,0,0,CoryxKenshin
197,-1.0,1,0,0,0,0,1,0,0,0,0,1,-1,0,0,CoryxKenshin
198,-1.0,-1,0,0,0,0,-1,0,1,0,0,0,0,0,0,CoryxKenshin
199,-1.0,0,0,0,0,0,0,0,0,0,0,0,0,0,0,CoryxKenshin
200,-1.0,0,0,0,0,0,0,0,1,0,0,0,0,0,0,CoryxKenshin
201,-1.0,1,0,0,0,0,0,0,1,0,0,1,0,-1,0,CoryxKenshin
202,-1.0,0,0,0,0,0,-1,0,0,0,0,0,0,0,0,CoryxKenshin
203,-1.0,0,0,0,0,0,0,0,1,0,0,0,-1,0,0,CoryxKenshin
204,-1.0,0,0,0,0,0,0,1,-1,1,0,0,0,0,0,CoryxKenshin
205,-1.0,1,1,0,1,0,0,-1,0,0,0,0,1,0,0,CoryxKenshin
206,1.0,0,0,0,-1,1,-1,0,0,1,-1,0,1,0,0,DeadMeat
207,1.0,0,0,0,1,-1,1,0,0,-1,1,0,-1,1,0,DeadMeat
208,1.0,1,1,1,1,0,1,-1,0,-1,-1,0,0,-1,0,DeadMeat
209,1.0,0,0,1,1,0,0,0,0,0,0,0,-1,0,0,DeadMeat
210,1.0,-1,0,0,-1,0,0,-1,0,0,0,0,0,0,0,DeadMeat
211,1.0,0,0,1,1,0,1,-1,0,-1,1,0,0,1,1,DeadMeat
212,1.0,1,1,1,0,0,-1,0,0,1,-1,0,1,0,-1,DeadMeat
213,1.0,1,0,-1,1,0,1,0,0,0,-1,0,1,0,0,DeadMeat
214,1.0,1,0,1,-1,0,0,-1,0,0,0,0,0,0,0,DeadMeat
215,1.0,-1,0,1,-1,0,-1,0,0,0,1,0,-1,1,0,DeadMeat
216,1.0,0,1,0,1,1,-1,0,0,0,0,0,1,0,0,DeadMeat
217,1.0,0,0,0,0,0,0,0,0,0,0,0,0,0,0,DeadMeat
218,1.0,-1,0,0,0,0,0,-1,1,0,0,0,0,1,1,DeadMeat
219,1.0,0,0,0,0,0,0,1,0,0,1,0,-1,0,0,DeadMeat
220,1.0,-1,1,-1,1,-1,-1,1,0,1,0,-1,0,0,0,DeadMeat
221,1.0,-1,0,0,0,0,-1,0,1,0,0,1,0,0,0,DeadMeat
222,1.0,1,0,0,0,0,1,0,-1,0,0,-1,0,-1,0,DeadMeat
223,1.0,0,0,0,0,0,0,1,-1,1,0,0,0,0,0,DeadMeat
224,1.0,0,0,0,0,0,0,-1,1,-1,0,0,0,0,0,DeadMeat
225,1.0,0,0,0,0,0,0,0,-1,0,0,0,1,0,0,DeadMeat
226,1.0,0,0,0,0,0,1,0,0,0,0,0,0,-1,0,DeadMeat
227,1.0,0,0,0,0,0,0,0,0,0,0,0,0,0,0,DeadMeat
228,1.0,0,0,-1,-1,0,-1,0,0,0,1,-1,0,0,0,DeadMeat
229,1.0,1,0,0,0,0,-1,0,1,0,0,1,0,1,0,DeadMeat
230,1.0,-1,0,0,0,0,1,0,-1,0,0,-1,0,-1,0,DeadMeat
231,1.0,0,0,-1,-1,0,-1,0,0,0,1,-1,0,0,0,DeadMeat
232,1.0,1,0,0,0,0,1,0,0,0,-1,0,0,-1,0,DeadMeat
233,1.0,0,0,0,0,0,0,0,1,0,0,0,-1,0,0,DeadMeat
234,1.0,-1,0,0,0,0,-1,0,0,0,0,0,0,0,0,DeadMeat
235,1.0,0,0,0,0,0,1,0,0,0,0,0,0,0,0,DeadMeat
236,1.0,0,0,0,0,0,-1,0,1,0,0,1,0,0,0,DeadMeat
237,1.0,0,0,0,0,0,1,0,-1,0,0,-1,0,0,0,DeadMeat
238,1.0,-1,0,0,0,0,0,0,-1,0,0,-1,0,1,0,DeadMeat
239,1.0,1,1,0,1,0,0,-1,0,0,0,0,1,0,0,DeadMeat
240,-1.0,-1,0,1,1,0,0,0,0,0,0,0,0,-1,0,DeadMeat
241,-1.0,1,0,-1,0,0,-1,0,0,0,0,0,0,0,0,DeadMeat
242,-1.0,0,0,-1,-1,0,0,0,0,0,1,0,1,0,0,DeadMeat
243,-1.0,0,0,-1,-1,0,-1,1,0,1,-1,0,0,-1,0,DeadMeat
244,-1.0,0,0,-1,-1,0,-1,1,0,1,-1,0,0,0,0,DeadMeat
245,-1.0,-1,0,0,1,0,-1,0,0,0,0,0,1,1,0,DeadMeat
246,-1.0,-1,0,0,0,-1,-1,1,0,1,0,0,-1,0,0,DeadMeat
247,-1.0,-1,0,-1,1,0,0,1,0,0,0,0,0,0,0,DeadMeat
248,-1.0,0,0,0,1,-1,0,0,0,1,-1,0,1,-1,0,DeadMeat
249,-1.0,1,1,1,1,0,0,0,0,0,0,-1,1,1,0,DeadMeat
250,-1.0,1,0,0,0,0,0,1,0,0,1,0,-1,0,0,DeadMeat
251,-1.0,1,0,-1,-1,0,0,1,-1,0,0,0,0,-1,-1,DeadMeat
252,-1.0,1,1,0,0,0,0,-1,0,0,-1,0,1,0,0,DeadMeat
253,-1.0,-1,-1,1,1,0,0,1,0,0,0,0,-1,0,0,DeadMeat
254,-1.0,0,0,0,0,0,0,-1,1,-1,0,0,0,0,0,DeadMeat
255,-1.0,1,-1,-1,-1,0,1,-1,0,-1,0,0,0,-1,0,DeadMeat
256,-1.0,-1,0,0,0,0,-1,0,1,0,0,1,0,1,0,DeadMeat
257,-1.0,1,0,0,0,0,1,0,0,0,-1,0,0,0,0,DeadMeat
258,-1.0,0,0,0,0,0,0,0,1,0,0,0,0,0,0,DeadMeat
259,-1.0,0,0,1,1,0,-1,0,-1,0,0,0,1,0,0,DeadMeat
260,-1.0,1,0,0,0,0,1,0,0,0,0,1,-1,1,0,DeadMeat
261,-1.0,-1,0,0,0,0,-1,0,1,0,0,0,0,0,0,DeadMeat
262,-1.0,-1,0,0,0,0,1,0,-1,0,0,-1,0,0,0,DeadMeat
263,-1.0,0,0,0,0,0,-1,0,1,0,0,1,0,0,0,DeadMeat
264,-1.0,-1,0,0,0,0,-1,0,1,0,0,1,0,0,0,DeadMeat
265,-1.0,0,0,0,0,0,0,0,-1,0,0,0,1,0,0,DeadMeat
266,-1.0,0,0,0,0,0,0,0,0,0,0,0,0,0,0,DeadMeat
267,-1.0,1,0,0,0,0,0,0,1,0,0,1,0,0,0,DeadMeat
268,-1.0,0,0,0,0,0,0,0,1,0,0,0,0,-1,0,DeadMeat
269,-1.0,-1,-1,-1,0,-1,0,1,0,0,1,0,-1,0,0,DeadMeat
270,-1.0,1,0,0,0,0,0,0,1,0,0,1,0,0,0,DeadMeat
271,-1.0,-1,0,0,0,0,-1,0,1,0,0,1,0,1,0,DeadMeat
272,-1.0,-1,0,-1,1,0,0,1,0,0,0,0,0,0,0,DeadMeat
273,-1.0,-1,0,0,1,0,-1,0,0,0,0,0,1,1,0,DeadMeat
274,1.0,1,0,-1,-1,0,-1,0,0,1,0,0,0,1,0,HollowPoiint
275,1.0,0,0,0,-1,1,-1,0,0,1,-1,0,1,0,0,HollowPoiint
276,1.0,1,0,-1,0,0,-1,0,0,0,0,0,0,0,0,HollowPoiint
277,1.0,0,0,-1,-1,0,0,0,0,0,1,0,1,0,0,HollowPoiint
278,1.0,-1,0,0,-1,0,0,-1,0,0,0,0,0,0,0,HollowPoiint
279,1.0,1,0,0,1,0,0,1,0,0,0,0,0,0,0,HollowPoiint
280,1.0,0,-1,0,-1,-1,1,0,0,0,0,0,-1,0,0,HollowPoiint
281,1.0,0,0,0,-1,1,0,0,0,-1,1,0,-1,0,0,HollowPoiint
282,1.0,-1,0,0,0,-1,-1,1,0,1,0,0,-1,0,0,HollowPoiint
283,1.0,1,0,1,-1,0,0,-1,0,0,0,0,0,0,0,HollowPoiint
284,1.0,-1,0,-1,1,0,0,1,0,0,0,0,0,0,0,HollowPoiint
285,1.0,0,0,0,1,-1,0,0,0,1,-1,0,1,-1,0,HollowPoiint
286,1.0,-1,-1,-1,0,-1,0,1,0,0,1,0,-1,1,0,HollowPoiint
287,1.0,0,0,0,1,0,-1,1,0,1,0,0,0,-1,0,HollowPoiint
288,1.0,-1,0,0,0,0,0,-1,1,0,0,0,0,1,1,HollowPoiint
289,1.0,1,0,-1,-1,0,0,1,-1,0,0,0,0,-1,-1,HollowPoiint
290,1.0,-1,-1,1,1,0,0,1,0,0,0,0,-1,0,0,HollowPoiint
291,1.0,0,0,-1,-1,0,-1,0,0,0,1,-1,0,1,0,HollowPoiint
292,1.0,1,0,0,0,0,1,0,0,0,-1,0,0,-1,0,HollowPoiint
293,1.0,-1,0,0,0,0,-1,0,1,0,0,1,0,0,0,HollowPoiint
294,1.0,1,0,0,0,0,1,0,-1,0,0,-1,0,-1,0,HollowPoiint
295,1.0,0,0,0,0,0,0,0,1,0,0,0,0,0,0,HollowPoiint
296,1.0,-1,0,0,0,0,0,0,-1,0,0,-1,0,1,0,HollowPoiint
297,1.0,0,0,0,0,0,0,0,0,0,0,0,0,0,0,HollowPoiint
298,1.0,-1,0,0,0,0,-1,0,0,0,0,-1,0,1,0,HollowPoiint
299,1.0,-1,0,0,0,0,0,-1,1,0,0,0,0,0,0,HollowPoiint
300,1.0,1,0,-1,-1,0,0,1,-1,0,0,0,0,-1,-1,HollowPoiint
301,1.0,0,0,0,-1,1,0,0,0,-1,1,0,-1,0,0,HollowPoiint
302,-1.0,-1,0,1,1,0,0,0,0,0,0,0,0,-1,0,HollowPoiint
303,-1.0,-1,0,1,1,0,1,0,0,-1,0,0,0,-1,0,HollowPoiint
304,-1.0,-1,-1,-1,-1,0,0,1,0,1,0,0,0,1,0,HollowPoiint
305,-1.0,1,1,1,1,0,1,-1,0,-1,-1,0,0,0,0,HollowPoiint
306,-1.0,0,0,1,1,0,0,0,0,0,-1,0,-1,-1,0,HollowPoiint
307,-1.0,0,0,1,1,0,1,-1,0,-1,1,0,0,1,1,HollowPoiint
308,-1.0,1,1,1,0,0,-1,0,0,1,-1,0,1,-1,-1,HollowPoiint
309,-1.0,-1,0,0,1,0,-1,0,0,0,0,0,1,0,0,HollowPoiint
310,-1.0,1,0,0,0,1,1,-1,0,-1,0,0,1,0,0,HollowPoiint
311,-1.0,1,0,0,-1,0,1,0,0,0,0,0,-1,0,0,HollowPoiint
312,-1.0,0,0,0,-1,0,1,-1,0,-1,0,0,0,1,0,HollowPoiint
313,-1.0,-1,0,0,0,0,0,-1,0,0,-1,0,1,0,0,HollowPoiint
314,-1.0,1,0,0,0,0,0,1,0,0,1,0,-1,0,0,HollowPoiint
315,-1.0,1,1,0,0,0,0,-1,0,0,-1,0,1,0,0,HollowPoiint
316,-1.0,0,0,0,0,0,0,-1,1,-1,0,0,0,0,0,HollowPoiint
317,-1.0,-1,0,0,0,0,-1,0,1,0,0,1,0,0,0,HollowPoiint
318,-1.0,0,0,0,0,0,1,0,0,0,0,0,0,0,0,HollowPoiint
319,-1.0,0,0,0,0,0,-1,0,1,0,0,1,0,0,0,HollowPoiint
320,-1.0,0,0,0,0,0,0,0,0,0,0,0,0,0,0,HollowPoiint
321,-1.0,1,0,0,0,0,0,0,0,0,0,1,0,0,0,HollowPoiint
322,-1.0,1,0,0,0,0,1,0,0,0,0,0,0,1,0,HollowPoiint
323,-1.0,-1,0,0,0,0,-1,0,0,0,0,0,0,-1,0,HollowPoiint
324,-1.0,0,0,0,0,0,0,0,0,0,0,0,0,1,0,HollowPoiint
325,-1.0,1,0,0,0,0,0,0,1,0,0,1,0,-1,0,HollowPoiint
326,-1.0,1,0,0,0,0,1,0,-1,0,0,0,0,-1,0,HollowPoiint
327,-1.0,-1,0,0,0,0,-1,0,0,0,1,0,0,0,0,HollowPoiint
328,-1.0,0,0,0,0,0,0,0,1,0,0,0,-1,0,0,HollowPoiint
329,-1.0,0,0,0,0,0,0,1,-1,1,0,0,0,0,0,HollowPoiint
330,1.0,1,0,-1,-1,0,-1,0,0,1,0,0,0,1,0,Jacksepticeye
331,1.0,-1,0,1,1,0,1,0,0,-1,0,0,0,-1,0,Jacksepticeye
332,1.0,0,0,0,-1,1,-1,0,0,1,-1,0,1,0,0,Jacksepticeye
333,1.0,1,0,-1,0,0,-1,0,0,0,0,0,0,0,0,Jacksepticeye
334,1.0,1,0,-1,0,0,-1,0,0,0,0,0,0,0,0,Jacksepticeye
335,1.0,1,1,1,1,0,1,-1,0,-1,-1,0,0,-1,0,Jacksepticeye
336,1.0,0,0,-1,-1,0,-1,1,0,1,-1,0,0,-1,0,Jacksepticeye
337,1.0,0,0,1,1,0,1,-1,0,-1,1,0,0,1,1,Jacksepticeye
338,1.0,0,1,0,1,1,-1,0,0,0,0,0,1,0,0,Jacksepticeye
339,1.0,1,1,1,1,0,0,0,0,0,0,-1,1,1,0,Jacksepticeye
340,1.0,-1,0,0,1,0,-1,0,0,0,0,0,1,1,0,Jacksepticeye
341,1.0,0,0,0,-1,1,0,0,0,-1,1,0,-1,-1,0,Jacksepticeye
342,1.0,1,0,1,-1,0,0,-1,0,0,0,0,0,0,0,Jacksepticeye
343,1.0,-1,0,-1,1,0,0,1,0,0,0,0,0,0,0,Jacksepticeye
344,1.0,-1,0,1,-1,0,-1,0,0,0,1,0,-1,1,0,Jacksepticeye
345,1.0,0,0,0,1,-1,0,0,0,1,-1,0,1,-1,0,Jacksepticeye
346,1.0,1,0,0,-1,0,1,0,0,0,0,0,-1,0,0,Jacksepticeye
347,1.0,-1,-1,-1,0,-1,0,1,0,0,1,0,-1,0,0,Jacksepticeye
348,1.0,0,0,0,-1,0,1,-1,0,-1,0,0,0,1,0,Jacksepticeye
349,1.0,-1,0,0,0,0,0,-1,1,0,0,0,0,1,1,Jacksepticeye
350,1.0,0,0,0,0,0,0,-1,0,0,-1,0,1,0,0,Jacksepticeye
351,1.0,1,1,0,0,0,0,-1,0,0,-1,0,1,0,0,Jacksepticeye
352,1.0,0,0,0,0,0,0,-1,1,-1,0,0,0,0,0,Jacksepticeye
353,1.0,1,0,0,0,0,1,0,0,0,0,1,-1,0,0,Jacksepticeye
354,1.0,1,0,0,0,0,1,0,-1,0,0,-1,0,-1,0,Jacksepticeye
355,1.0,0,0,0,0,0,0,0,1,0,0,0,0,0,0,Jacksepticeye
356,1.0,1,0,0,0,0,0,0,1,0,0,1,0,1,0,Jacksepticeye
357,1.0,1,0,0,0,0,1,0,-1,0,0,-1,0,0,0,Jacksepticeye
358,1.0,-1,0,0,0,0,-1,0,1,0,0,0,0,1,0,Jacksepticeye
359,1.0,1,0,0,0,0,0,0,1,0,0,1,0,1,0,Jacksepticeye
360,1.0,0,0,0,0,0,0,0,0,0,0,0,0,0,0,Jacksepticeye
361,1.0,1,0,0,0,0,1,0,0,0,0,0,0,0,0,Jacksepticeye
362,1.0,0,0,1,1,0,1,0,0,0,-1,1,0,0,0,Jacksepticeye
363,1.0,-1,0,0,0,0,-1,0,0,0,0,-1,1,0,0,Jacksepticeye
364,1.0,0,0,0,0,0,0,0,1,0,0,0,-1,0,0,Jacksepticeye
365,1.0,1,1,0,1,0,0,-1,0,0,0,0,1,0,0,Jacksepticeye
366,1.0,0,0,1,1,0,1,-1,0,-1,1,0,0,1,1,Jacksepticeye
367,1.0,0,0,1,1,0,1,-1,0,-1,1,0,0,1,1,Jacksepticeye
368,1.0,0,0,0,-1,0,1,-1,0,-1,0,0,0,1,0,Jacksepticeye
369,1.0,1,1,0,0,0,0,-1,0,0,-1,0,1,0,0,Jacksepticeye
370,1.0,0,0,0,1,-1,0,0,0,1,-1,0,1,-1,0,Jacksepticeye
371,1.0,1,0,0,0,0,1,0,-1,0,0,-1,0,-1,0,Jacksepticeye
372,1.0,0,0,0,1,-1,0,0,0,1,-1,0,1,-1,0,Jacksepticeye
373,-1.0,-1,0,1,1,0,0,0,0,0,0,0,0,-1,0,Jacksepticeye
374,-1.0,0,0,0,-1,0,-1,0,0,1,-1,1,0,0,0,Jacksepticeye
375,-1.0,0,0,0,1,-1,1,0,0,-1,1,0,-1,1,0,Jacksepticeye
376,-1.0,-1,0,1,0,0,1,0,0,0,0,0,0,-1,0,Jacksepticeye
377,-1.0,-1,-1,-1,-1,0,0,1,0,1,0,0,0,1,0,Jacksepticeye
378,-1.0,0,0,-1,-1,0,0,0,0,0,1,0,1,0,0,Jacksepticeye
379,-1.0,-1,0,0,-1,0,0,-1,0,0,0,0,0,0,0,Jacksepticeye
380,-1.0,1,0,0,1,0,0,1,0,0,0,0,0,0,0,Jacksepticeye
381,-1.0,1,1,1,0,0,-1,0,0,1,-1,0,1,-1,-1,Jacksepticeye
382,-1.0,0,-1,0,-1,-1,1,0,0,0,0,0,-1,0,0,Jacksepticeye
383,-1.0,-1,-1,-1,-1,0,0,0,0,0,0,1,-1,0,0,Jacksepticeye
384,-1.0,0,-1,0,-1,-1,1,0,0,0,0,0,-1,-1,0,Jacksepticeye
385,-1.0,1,0,-1,1,0,1,0,0,0,-1,0,1,0,0,Jacksepticeye
386,-1.0,-1,0,0,0,-1,-1,1,0,1,0,0,-1,0,0,Jacksepticeye
387,-1.0,1,0,0,0,1,1,-1,0,-1,0,0,1,0,0,Jacksepticeye
388,-1.0,0,1,0,1,1,-1,0,0,0,0,0,1,1,0,Jacksepticeye
389,-1.0,1,0,1,-1,0,1,-1,0,0,-1,0,0,-1,0,Jacksepticeye
390,-1.0,-1,0,-1,1,0,-1,1,0,0,1,0,0,0,0,Jacksepticeye
391,-1.0,1,0,0,0,0,0,1,0,0,1,0,-1,0,0,Jacksepticeye
392,-1.0,0,0,0,1,0,-1,1,0,1,0,0,0,-1,0,Jacksepticeye
393,-1.0,1,0,-1,-1,0,0,1,-1,0,0,0,0,-1,-1,Jacksepticeye
394,-1.0,0,0,0,0,0,0,-1,0,0,-1,0,1,0,0,Jacksepticeye
395,-1.0,0,0,0,0,0,0,1,0,0,1,0,-1,0,0,Jacksepticeye
396,-1.0,-1,-1,1,1,0,0,1,0,0,0,0,-1,0,0,Jacksepticeye
397,-1.0,0,0,0,0,0,0,0,-1,0,0,0,1,1,0,Jacksepticeye
398,-1.0,0,0,-1,-1,0,-1,0,0,0,1,-1,0,0,0,Jacksepticeye
399,-1.0,1,0,0,0,0,1,0,0,0,-1,0,0,-1,0,Jacksepticeye
400,-1.0,-1,0,0,0,0,-1,0,1,0,0,1,0,1,0,Jacksepticeye
401,-1.0,1,0,0,0,0,1,0,-1,0,0,0,0,1,0,Jacksepticeye
402,-1.0,-1,0,0,0,0,-1,0,0,0,0,0,0,-1,0,Jacksepticeye
403,-1.0,0,0,0,0,0,0,0,-1,0,0,0,0,0,0,Jacksepticeye
404,-1.0,-1,0,0,0,0,0,0,-1,0,0,-1,0,-1,0,Jacksepticeye
405,-1.0,0,0,-1,-1,0,-1,0,0,0,1,-1,0,0,0,Jacksepticeye
406,-1.0,-1,0,0,0,0,-1,0,1,0,0,1,0,0,0,Jacksepticeye
407,-1.0,1,0,0,0,0,1,0,-1,0,0,0,0,0,0,Jacksepticeye
408,-1.0,-1,0,0,0,0,-1,0,0,0,0,0,0,-1,0,Jacksepticeye
409,-1.0,0,0,0,0,0,1,0,0,0,0,0,0,0,0,Jacksepticeye
410,-1.0,-1,0,0,0,0,0,0,-1,0,0,-1,0,-1,0,Jacksepticeye
411,-1.0,0,0,0,0,0,0,0,0,0,0,0,0,1,0,Jacksepticeye
412,-1.0,0,0,0,0,0,0,0,0,0,0,0,0,-1,0,Jacksepticeye
413,-1.0,-1,0,0,0,0,-1,0,0,0,1,0,0,0,0,Jacksepticeye
414,-1.0,0,0,0,0,0,0,1,-1,1,0,0,0,0,0,Jacksepticeye
415,-1.0,-1,-1,-1,0,-1,0,1,0,0,1,0,-1,0,0,Jacksepticeye
416,1.0,1,0,-1,-1,0,-1,0,0,1,0,0,0,1,0,JazzyGuns
417,1.0,0,0,0,-1,1,-1,0,0,1,-1,0,1,0,0,JazzyGuns
418,1.0,1,0,-1,0,0,-1,0,0,0,0,0,0,0,0,JazzyGuns
419,1.0,-1,-1,-1,-1,0,0,1,0,1,0,0,0,0,0,JazzyGuns
420,1.0,0,0,1,1,0,0,0,0,0,0,0,-1,0,1,JazzyGuns
421,1.0,-1,0,0,1,0,-1,0,0,0,0,0,1,0,0,JazzyGuns
422,1.0,0,0,0,-1,1,0,0,0,-1,1,0,-1,0,0,JazzyGuns
423,1.0,-1,-1,-1,0,-1,0,1,0,0,1,0,-1,1,0,JazzyGuns
424,1.0,0,0,0,-1,0,1,-1,0,-1,0,0,0,1,0,JazzyGuns
425,1.0,-1,0,0,0,0,0,-1,0,0,-1,0,1,0,0,JazzyGuns
426,1.0,1,0,0,0,-1,1,0,0,0,0,0,-1,0,0,JazzyGuns
427,1.0,1,0,-1,1,0,1,0,0,0,-1,0,1,0,0,JazzyGuns
428,1.0,1,0,1,-1,0,0,-1,0,0,0,0,0,0,0,JazzyGuns
429,1.0,-1,0,1,-1,0,-1,0,0,0,1,0,-1,1,0,JazzyGuns
430,1.0,0,0,0,1,-1,0,0,0,1,-1,0,1,-1,0,JazzyGuns
431,1.0,-1,-1,-1,0,-1,0,1,0,0,1,0,-1,0,0,JazzyGuns
432,1.0,1,0,-1,-1,0,0,1,-1,0,0,0,0,-1,-1,JazzyGuns
433,1.0,0,0,0,0,0,0,0,-1,0,0,0,1,0,0,JazzyGuns
434,1.0,1,0,0,0,0,1,0,0,0,0,1,-1,0,0,JazzyGuns
435,1.0,1,0,0,0,0,1,0,-1,0,0,0,0,0,0,JazzyGuns
436,1.0,-1,0,0,0,0,0,0,0,0,0,0,0,0,0,JazzyGuns
437,1.0,1,0,0,0,0,0,0,1,0,0,1,0,0,0,JazzyGuns
438,1.0,0,0,0,0,0,0,0,1,0,0,0,0,0,0,JazzyGuns
439,1.0,0,0,1,1,0,-1,0,-1,0,0,0,1,0,0,JazzyGuns
440,1.0,0,0,-1,-1,0,-1,0,0,0,1,-1,0,1,0,JazzyGuns
441,1.0,-1,0,0,0,0,-1,0,1,0,0,1,0,-1,0,JazzyGuns
442,1.0,0,0,0,0,0,1,0,0,0,0,0,0,-1,0,JazzyGuns
443,1.0,-1,0,0,0,0,-1,0,1,0,0,1,0,0,0,JazzyGuns
444,1.0,0,0,0,0,0,0,0,1,0,0,0,-1,0,0,JazzyGuns
445,1.0,0,0,0,-1,0,1,-1,0,-1,0,0,0,1,0,JazzyGuns
446,1.0,0,0,0,1,-1,0,0,0,1,-1,0,1,-1,0,JazzyGuns
447,-1.0,-1,0,1,1,0,0,0,0,0,0,0,0,-1,0,JazzyGuns
448,-1.0,-1,0,1,1,0,1,0,0,-1,0,0,0,-1,0,JazzyGuns
449,-1.0,0,0,0,1,0,1,0,0,-1,1,-1,0,0,0,JazzyGuns
450,-1.0,0,0,0,1,-1,1,0,0,-1,1,0,-1,1,0,JazzyGuns
451,-1.0,1,1,1,1,0,1,-1,0,-1,-1,0,0,0,0,JazzyGuns
452,-1.0,1,1,1,1,0,0,0,0,0,0,-1,1,0,0,JazzyGuns
453,-1.0,0,-1,0,-1,-1,1,0,0,0,0,0,-1,0,0,JazzyGuns
454,-1.0,1,1,0,1,0,0,0,0,1,-1,0,1,0,0,JazzyGuns
455,-1.0,-1,0,0,0,0,0,-1,0,0,-1,0,1,-1,0,JazzyGuns
456,-1.0,0,0,0,1,0,-1,1,0,1,0,0,0,-1,0,JazzyGuns
457,-1.0,1,0,0,0,0,0,1,0,0,1,0,-1,1,0,JazzyGuns
458,-1.0,0,0,1,-1,1,0,-1,0,0,-1,0,1,-1,0,JazzyGuns
459,-1.0,-1,0,0,1,0,-1,0,0,0,0,0,1,0,0,JazzyGuns
460,-1.0,0,0,0,-1,1,0,0,0,-1,1,0,-1,0,0,JazzyGuns
461,-1.0,-1,0,0,0,-1,-1,1,0,1,0,0,-1,0,0,JazzyGuns
462,-1.0,1,0,0,-1,0,1,0,0,0,0,0,-1,0,0,JazzyGuns
463,-1.0,0,1,0,1,1,-1,0,0,0,0,0,1,0,0,JazzyGuns
464,-1.0,-1,0,0,0,0,0,-1,1,0,0,0,0,1,1,JazzyGuns
465,-1.0,1,1,0,0,0,0,-1,0,0,-1,0,1,0,0,JazzyGuns
466,-1.0,1,0,0,0,0,1,0,0,0,-1,0,0,-1,0,JazzyGuns
467,-1.0,-1,0,0,0,0,-1,0,1,0,0,0,0,1,0,JazzyGuns
468,-1.0,0,0,0,0,0,0,0,0,0,0,0,0,-1,0,JazzyGuns
469,-1.0,-1,0,0,0,0,0,0,-1,0,0,-1,0,0,0,JazzyGuns
470,-1.0,1,0,0,0,0,1,0,0,0,0,1,-1,0,0,JazzyGuns
471,-1.0,1,0,0,0,0,1,0,0,0,-1,0,0,-1,0,JazzyGuns
472,-1.0,1,0,0,0,0,1,0,-1,0,0,0,0,1,0,JazzyGuns
473,-1.0,1,0,0,0,0,1,0,-1,0,0,-1,0,0,0,JazzyGuns
474,-1.0,0,0,0,0,0,0,0,0,0,0,0,0,0,0,JazzyGuns
475,-1.0,-1,0,0,0,0,0,0,-1,0,0,-1,0,-1,0,JazzyGuns
476,-1.0,1,0,0,0,0,1,0,-1,0,0,-1,0,0,0,JazzyGuns
477,-1.0,0,0,0,0,0,0,1,-1,1,0,0,0,0,0,JazzyGuns
478,1.0,-1,-1,-1,-1,0,0,1,0,1,0,0,0,1,0,JohnWolfe
479,1.0,0,0,-1,-1,0,0,0,0,0,1,0,1,0,0,JohnWolfe
480,1.0,0,0,1,1,0,1,-1,0,-1,1,0,0,1,1,JohnWolfe
481,1.0,-1,-1,-1,0,-1,0,1,0,0,1,0,-1,1,0,JohnWolfe
482,1.0,0,0,-1,1,-1,0,1,0,0,1,0,-1,0,0,JohnWolfe
483,1.0,-1,-1,-1,-1,0,0,0,0,0,0,1,-1,0,0,JohnWolfe
484,1.0,-1,0,0,0,0,0,-1,1,0,0,0,0,1,1,JohnWolfe
485,1.0,1,1,0,0,0,0,-1,0,0,-1,0,1,0,0,JohnWolfe
486,1.0,0,0,-1,-1,0,-1,0,0,0,1,-1,0,1,0,JohnWolfe
487,1.0,1,0,0,0,0,1,0,0,0,-1,0,0,-1,0,JohnWolfe
488,1.0,-1,0,0,0,0,-1,0,1,0,0,1,0,-1,0,JohnWolfe
489,1.0,1,0,0,0,0,-1,0,1,0,0,1,0,0,0,JohnWolfe
490,1.0,-1,0,0,0,0,1,0,-1,0,0,-1,0,0,0,JohnWolfe
491,1.0,-1,0,0,0,0,0,0,-1,0,0,-1,0,1,0,JohnWolfe
492,1.0,-1,0,0,0,0,-1,0,0,0,0,-1,1,0,0,JohnWolfe
493,1.0,-1,0,0,0,0,1,0,-1,0,0,-1,0,0,0,JohnWolfe
494,1.0,1,0,0,0,0,-1,0,1,0,0,1,0,0,0,JohnWolfe
495,1.0,0,0,-1,1,-1,0,1,0,0,1,0,-1,0,0,JohnWolfe
496,1.0,-1,0,0,0,0,-1,0,1,0,0,1,0,-1,0,JohnWolfe
497,1.0,-1,-1,-1,-1,0,0,0,0,0,0,1,-1,0,0,JohnWolfe
498,1.0,-1,0,0,0,0,-1,0,1,0,0,1,0,-1,0,JohnWolfe
499,1.0,0,0,-1,-1,0,-1,0,0,0,1,-1,0,1,0,JohnWolfe
500,1.0,0,0,-1,-1,0,0,0,0,0,1,0,1,0,0,JohnWolfe
501,1.0,-1,0,0,0,0,1,0,-1,0,0,-1,0,0,0,JohnWolfe
502,1.0,-1,-1,-1,0,-1,0,1,0,0,1,0,-1,1,0,JohnWolfe
503,1.0,-1,-1,-1,-1,0,0,0,0,0,0,1,-1,0,0,JohnWolfe
504,-1.0,0,0,1,1,0,-1,0,0,1,0,0,0,0,0,JohnWolfe
505,-1.0,-1,0,1,0,1,0,0,0,0,-1,0,1,-1,0,JohnWolfe
506,-1.0,1,0,-1,0,0,-1,0,0,0,0,0,0,0,0,JohnWolfe
507,-1.0,-1,0,1,0,0,1,0,0,0,0,0,0,-1,0,JohnWolfe
508,-1.0,1,1,1,1,0,1,-1,0,-1,-1,0,0,0,0,JohnWolfe
509,-1.0,0,0,1,1,0,0,0,0,0,0,0,-1,-1,0,JohnWolfe
510,-1.0,0,0,-1,-1,0,-1,1,0,1,-1,0,0,0,0,JohnWolfe
511,-1.0,1,1,1,0,0,-1,0,0,1,-1,0,1,-1,-1,JohnWolfe
512,-1.0,0,0,1,-1,1,0,-1,0,0,-1,0,1,-1,0,JohnWolfe
513,-1.0,-1,0,0,0,0,0,-1,0,0,-1,0,1,0,0,JohnWolfe
514,-1.0,1,1,1,1,0,0,0,0,0,0,-1,1,0,0,JohnWolfe
515,-1.0,-1,-1,0,-1,0,0,1,0,0,0,0,-1,0,0,JohnWolfe
516,-1.0,1,1,-1,1,-1,0,0,0,0,1,0,0,0,0,JohnWolfe
517,-1.0,1,0,-1,-1,0,0,1,-1,0,0,0,0,-1,-1,JohnWolfe
518,-1.0,0,0,0,0,0,0,-1,1,-1,0,0,0,0,0,JohnWolfe
519,-1.0,0,0,0,0,0,0,0,-1,0,0,0,1,0,0,JohnWolfe
520,-1.0,-1,0,0,0,0,-1,0,1,0,0,0,0,1,0,JohnWolfe
521,-1.0,1,0,0,0,0,1,0,-1,0,0,0,0,-1,0,JohnWolfe
522,-1.0,-1,0,0,0,0,-1,0,0,0,0,0,0,-1,0,JohnWolfe
523,-1.0,0,0,0,0,0,-1,0,1,0,0,1,0,0,0,JohnWolfe
524,-1.0,0,0,0,0,0,1,0,-1,0,0,-1,0,0,0,JohnWolfe
525,-1.0,0,0,0,0,0,0,0,0,0,0,0,0,0,0,JohnWolfe
526,-1.0,0,0,0,0,0,0,0,1,0,0,0,0,0,0,JohnWolfe
527,-1.0,0,0,0,0,0,0,0,1,0,0,0,-1,0,0,JohnWolfe
528,-1.0,0,0,0,0,0,0,1,-1,1,0,0,0,0,0,JohnWolfe
529,-1.0,1,1,0,1,0,0,-1,0,0,0,0,1,0,0,JohnWolfe
530,1.0,0,0,0,-1,0,-1,0,0,1,-1,1,0,0,0,LayItDownGaming
531,1.0,1,0,-1,0,0,-1,0,0,0,0,0,0,0,0,LayItDownGaming
532,1.0,1,1,1,1,0,1,-1,0,-1,-1,0,0,-1,0,LayItDownGaming
533,1.0,0,0,-1,-1,0,-1,1,0,1,-1,0,0,0,0,LayItDownGaming
534,1.0,-1,0,0,-1,0,0,-1,0,0,0,0,0,0,0,LayItDownGaming
535,1.0,0,0,1,1,0,1,-1,0,-1,1,0,0,1,1,LayItDownGaming
536,1.0,-1,-1,-1,-1,0,0,0,0,0,0,1,-1,0,0,LayItDownGaming
537,1.0,-1,-1,-1,0,-1,0,1,0,0,1,0,-1,0,0,LayItDownGaming
538,1.0,-1,0,0,0,0,0,-1,0,0,-1,0,1,0,0,LayItDownGaming
539,1.0,1,0,0,0,0,0,1,0,0,1,0,-1,0,0,LayItDownGaming
540,1.0,0,0,1,-1,1,0,-1,0,0,-1,0,1,-1,0,LayItDownGaming
541,1.0,0,0,1,-1,1,0,-1,0,0,-1,0,1,0,0,LayItDownGaming
542,1.0,1,0,1,1,0,0,1,0,0,1,0,0,0,0,LayItDownGaming
543,1.0,-1,0,0,1,0,-1,0,0,0,0,0,1,1,0,LayItDownGaming
544,1.0,-1,0,0,0,-1,-1,1,0,1,0,0,-1,0,0,LayItDownGaming
545,1.0,-1,0,1,-1,0,-1,0,0,0,1,0,-1,1,0,LayItDownGaming
546,1.0,0,1,0,1,1,-1,0,0,0,0,0,1,0,0,LayItDownGaming
547,1.0,-1,0,0,0,0,0,-1,1,0,0,0,0,1,1,LayItDownGaming
548,1.0,1,1,0,0,0,0,-1,0,0,-1,0,1,1,0,LayItDownGaming
549,1.0,0,0,-1,-1,0,-1,0,0,0,1,-1,0,1,0,LayItDownGaming
550,1.0,-1,0,0,0,0,-1,0,1,0,0,0,0,1,0,LayItDownGaming
551,1.0,-1,0,0,0,0,-1,0,1,0,0,1,0,1,0,LayItDownGaming
552,1.0,0,0,0,0,0,0,0,-1,0,0,-1,0,-1,0,LayItDownGaming
553,1.0,1,0,0,0,0,1,0,0,0,0,0,0,0,0,LayItDownGaming
554,1.0,-1,0,0,0,0,-1,0,0,0,0,0,0,0,0,LayItDownGaming
555,1.0,0,0,0,0,0,1,0,0,0,0,0,0,0,0,LayItDownGaming
556,1.0,0,0,0,0,0,-1,0,1,0,0,1,0,0,0,LayItDownGaming
557,1.0,0,0,0,0,0,0,0,1,0,0,0,0,1,0,LayItDownGaming
558,1.0,-1,0,0,0,0,0,0,-1,0,0,0,0,0,0,LayItDownGaming
559,1.0,1,0,0,0,0,1,0,0,0,0,0,0,0,0,LayItDownGaming
560,1.0,-1,0,0,0,0,-1,0,0,0,0,0,1,0,0,LayItDownGaming
561,1.0,0,0,0,0,0,0,1,-1,1,0,0,0,0,0,LayItDownGaming
562,1.0,-1,0,0,0,0,-1,0,1,0,0,0,0,1,0,LayItDownGaming
563,1.0,0,0,0,0,0,1,0,0,0,0,0,0,0,0,LayItDownGaming
564,1.0,0,0,1,-1,1,0,-1,0,0,-1,0,1,0,0,LayItDownGaming
565,-1.0,0,0,0,1,0,1,0,0,-1,1,-1,0,1,0,LayItDownGaming
566,-1.0,-1,-1,-1,-1,0,0,1,0,1,0,0,0,1,0,LayItDownGaming
567,-1.0,0,0,-1,-1,0,0,0,0,0,1,0,1,0,0,LayItDownGaming
568,-1.0,1,0,0,1,0,0,1,0,0,0,0,0,0,0,LayItDownGaming
569,-1.0,1,1,1,0,0,-1,0,0,1,-1,0,1,-1,-1,LayItDownGaming
570,-1.0,1,1,1,0,1,0,-1,0,0,-1,0,1,-1,0,LayItDownGaming
571,-1.0,-1,-1,-1,0,-1,0,1,0,0,1,0,-1,0,0,LayItDownGaming
572,-1.0,0,0,0,-1,0,1,-1,0,-1,0,0,0,1,0,LayItDownGaming
573,-1.0,0,0,0,1,0,-1,1,0,1,0,0,0,0,0,LayItDownGaming
574,-1.0,0,0,-1,1,-1,0,1,0,0,1,0,-1,0,0,LayItDownGaming
575,-1.0,0,0,-1,1,-1,0,1,0,0,1,0,-1,0,0,LayItDownGaming
576,-1.0,-1,0,-1,-1,0,0,-1,0,0,-1,0,0,0,0,LayItDownGaming
577,-1.0,0,0,0,-1,0,1,-1,0,-1,0,0,0,0,0,LayItDownGaming
578,-1.0,1,0,1,0,0,0,0,0,1,-1,0,0,0,0,LayItDownGaming
579,-1.0,0,0,0,-1,1,0,0,0,-1,1,0,-1,-1,0,LayItDownGaming
580,-1.0,1,0,-1,1,0,1,0,0,0,-1,0,1,0,0,LayItDownGaming
581,-1.0,1,0,0,0,1,1,-1,0,-1,0,0,1,0,0,LayItDownGaming
582,-1.0,0,0,0,1,-1,0,0,0,1,-1,0,1,-1,0,LayItDownGaming
583,-1.0,-1,-1,-1,0,-1,0,1,0,0,1,0,-1,0,0,LayItDownGaming
584,-1.0,1,0,-1,-1,0,0,1,-1,0,0,0,0,-1,-1,LayItDownGaming
585,-1.0,-1,-1,0,0,0,0,1,0,0,0,1,-1,-1,0,LayItDownGaming
586,-1.0,-1,-1,1,1,0,0,1,0,0,0,0,-1,-1,0,LayItDownGaming
587,-1.0,1,0,0,0,0,1,0,0,0,-1,0,0,-1,0,LayItDownGaming
588,-1.0,1,0,0,0,0,1,0,-1,0,0,0,0,-1,0,LayItDownGaming
589,-1.0,-1,0,0,0,0,-1,0,1,0,0,1,0,0,0,LayItDownGaming
590,-1.0,1,0,0,0,0,1,0,-1,0,0,-1,0,0,0,LayItDownGaming
591,-1.0,1,0,0,0,0,-1,0,1,0,0,1,0,0,0,LayItDownGaming
592,-1.0,0,0,0,0,0,1,0,-1,0,0,-1,0,0,0,LayItDownGaming
593,-1.0,0,0,0,0,0,0,0,-1,0,0,0,0,-1,0,LayItDownGaming
594,-1.0,0,0,0,0,0,0,0,0,0,0,0,0,1,0,LayItDownGaming
595,-1.0,0,0,0,0,0,-1,0,0,0,0,0,0,-1,0,LayItDownGaming
596,-1.0,0,0,1,1,0,1,0,0,0,-1,0,0,0,0,LayItDownGaming
597,-1.0,0,0,0,0,0,0,0,1,0,0,0,-1,0,0,LayItDownGaming
598,-1.0,1,1,0,1,0,0,-1,0,0,0,0,1,0,0,LayItDownGaming
599,-1.0,-1,0,0,0,0,0,-1,1,0,0,0,0,0,0,LayItDownGaming
600,1.0,1,0,-1,-1,0,-1,0,0,1,0,0,0,1,0,LiteWeightGaming
601,1.0,0,0,0,-1,1,-1,0,0,1,-1,0,1,0,0,LiteWeightGaming
602,1.0,0,0,0,1,-1,1,0,0,-1,1,0,-1,1,0,LiteWeightGaming
603,1.0,1,1,1,1,0,1,-1,0,-1,-1,0,0,0,0,LiteWeightGaming
604,1.0,0,0,-1,-1,0,0,0,0,0,1,0,1,0,0,LiteWeightGaming
605,1.0,0,0,-1,-1,0,-1,1,0,1,-1,0,0,-1,0,LiteWeightGaming
606,1.0,-1,0,0,-1,0,0,-1,0,0,0,0,0,0,0,LiteWeightGaming
607,1.0,0,-1,0,-1,-1,1,0,0,0,0,0,-1,0,0,LiteWeightGaming
608,1.0,0,0,0,-1,1,0,0,0,-1,1,0,-1,0,0,LiteWeightGaming
609,1.0,0,1,0,1,1,-1,0,0,0,0,0,1,0,0,LiteWeightGaming
610,1.0,0,0,1,-1,1,0,-1,0,0,-1,0,1,0,0,LiteWeightGaming
611,1.0,-1,0,-1,-1,0,0,-1,0,0,-1,1,0,-1,0,LiteWeightGaming
612,1.0,1,0,1,1,0,0,1,0,0,1,-1,0,0,0,LiteWeightGaming
613,1.0,0,0,0,1,0,-1,1,0,1,0,0,0,-1,0,LiteWeightGaming
614,1.0,1,1,0,1,0,0,-1,0,0,0,0,1,1,0,LiteWeightGaming
615,1.0,0,0,0,-1,1,0,0,0,-1,1,0,-1,0,0,LiteWeightGaming
616,1.0,-1,0,0,0,-1,-1,1,0,1,0,0,-1,0,0,LiteWeightGaming
617,1.0,1,0,0,0,1,1,-1,0,-1,0,0,1,0,0,LiteWeightGaming
618,1.0,0,0,0,1,-1,0,0,0,1,-1,0,1,-1,0,LiteWeightGaming
619,1.0,1,0,0,-1,0,1,0,0,0,0,0,-1,0,0,LiteWeightGaming
620,1.0,-1,0,0,0,0,0,-1,1,0,0,0,0,1,1,LiteWeightGaming
621,1.0,1,1,0,0,0,0,-1,0,0,-1,0,1,0,0,LiteWeightGaming
622,1.0,0,0,0,0,0,0,0,-1,0,0,0,1,1,0,LiteWeightGaming
623,1.0,1,0,0,0,0,1,0,0,0,0,1,-1,-1,0,LiteWeightGaming
624,1.0,1,0,0,0,0,1,0,0,0,-1,0,0,0,0,LiteWeightGaming
625,1.0,1,0,0,0,0,1,0,-1,0,0,0,0,-1,0,LiteWeightGaming
626,1.0,0,0,0,0,0,-1,0,1,0,0,1,0,1,0,LiteWeightGaming
627,1.0,1,0,0,0,0,0,0,1,0,0,1,0,1,0,LiteWeightGaming
628,1.0,-1,0,0,0,0,0,0,-1,0,0,-1,0,0,0,LiteWeightGaming
629,1.0,0,0,0,0,0,0,0,0,0,0,0,0,0,0,LiteWeightGaming
630,1.0,-1,0,0,0,0,-1,0,1,0,0,1,0,0,0,LiteWeightGaming
631,1.0,1,0,0,0,0,1,0,-1,0,0,-1,0,0,0,LiteWeightGaming
632,1.0,-1,0,0,0,0,-1,0,0,0,0,-1,1,1,0,LiteWeightGaming
633,1.0,1,0,0,0,0,1,0,0,0,-1,0,0,1,0,LiteWeightGaming
634,1.0,1,0,0,0,0,1,0,0,0,-1,0,0,0,0,LiteWeightGaming
635,1.0,-1,0,0,0,0,-1,0,0,0,1,0,0,0,0,LiteWeightGaming
636,1.0,0,0,1,1,0,1,0,0,0,-1,1,0,0,0,LiteWeightGaming
637,-1.0,-1,0,1,1,0,1,0,0,-1,0,0,0,-1,0,LiteWeightGaming
638,-1.0,1,0,-1,0,0,-1,0,0,0,0,0,0,0,0,LiteWeightGaming
639,-1.0,0,0,1,1,0,0,0,0,0,0,0,-1,0,0,LiteWeightGaming
640,-1.0,0,0,1,1,0,1,-1,0,-1,1,0,0,1,1,LiteWeightGaming
641,-1.0,-1,0,0,1,0,-1,0,0,0,0,0,1,0,0,LiteWeightGaming
642,-1.0,0,0,0,1,-1,0,0,0,1,-1,0,1,0,0,LiteWeightGaming
643,-1.0,-1,-1,-1,0,-1,0,1,0,0,1,0,-1,1,0,LiteWeightGaming
644,-1.0,0,0,0,-1,0,1,-1,0,-1,0,0,0,1,0,LiteWeightGaming
645,-1.0,-1,-1,0,-1,0,0,1,0,0,0,0,-1,0,0,LiteWeightGaming
646,-1.0,0,-1,0,-1,-1,1,0,0,0,0,0,-1,-1,0,LiteWeightGaming
647,-1.0,-1,0,0,1,0,-1,0,0,0,0,0,1,0,0,LiteWeightGaming
648,-1.0,1,0,1,-1,0,0,-1,0,0,0,0,0,0,0,LiteWeightGaming
649,-1.0,-1,0,-1,1,0,0,1,0,0,0,0,0,0,0,LiteWeightGaming
650,-1.0,-1,0,1,-1,0,-1,0,0,0,1,0,-1,1,0,LiteWeightGaming
651,-1.0,0,1,0,1,1,-1,0,0,0,0,0,1,0,0,LiteWeightGaming
652,-1.0,1,0,-1,-1,0,0,1,-1,0,0,0,0,-1,-1,LiteWeightGaming
653,-1.0,-1,-1,1,1,0,0,1,0,0,0,0,-1,0,0,LiteWeightGaming
654,-1.0,0,0,0,0,0,0,-1,1,-1,0,0,0,0,0,LiteWeightGaming
655,-1.0,0,0,-1,-1,0,-1,0,0,0,1,-1,0,1,0,LiteWeightGaming
656,-1.0,-1,0,0,0,0,-1,0,1,0,0,0,0,1,0,LiteWeightGaming
657,-1.0,-1,0,0,0,0,-1,0,0,0,0,0,0,-1,0,LiteWeightGaming
658,-1.0,0,0,0,0,0,1,0,0,0,0,0,0,0,0,LiteWeightGaming
659,-1.0,0,0,0,0,0,1,0,-1,0,0,-1,0,0,0,LiteWeightGaming
660,-1.0,0,0,0,0,0,-1,0,0,0,0,0,0,-1,0,LiteWeightGaming
661,-1.0,-1,0,0,0,0,-1,0,0,0,1,0,0,0,0,LiteWeightGaming
662,-1.0,0,0,1,1,0,1,0,0,0,-1,1,0,0,0,LiteWeightGaming
663,-1.0,1,0,0,0,0,1,0,0,0,0,1,-1,-1,0,LiteWeightGaming
664,-1.0,0,0,-1,-1,0,-1,0,0,0,1,-1,0,0,0,LiteWeightGaming
665,-1.0,-1,0,0,0,0,-1,0,1,0,0,0,0,-1,0,LiteWeightGaming
666,-1.0,1,0,0,0,0,1,0,-1,0,0,0,0,0,0,LiteWeightGaming
667,-1.0,0,0,0,0,0,0,1,-1,1,0,0,0,0,0,LiteWeightGaming
668,-1.0,1,1,0,1,0,0,-1,0,0,0,0,1,0,0,LiteWeightGaming
669,-1.0,-1,-1,-1,0,-1,0,1,0,0,1,0,-1,0,0,LiteWeightGaming
670,-1.0,-1,0,0,0,0,0,-1,1,0,0,0,0,0,0,LiteWeightGaming
671,-1.0,0,0,0,0,0,0,-1,1,-1,0,0,0,0,0,LiteWeightGaming
672,-1.0,0,0,0,0,0,0,-1,1,-1,0,0,0,0,0,LiteWeightGaming
673,-1.0,-1,0,1,1,0,1,0,0,-1,0,0,0,-1,0,LiteWeightGaming
674,1.0,-1,0,1,1,0,0,0,0,0,0,0,0,-1,0,Markiplier
675,1.0,1,0,-1,-1,0,-1,0,0,1,0,0,0,1,0,Markiplier
676,1.0,0,0,0,-1,0,-1,0,0,1,-1,1,0,0,0,Markiplier
677,1.0,1,0,-1,0,0,-1,0,0,0,0,0,0,0,0,Markiplier
678,1.0,1,0,-1,0,0,-1,0,0,0,0,0,0,0,0,Markiplier
679,1.0,1,1,1,1,0,1,-1,0,-1,-1,0,0,0,0,Markiplier
680,1.0,0,0,1,1,0,0,0,0,0,0,0,-1,0,1,Markiplier
681,1.0,0,-1,0,-1,-1,1,0,0,0,0,0,-1,0,0,Markiplier
682,1.0,-1,0,-1,1,0,-1,1,0,0,0,1,0,1,0,Markiplier
683,1.0,-1,0,1,-1,1,0,-1,0,-1,1,-1,0,-1,0,Markiplier
684,1.0,-1,0,0,0,-1,-1,1,0,1,0,0,-1,0,0,Markiplier
685,1.0,-1,0,-1,1,0,0,1,0,0,0,0,0,0,0,Markiplier
686,1.0,-1,0,1,-1,0,-1,0,0,0,1,0,-1,1,0,Markiplier
687,1.0,0,0,0,1,-1,0,0,0,1,-1,0,1,-1,0,Markiplier
688,1.0,1,1,1,0,1,0,-1,0,0,-1,0,1,-1,0,Markiplier
689,1.0,-1,-1,-1,0,-1,0,1,0,0,1,0,-1,0,0,Markiplier
690,1.0,-1,0,-1,-1,0,0,-1,0,0,-1,1,0,0,0,Markiplier
691,1.0,-1,0,0,0,0,0,-1,1,0,0,0,0,1,1,Markiplier
692,1.0,0,0,0,0,0,0,-1,0,0,-1,0,1,0,0,Markiplier
693,1.0,1,0,0,0,0,0,1,-1,0,0,0,0,0,0,Markiplier
694,1.0,0,0,1,1,0,0,0,-1,0,0,0,1,1,0,Markiplier
695,1.0,1,0,-1,-1,0,1,0,0,0,0,1,-1,-1,0,Markiplier
696,1.0,0,0,0,0,0,-1,0,0,0,1,-1,0,1,0,Markiplier
697,1.0,1,0,0,0,0,1,0,-1,0,0,0,0,1,0,Markiplier
698,1.0,1,0,0,0,0,1,0,-1,0,0,0,0,-1,0,Markiplier
699,1.0,0,0,0,0,0,0,0,-1,0,0,-1,0,1,0,Markiplier
700,1.0,0,0,0,0,0,1,0,0,0,0,0,0,0,0,Markiplier
701,1.0,0,0,0,0,0,-1,0,0,0,0,0,0,0,0,Markiplier
702,1.0,0,0,0,0,0,-1,0,0,0,1,-1,0,1,0,Markiplier
703,1.0,0,0,0,0,0,1,0,0,0,-1,1,0,-1,0,Markiplier
704,1.0,1,0,0,0,0,0,0,1,0,0,1,0,0,0,Markiplier
705,1.0,-1,0,0,0,0,0,0,-1,0,0,-1,0,0,0,Markiplier
706,1.0,0,0,0,0,0,0,0,1,0,0,0,0,-1,0,Markiplier
707,1.0,0,0,0,0,0,0,0,0,0,0,0,0,0,0,Markiplier
708,1.0,0,0,0,0,0,-1,0,0,0,0,0,0,0,0,Markiplier
709,1.0,-1,-1,-1,0,-1,0,1,0,0,1,0,-1,0,0,Markiplier
710,-1.0,-1,0,1,1,0,1,0,0,-1,0,0,0,-1,0,Markiplier
711,-1.0,0,0,0,-1,1,-1,0,0,1,-1,0,1,0,0,Markiplier
712,-1.0,0,0,0,1,-1,1,0,0,-1,1,0,-1,1,0,Markiplier
713,-1.0,-1,0,1,0,0,1,0,0,0,0,0,0,-1,0,Markiplier
714,-1.0,-1,-1,-1,-1,0,0,1,0,1,0,0,0,1,0,Markiplier
715,-1.0,0,0,-1,-1,0,0,0,0,0,1,0,1,0,0,Markiplier
716,-1.0,0,1,0,1,1,-1,0,0,0,0,0,1,0,0,Markiplier
717,-1.0,1,0,-1,1,0,1,0,0,0,-1,0,1,0,0,Markiplier
718,-1.0,1,0,1,-1,0,0,-1,0,0,0,0,0,0,0,Markiplier
719,-1.0,1,0,0,0,1,1,-1,0,-1,0,0,1,0,0,Markiplier
720,-1.0,1,0,0,-1,0,1,0,0,0,0,0,-1,0,0,Markiplier
721,-1.0,0,0,0,-1,0,1,-1,0,-1,0,0,0,1,0,Markiplier
722,-1.0,0,0,0,1,0,-1,1,0,1,0,0,0,-1,0,Markiplier
723,-1.0,1,0,-1,-1,0,0,1,-1,0,0,0,0,-1,-1,Markiplier
724,-1.0,0,0,0,0,0,0,1,0,0,1,0,-1,0,0,Markiplier
725,-1.0,-1,-1,0,0,0,0,0,0,0,-1,0,0,0,0,Markiplier
726,-1.0,0,0,0,0,0,0,-1,1,-1,0,0,0,0,0,Markiplier
727,-1.0,1,0,0,0,0,1,0,0,0,-1,0,0,0,0,Markiplier
728,-1.0,-1,0,0,0,0,-1,0,1,0,0,0,0,-1,0,Markiplier
729,-1.0,-1,0,0,0,0,-1,0,1,0,0,0,0,0,0,Markiplier
730,-1.0,-1,0,0,0,0,-1,0,1,0,0,1,0,0,0,Markiplier
731,-1.0,1,0,0,0,0,1,0,0,0,0,0,0,-1,0,Markiplier
732,-1.0,-1,0,0,0,0,-1,0,0,0,0,0,0,1,0,Markiplier
733,-1.0,-1,0,0,0,0,1,0,-1,0,0,-1,0,-1,0,Markiplier
734,-1.0,0,0,0,0,0,1,0,0,0,-1,1,0,0,0,Markiplier
735,-1.0,0,0,1,1,0,0,0,-1,0,0,0,1,0,0,Markiplier
736,-1.0,1,0,-1,-1,0,1,0,0,0,0,1,-1,0,0,Markiplier
737,-1.0,0,0,0,0,0,-1,0,0,0,1,-1,0,1,0,Markiplier
738,-1.0,0,0,0,0,0,0,0,1,0,0,0,0,0,0,Markiplier
739,-1.0,0,0,0,0,0,0,0,-1,0,0,0,0,1,0,Markiplier
740,-1.0,0,0,0,0,0,0,0,-1,0,0,0,0,0,0,Markiplier
741,-1.0,0,0,0,0,0,0,0,1,0,0,0,-1,0,0,Markiplier
742,-1.0,1,1,0,1,0,0,-1,0,0,0,0,1,0,0,Markiplier
743,-1.0,-1,-1,-1,-1,0,0,1,0,1,0,0,0,1,0,Markiplier
744,-1.0,0,0,0,-1,0,1,-1,0,-1,0,0,0,1,0,Markiplier
745,-1.0,1,0,0,0,0,1,0,0,0,0,0,0,-1,0,Markiplier
746,1.0,0,0,0,0,0,0,0,0,0,0,0,0,-1,0,Marz
747,1.0,0,0,0,1,0,1,0,0,-1,1,-1,0,0,0,Marz
748,1.0,1,0,-1,0,0,-1,0,0,0,0,0,0,0,0,Marz
749,1.0,-1,0,1,0,0,1,0,0,0,0,0,0,-1,0,Marz
750,1.0,0,0,-1,-1,0,0,0,0,0,1,0,1,0,0,Marz
751,1.0,-1,0,0,-1,0,0,-1,0,0,0,0,0,0,0,Marz
752,1.0,1,0,0,1,0,0,1,0,0,0,0,0,0,0,Marz
753,1.0,0,0,1,1,0,1,-1,0,-1,1,0,0,1,1,Marz
754,1.0,0,-1,0,-1,-1,1,0,0,0,0,0,-1,0,0,Marz
755,1.0,-1,0,-1,1,0,-1,1,0,0,0,1,0,1,0,Marz
756,1.0,1,0,1,-1,0,1,-1,0,0,0,-1,0,-1,0,Marz
757,1.0,1,1,0,1,0,0,-1,0,0,0,0,1,0,0,Marz
758,1.0,0,0,0,-1,0,1,-1,0,-1,0,0,0,1,0,Marz
759,1.0,1,0,0,0,-1,1,0,0,0,0,0,-1,0,0,Marz
760,1.0,-1,0,1,-1,1,0,-1,0,-1,1,-1,0,0,0,Marz
761,1.0,1,0,-1,0,-1,1,0,0,0,0,0,0,0,0,Marz
762,1.0,-1,0,0,1,0,-1,1,0,1,-1,0,0,0,0,Marz
763,1.0,-1,0,-1,1,0,0,1,0,0,0,0,0,0,0,Marz
764,1.0,1,0,0,0,1,1,-1,0,-1,0,0,1,0,0,Marz
765,1.0,0,0,1,0,0,0,-1,0,0,0,0,1,-1,0,Marz
766,1.0,1,0,0,-1,0,1,0,0,0,0,0,-1,0,0,Marz
767,1.0,1,0,-1,-1,0,0,1,-1,0,0,0,0,-1,-1,Marz
768,1.0,-1,-1,0,0,0,0,0,0,0,-1,0,0,0,0,Marz
769,1.0,0,0,0,0,0,-1,0,0,0,1,-1,0,-1,0,Marz
770,1.0,1,0,0,0,0,1,0,0,0,0,0,0,0,0,Marz
771,1.0,-1,0,0,0,0,-1,0,0,0,0,0,0,1,0,Marz
772,1.0,0,0,0,0,0,1,0,0,0,0,0,0,-1,0,Marz
773,1.0,1,0,0,0,0,-1,0,1,0,0,1,0,0,0,Marz
774,1.0,-1,0,1,1,0,-1,0,0,0,0,0,1,0,0,Marz
775,1.0,0,0,-1,-1,0,-1,0,0,0,1,-1,0,1,0,Marz
776,1.0,1,0,0,0,0,1,0,0,0,-1,0,0,-1,0,Marz
777,1.0,1,0,0,0,0,1,0,0,0,-1,0,0,0,0,Marz
778,1.0,1,0,0,0,0,0,0,0,0,0,1,0,1,0,Marz
779,1.0,-1,0,0,0,0,0,0,-1,0,0,-1,0,-1,0,Marz
780,1.0,-1,0,0,0,0,-1,0,0,0,0,-1,1,-1,0,Marz
781,1.0,0,0,0,0,0,0,0,1,0,0,0,-1,0,0,Marz
782,1.0,0,0,0,0,0,0,1,-1,1,0,0,0,0,0,Marz
783,1.0,1,1,0,1,0,0,-1,0,0,0,0,1,1,0,Marz
784,1.0,-1,-1,-1,0,-1,0,1,0,0,1,0,-1,-1,0,Marz
785,-1.0,0,0,0,-1,0,-1,0,0,1,-1,1,0,0,0,Marz
786,-1.0,0,0,0,-1,1,-1,0,0,1,-1,0,1,0,0,Marz
787,-1.0,0,0,0,1,-1,1,0,0,-1,1,0,-1,1,0,Marz
788,-1.0,1,0,-1,0,0,-1,0,0,0,0,0,0,0,0,Marz
789,-1.0,0,0,1,1,0,0,0,0,0,0,0,-1,-1,0,Marz
790,-1.0,0,0,-1,-1,0,-1,1,0,1,-1,0,0,0,0,Marz
791,-1.0,1,1,1,0,0,-1,0,0,1,-1,0,1,-1,-1,Marz
792,-1.0,0,1,0,1,1,-1,0,0,0,0,0,1,1,0,Marz
793,-1.0,-1,-1,0,-1,0,0,1,0,0,0,0,-1,-1,0,Marz
794,-1.0,-1,-1,-1,0,-1,0,1,0,0,1,0,-1,1,0,Marz
795,-1.0,0,0,0,1,0,-1,1,0,1,0,0,0,-1,0,Marz
796,-1.0,0,0,1,-1,1,0,-1,0,0,-1,0,1,0,0,Marz
797,-1.0,0,0,-1,1,-1,0,1,0,0,1,0,-1,1,0,Marz
798,-1.0,-1,0,-1,1,0,-1,1,0,0,0,1,0,0,0,Marz
799,-1.0,1,0,1,-1,0,0,-1,0,0,0,0,0,0,0,Marz
800,-1.0,-1,0,0,0,-1,-1,1,0,1,0,0,-1,1,0,Marz
801,-1.0,0,1,0,1,1,-1,0,0,0,0,0,1,0,0,Marz
802,-1.0,-1,-1,-1,0,-1,0,1,0,0,1,0,-1,0,0,Marz
803,-1.0,0,0,1,1,0,0,0,-1,0,0,0,1,1,0,Marz
804,-1.0,-1,0,0,0,0,-1,0,1,0,0,0,0,1,0,Marz
805,-1.0,1,0,0,0,0,1,0,-1,0,0,0,0,-1,0,Marz
806,-1.0,-1,0,0,0,0,-1,0,1,0,0,1,0,1,0,Marz
807,-1.0,1,0,0,0,0,1,0,-1,0,0,-1,0,-1,0,Marz
808,-1.0,1,0,0,0,0,1,0,0,0,0,0,0,0,0,Marz
809,-1.0,1,0,0,0,0,1,0,0,0,0,1,-1,0,0,Marz
810,-1.0,-1,0,0,0,0,-1,0,0,0,1,0,0,-1,0,Marz
811,-1.0,1,0,0,0,0,-1,0,1,0,0,1,0,0,0,Marz
812,-1.0,-1,0,0,0,0,0,0,0,0,0,0,0,0,0,Marz
813,-1.0,0,0,0,0,0,0,0,0,0,0,0,0,0,0,Marz
814,-1.0,-1,0,0,0,0,-1,0,1,0,0,1,0,1,0,Marz
815,-1.0,1,0,0,0,0,1,0,-1,0,0,-1,0,-1,0,Marz
816,-1.0,0,0,1,1,0,0,0,0,0,0,0,-1,-1,0,Marz
817,-1.0,-1,0,0,0,0,-1,0,1,0,0,1,0,1,0,Marz
818,-1.0,-1,0,-1,1,0,-1,1,0,0,0,1,0,0,0,Marz
819,-1.0,0,0,1,1,0,0,0,0,0,0,0,-1,-1,0,Marz
820,-1.0,0,0,1,1,0,0,0,-1,0,0,0,1,1,0,Marz
821,-1.0,0,0,0,0,0,0,0,0,0,0,0,0,0,0,Marz
822,-1.0,-1,0,0,0,0,-1,0,1,0,0,0,0,1,0,Marz
823,-1.0,1,0,0,0,0,1,0,-1,0,0,0,0,-1,0,Marz
824,1.0,1,0,-1,-1,0,-1,0,0,1,0,0,0,1,0,NinjaKuma
825,1.0,-1,0,1,1,0,1,0,0,-1,0,0,0,-1,0,NinjaKuma
826,1.0,0,0,0,-1,1,-1,0,0,1,-1,0,1,0,0,NinjaKuma
827,1.0,0,0,0,1,-1,1,0,0,-1,1,0,-1,1,0,NinjaKuma
828,1.0,-1,-1,-1,-1,0,0,1,0,1,0,0,0,0,0,NinjaKuma
829,1.0,1,1,1,1,0,1,-1,0,-1,-1,0,0,0,0,NinjaKuma
830,1.0,-1,-1,-1,0,-1,0,1,0,0,0,1,-1,0,0,NinjaKuma
831,1.0,0,-1,0,-1,-1,1,0,0,0,0,0,-1,0,0,NinjaKuma
832,1.0,1,0,-1,1,0,1,0,0,0,-1,0,1,0,0,NinjaKuma
833,1.0,1,0,1,-1,0,0,-1,0,0,0,0,0,0,0,NinjaKuma
834,1.0,-1,0,-1,1,0,0,1,0,0,0,0,0,0,0,NinjaKuma
835,1.0,-1,0,1,-1,0,-1,0,0,0,1,0,-1,1,0,NinjaKuma
836,1.0,1,0,1,-1,0,1,-1,0,0,0,-1,0,0,0,NinjaKuma
837,1.0,0,1,0,1,1,-1,0,0,0,0,0,1,1,0,NinjaKuma
838,1.0,0,0,0,-1,0,1,-1,0,-1,0,0,0,0,0,NinjaKuma
839,1.0,1,0,0,0,0,0,1,0,0,1,0,-1,0,0,NinjaKuma
840,1.0,0,0,0,0,0,0,0,-1,0,0,0,1,0,0,NinjaKuma
841,1.0,1,0,0,0,0,1,0,0,0,0,1,-1,0,0,NinjaKuma
842,1.0,0,0,-1,-1,0,-1,0,0,0,1,-1,0,1,0,NinjaKuma
843,1.0,1,0,0,0,0,1,0,-1,0,0,0,0,0,0,NinjaKuma
844,1.0,-1,0,0,0,0,-1,0,0,0,0,0,0,0,0,NinjaKuma
845,1.0,1,0,0,0,0,1,0,0,0,0,1,-1,0,0,NinjaKuma
846,1.0,-1,0,0,0,0,-1,0,1,0,0,0,0,1,0,NinjaKuma
847,1.0,1,0,0,0,0,1,0,-1,0,0,0,0,0,0,NinjaKuma
848,1.0,1,0,0,0,0,0,0,1,0,0,1,0,1,0,NinjaKuma
849,1.0,1,0,0,0,0,1,0,0,0,0,0,0,1,0,NinjaKuma
850,1.0,1,0,0,0,0,1,0,0,0,0,1,-1,0,0,NinjaKuma
851,1.0,-1,0,0,0,0,-1,0,0,0,0,-1,1,0,0,NinjaKuma
852,-1.0,-1,0,1,1,0,0,0,0,0,0,0,0,-1,0,NinjaKuma
853,-1.0,0,0,0,-1,0,-1,0,0,1,-1,1,0,0,0,NinjaKuma
854,-1.0,0,0,0,1,0,1,0,0,-1,1,-1,0,0,0,NinjaKuma
855,-1.0,1,0,-1,0,0,-1,0,0,0,0,0,0,-1,0,NinjaKuma
856,-1.0,0,0,-1,-1,0,0,0,0,0,1,0,1,0,0,NinjaKuma
857,-1.0,0,0,1,1,0,0,0,0,0,0,0,-1,0,1,NinjaKuma
858,-1.0,1,1,1,0,0,-1,0,0,1,-1,0,1,-1,-1,NinjaKuma
859,-1.0,1,1,1,0,1,0,-1,0,0,0,-1,1,0,0,NinjaKuma
860,-1.0,-1,0,-1,1,0,-1,1,0,0,0,1,0,1,0,NinjaKuma
861,-1.0,-1,0,0,0,-1,-1,1,0,1,0,0,-1,0,0,NinjaKuma
862,-1.0,1,0,0,0,1,1,-1,0,-1,0,0,1,0,0,NinjaKuma
863,-1.0,1,0,-1,1,-1,0,1,0,1,-1,1,0,-1,0,NinjaKuma
864,-1.0,-1,-1,-1,0,-1,0,1,0,0,1,0,-1,-1,0,NinjaKuma
865,-1.0,-1,0,0,0,0,0,-1,0,0,-1,0,1,0,0,NinjaKuma
866,-1.0,-1,0,0,0,0,0,-1,1,0,0,0,0,1,1,NinjaKuma
867,-1.0,1,0,-1,-1,0,0,1,-1,0,0,0,0,-1,-1,NinjaKuma
868,-1.0,1,0,0,0,0,1,0,0,0,-1,0,0,-1,0,NinjaKuma
869,-1.0,-1,0,0,0,0,-1,0,1,0,0,0,0,1,0,NinjaKuma
870,-1.0,1,0,0,0,0,1,0,0,0,0,0,0,0,0,NinjaKuma
871,-1.0,1,0,0,0,0,1,0,0,0,-1,0,0,-1,0,NinjaKuma
872,-1.0,-1,0,0,0,0,-1,0,0,0,0,0,0,-1,0,NinjaKuma
873,-1.0,0,0,0,0,0,0,0,1,0,0,0,0,1,0,NinjaKuma
874,-1.0,-1,0,0,0,0,0,0,-1,0,0,-1,0,-1,0,NinjaKuma
875,-1.0,-1,0,0,0,0,-1,0,1,0,0,1,0,-1,0,NinjaKuma
876,-1.0,0,0,0,0,0,0,1,-1,1,0,0,0,0,0,NinjaKuma
877,-1.0,1,0,-1,1,-1,0,1,0,1,-1,1,0,-1,0,NinjaKuma
878,-1.0,1,0,0,0,0,1,0,0,0,0,0,0,0,0,NinjaKuma
879,-1.0,1,0,0,0,0,1,0,0,0,-1,0,0,-1,0,NinjaKuma
880,1.0,1,0,-1,-1,0,-1,0,0,1,0,0,0,1,0,Pewdiepie
881,1.0,0,0,0,-1,0,-1,0,0,1,-1,1,0,0,0,Pewdiepie
882,1.0,0,0,0,1,-1,1,0,0,-1,1,0,-1,1,0,Pewdiepie
883,1.0,1,0,-1,0,0,-1,0,0,0,0,0,0,0,0,Pewdiepie
884,1.0,0,0,-1,-1,0,0,0,0,0,1,0,1,0,0,Pewdiepie
885,1.0,-1,0,0,-1,0,0,-1,0,0,0,0,0,0,0,Pewdiepie
886,1.0,1,0,0,1,0,0,1,0,0,0,0,0,0,0,Pewdiepie
887,1.0,0,-1,0,-1,-1,1,0,0,0,0,0,-1,0,0,Pewdiepie
888,1.0,-1,0,0,1,0,-1,0,0,0,0,0,1,0,0,Pewdiepie
889,1.0,1,0,1,-1,0,0,-1,0,0,0,0,0,0,0,Pewdiepie
890,1.0,0,0,0,1,-1,0,0,0,1,-1,0,1,-1,0,Pewdiepie
891,1.0,-1,-1,-1,0,-1,0,1,0,0,1,0,-1,0,0,Pewdiepie
892,1.0,0,0,-1,1,-1,0,1,0,0,1,0,-1,1,0,Pewdiepie
893,1.0,-1,0,0,0,0,0,-1,1,0,0,0,0,0,1,Pewdiepie
894,1.0,0,0,0,0,0,0,-1,1,-1,0,0,0,0,0,Pewdiepie
895,1.0,0,0,0,0,0,-1,0,0,0,1,-1,0,1,0,Pewdiepie
896,1.0,1,0,0,0,0,1,0,0,0,-1,0,0,-1,0,Pewdiepie
897,1.0,-1,0,0,0,0,-1,0,1,0,0,1,0,1,0,Pewdiepie
898,1.0,-1,0,0,0,0,-1,0,1,0,0,0,0,1,0,Pewdiepie
899,1.0,0,0,0,0,0,-1,0,1,0,0,1,0,-1,0,Pewdiepie
900,1.0,0,0,0,0,0,0,0,1,0,0,0,0,0,0,Pewdiepie
901,1.0,0,0,0,0,0,0,0,-1,0,0,0,0,1,0,Pewdiepie
902,1.0,0,0,0,0,0,0,0,-1,0,0,0,0,-1,0,Pewdiepie
903,1.0,1,0,0,0,0,0,0,1,0,0,1,0,0,0,Pewdiepie
904,1.0,1,0,0,0,0,-1,0,1,0,0,1,0,1,0,Pewdiepie
905,1.0,-1,0,0,0,0,1,0,-1,0,0,-1,0,-1,0,Pewdiepie
906,1.0,1,0,0,0,0,1,0,-1,0,0,0,0,0,0,Pewdiepie
907,1.0,0,0,0,0,0,1,0,0,0,-1,1,0,0,0,Pewdiepie
908,1.0,-1,-1,0,0,0,0,1,0,0,1,0,-1,0,0,Pewdiepie
909,1.0,-1,0,0,0,0,0,-1,0,0,-1,0,1,0,0,Pewdiepie
910,1.0,0,0,0,0,0,1,-1,0,-1,0,0,0,1,0,Pewdiepie
911,1.0,0,0,0,0,0,-1,1,0,1,0,0,0,-1,0,Pewdiepie
912,-1.0,-1,0,1,1,0,0,0,0,0,0,0,0,-1,0,Pewdiepie
913,-1.0,0,0,0,1,0,1,0,0,-1,1,-1,0,0,0,Pewdiepie
914,-1.0,-1,-1,-1,-1,0,0,1,0,1,0,0,0,0,0,Pewdiepie
915,-1.0,0,0,1,1,0,0,0,0,0,0,0,-1,0,0,Pewdiepie
916,-1.0,0,0,1,1,0,1,-1,0,-1,1,0,0,1,1,Pewdiepie
917,-1.0,1,1,1,0,0,-1,0,0,1,-1,0,1,-1,-1,Pewdiepie
918,-1.0,0,0,0,-1,1,0,0,0,-1,1,0,-1,1,0,Pewdiepie
919,-1.0,1,0,-1,1,0,1,0,0,0,-1,0,1,0,0,Pewdiepie
920,-1.0,-1,0,0,0,-1,-1,1,0,1,0,0,-1,-1,0,Pewdiepie
921,-1.0,-1,0,-1,1,0,0,1,0,0,0,0,0,0,0,Pewdiepie
922,-1.0,0,1,0,1,1,-1,0,0,0,0,0,1,0,0,Pewdiepie
923,-1.0,-1,-1,-1,0,-1,0,1,0,0,1,0,-1,1,0,Pewdiepie
924,-1.0,0,0,1,-1,1,0,-1,0,0,-1,0,1,0,0,Pewdiepie
925,-1.0,1,0,-1,-1,0,0,1,-1,0,0,0,0,-1,-1,Pewdiepie
926,-1.0,-1,-1,0,0,0,0,0,0,0,-1,0,0,0,0,Pewdiepie
927,-1.0,0,0,1,1,0,0,0,-1,0,0,0,1,0,0,Pewdiepie
928,-1.0,1,0,-1,-1,0,1,0,0,0,0,1,-1,0,0,Pewdiepie
929,-1.0,1,0,0,0,0,1,0,-1,0,0,-1,0,-1,0,Pewdiepie
930,-1.0,1,0,0,0,0,1,0,-1,0,0,0,0,0,0,Pewdiepie
931,-1.0,1,0,0,0,0,1,0,0,0,0,0,0,0,0,Pewdiepie
932,-1.0,0,0,0,0,0,0,0,1,0,0,0,0,0,0,Pewdiepie
933,-1.0,0,0,0,0,0,0,0,0,0,0,0,0,0,0,Pewdiepie
934,-1.0,0,0,0,0,0,-1,0,0,0,0,0,0,0,0,Pewdiepie
935,-1.0,-1,0,0,0,0,-1,0,1,0,0,0,0,0,0,Pewdiepie
936,-1.0,-1,0,0,0,0,-1,0,0,0,1,0,0,0,0,Pewdiepie
937,-1.0,-1,0,1,1,0,-1,0,0,0,0,-1,1,0,0,Pewdiepie
938,-1.0,1,1,0,0,0,0,-1,0,0,0,0,1,0,0,Pewdiepie
939,-1.0,1,0,0,0,0,0,1,0,0,1,0,-1,0,0,Pewdiepie
940,-1.0,-1,0,0,0,0,0,-1,1,0,0,0,0,0,0,Pewdiepie
941,-1.0,-1,0,1,1,0,-1,0,0,0,0,-1,1,0,0,Pewdiepie
942,-1.0,0,0,0,0,0,0,0,0,0,0,0,0,0,0,Pewdiepie
943,-1.0,1,1,1,0,0,-1,0,0,1,-1,0,1,-1,-1,Pewdiepie
944,1.0,0,0,0,-1,0,-1,0,0,1,-1,1,0,0,0,SuzyLu
945,1.0,-1,0,1,1,0,1,0,0,-1,0,0,0,1,0,SuzyLu
946,1.0,-1,-1,-1,-1,0,0,1,0,1,0,0,0,1,0,SuzyLu
947,1.0,1,1,1,1,0,1,-1,0,-1,-1,0,0,-1,0,SuzyLu
948,1.0,0,0,1,1,0,1,-1,0,-1,1,0,0,1,1,SuzyLu
949,1.0,1,1,1,0,0,-1,0,0,1,-1,0,1,-1,-1,SuzyLu
950,1.0,1,1,1,1,0,0,0,0,0,0,-1,1,1,0,SuzyLu
951,1.0,-1,-1,-1,0,-1,0,1,0,0,1,0,-1,0,0,SuzyLu
952,1.0,1,0,0,0,0,0,1,0,0,1,0,-1,0,0,SuzyLu
953,1.0,0,0,0,1,0,-1,1,0,1,0,0,0,-1,0,SuzyLu
954,1.0,0,0,1,-1,1,0,-1,0,0,-1,0,1,0,0,SuzyLu
955,1.0,-1,-1,0,-1,0,0,1,0,0,0,0,-1,0,0,SuzyLu
956,1.0,-1,0,0,1,0,-1,0,0,0,0,0,1,1,0,SuzyLu
957,1.0,0,0,0,-1,1,0,0,0,-1,1,0,-1,-1,0,SuzyLu
958,1.0,1,0,1,-1,0,0,-1,0,0,0,0,0,0,0,SuzyLu
959,1.0,1,0,0,0,1,1,-1,0,-1,0,0,1,0,0,SuzyLu
960,1.0,-1,0,1,-1,0,-1,0,0,0,1,0,-1,1,0,SuzyLu
961,1.0,-1,0,0,0,0,0,-1,1,0,0,0,0,1,1,SuzyLu
962,1.0,-1,-1,1,1,0,0,1,0,0,0,0,-1,0,0,SuzyLu
963,1.0,0,0,0,0,0,0,0,1,0,0,0,-1,-1,0,SuzyLu
964,1.0,0,0,-1,-1,0,-1,0,0,0,1,-1,0,1,0,SuzyLu
965,1.0,-1,0,0,0,0,-1,0,1,0,0,1,0,1,0,SuzyLu
966,1.0,-1,0,0,0,0,-1,0,0,0,0,0,0,0,0,SuzyLu
967,1.0,1,0,0,0,0,0,0,1,0,0,1,0,1,0,SuzyLu
968,1.0,1,0,0,0,0,1,0,0,0,0,1,-1,0,0,SuzyLu
969,1.0,0,0,0,0,0,0,0,1,0,0,0,-1,0,0,SuzyLu
970,1.0,1,1,0,1,0,0,-1,0,0,0,0,1,0,0,SuzyLu
971,1.0,-1,-1,-1,-1,0,0,1,0,1,0,0,0,1,0,SuzyLu
972,1.0,-1,-1,0,-1,0,0,1,0,0,0,0,-1,0,0,SuzyLu
973,-1.0,-1,0,1,1,0,0,0,0,0,0,0,0,-1,0,SuzyLu
974,-1.0,1,0,-1,-1,0,-1,0,0,1,0,0,0,0,0,SuzyLu
975,-1.0,1,0,-1,0,0,-1,0,0,0,0,0,0,0,0,SuzyLu
976,-1.0,0,0,-1,-1,0,0,0,0,0,1,0,1,0,0,SuzyLu
977,-1.0,0,0,1,1,0,0,0,0,0,0,0,-1,-1,0,SuzyLu
978,-1.0,0,0,-1,-1,0,-1,1,0,1,-1,0,0,0,0,SuzyLu
979,-1.0,-1,0,0,-1,0,0,-1,0,0,0,0,0,0,0,SuzyLu
980,-1.0,-1,-1,-1,-1,0,0,0,0,0,0,1,-1,0,0,SuzyLu
981,-1.0,-1,0,0,0,0,0,-1,0,0,-1,0,1,-1,0,SuzyLu
982,-1.0,0,0,0,-1,0,1,-1,0,-1,0,0,0,1,0,SuzyLu
983,-1.0,0,0,-1,1,-1,0,1,0,0,1,0,-1,1,0,SuzyLu
984,-1.0,1,1,1,0,1,0,-1,0,0,-1,0,1,-1,0,SuzyLu
985,-1.0,1,1,0,1,0,0,-1,0,0,0,0,1,0,0,SuzyLu
986,-1.0,-1,-1,-1,0,-1,0,1,0,0,0,1,-1,0,0,SuzyLu
987,-1.0,1,0,-1,1,0,1,0,0,0,-1,0,1,0,0,SuzyLu
988,-1.0,-1,0,0,0,-1,-1,1,0,1,0,0,-1,0,0,SuzyLu
989,-1.0,0,0,0,1,-1,0,0,0,1,-1,0,1,-1,0,SuzyLu
990,-1.0,1,0,0,-1,0,1,0,0,0,0,0,-1,0,0,SuzyLu
991,-1.0,1,1,0,0,0,0,-1,0,0,-1,0,1,0,0,SuzyLu
992,-1.0,0,0,0,0,0,0,-1,1,-1,0,0,0,0,0,SuzyLu
993,-1.0,0,0,0,0,0,0,0,-1,0,0,0,1,1,0,SuzyLu
994,-1.0,0,0,0,0,0,0,0,-1,0,0,0,1,0,0,SuzyLu
995,-1.0,1,0,0,0,0,1,0,0,0,-1,0,0,-1,0,SuzyLu
996,-1.0,1,0,0,0,0,1,0,-1,0,0,-1,0,-1,0,SuzyLu
997,-1.0,-1,0,0,0,0,-1,0,1,0,0,0,0,1,0,SuzyLu
998,-1.0,1,0,0,0,0,1,0,-1,0,0,0,0,-1,0,SuzyLu
999,-1.0,-1,0,0,0,0,0,0,-1,0,0,-1,0,-1,0,SuzyLu
1000,-1.0,1,0,0,0,0,1,0,0,0,-1,0,0,1,0,SuzyLu
1001,-1.0,-1,-1,-1,0,-1,0,1,0,0,1,0,-1,0,0,SuzyLu
1002,1.0,0,0,0,-1,0,-1,0,0,1,-1,1,0,0,0,Yamimash
1003,1.0,0,0,0,-1,1,-1,0,0,1,-1,0,1,0,0,Yamimash
1004,1.0,1,0,-1,0,0,-1,0,0,0,0,0,0,0,0,Yamimash
1005,1.0,-1,-1,-1,-1,0,0,1,0,1,0,0,0,0,0,Yamimash
1006,1.0,0,0,-1,-1,0,0,0,0,0,1,0,1,0,0,Yamimash
1007,1.0,0,0,-1,-1,0,-1,1,0,1,-1,0,0,-1,0,Yamimash
1008,1.0,-1,0,0,-1,0,0,-1,0,0,0,0,0,0,0,Yamimash
1009,1.0,0,0,1,1,0,1,-1,0,-1,1,0,0,1,1,Yamimash
1010,1.0,-1,0,0,0,0,0,-1,0,0,-1,0,1,0,0,Yamimash
1011,1.0,0,0,0,-1,0,1,-1,0,-1,0,0,0,1,0,Yamimash
1012,1.0,-1,-1,0,-1,0,0,1,0,0,0,0,-1,0,0,Yamimash
1013,1.0,-1,0,0,1,0,-1,0,0,0,0,0,1,0,0,Yamimash
1014,1.0,0,0,0,-1,1,0,0,0,-1,1,0,-1,0,0,Yamimash
1015,1.0,0,0,0,-1,1,0,0,0,-1,1,0,-1,0,0,Yamimash
1016,1.0,1,0,1,-1,0,0,-1,0,0,0,0,0,0,0,Yamimash
1017,1.0,1,0,0,-1,0,1,0,0,0,0,0,-1,0,0,Yamimash
1018,1.0,1,0,-1,-1,0,0,1,-1,0,0,0,0,-1,-1,Yamimash
1019,1.0,1,1,0,0,0,0,-1,0,0,-1,0,1,0,0,Yamimash
1020,1.0,-1,-1,0,0,0,0,0,0,0,0,1,-1,0,0,Yamimash
1021,1.0,-1,-1,0,0,0,0,1,0,0,0,1,-1,0,0,Yamimash
1022,1.0,0,0,0,0,0,0,-1,1,-1,0,0,0,0,0,Yamimash
1023,1.0,0,0,-1,-1,0,-1,0,0,0,1,-1,0,1,0,Yamimash
1024,1.0,-1,0,0,0,0,-1,0,0,0,0,0,0,0,0,Yamimash
1025,1.0,0,0,0,0,0,0,0,0,0,0,0,0,0,0,Yamimash
1026,1.0,1,0,0,0,0,0,0,1,0,0,1,0,-1,0,Yamimash
1027,1.0,-1,0,0,0,0,0,0,-1,0,0,-1,0,0,0,Yamimash
1028,1.0,0,0,0,0,0,0,0,0,0,0,0,0,0,0,Yamimash
1029,1.0,0,0,0,0,0,1,0,-1,0,0,-1,0,0,0,Yamimash
1030,1.0,-1,0,0,0,0,-1,0,0,0,0,0,0,0,0,Yamimash
1031,1.0,-1,0,0,0,0,-1,0,1,0,0,1,0,1,0,Yamimash
1032,1.0,1,0,0,0,0,0,0,1,0,0,1,0,1,0,Yamimash
1033,1.0,0,0,0,0,0,-1,0,1,0,0,1,0,0,0,Yamimash
1034,1.0,1,0,0,0,0,-1,0,1,0,0,1,0,0,0,Yamimash
1035,1.0,1,0,0,0,0,1,0,0,0,0,0,0,1,0,Yamimash
1036,1.0,0,0,0,0,0,0,0,1,0,0,0,0,1,0,Yamimash
1037,1.0,0,0,0,0,0,0,0,-1,0,0,0,0,-1,0,Yamimash
1038,1.0,1,0,0,0,0,-1,0,1,0,0,1,0,0,0,Yamimash
1039,1.0,0,0,0,0,0,-1,0,1,0,0,1,0,0,0,Yamimash
1040,1.0,0,0,0,0,0,1,0,-1,0,0,-1,0,0,0,Yamimash
1041,1.0,0,0,0,0,0,0,0,-1,0,0,0,0,0,0,Yamimash
1042,1.0,1,0,0,0,0,0,0,1,0,0,1,0,0,0,Yamimash
1043,1.0,0,0,0,0,0,1,0,0,0,0,0,0,0,0,Yamimash
1044,1.0,1,0,0,0,0,-1,0,1,0,0,1,0,0,0,Yamimash
1045,1.0,-1,0,0,0,0,1,0,-1,0,0,-1,0,0,0,Yamimash
1046,1.0,-1,0,0,0,0,0,-1,1,0,0,0,0,0,0,Yamimash
1047,-1.0,0,0,0,1,0,1,0,0,-1,1,-1,0,0,0,Yamimash
1048,-1.0,0,0,1,1,0,0,0,0,0,0,0,-1,0,0,Yamimash
1049,-1.0,1,0,0,1,0,0,1,0,0,0,0,0,0,0,Yamimash
1050,-1.0,1,1,1,0,0,-1,0,0,1,-1,0,1,-1,-1,Yamimash
1051,-1.0,1,1,1,0,1,0,-1,0,0,-1,0,1,-1,0,Yamimash
1052,-1.0,1,0,0,0,0,0,1,0,0,1,0,-1,0,0,Yamimash
1053,-1.0,0,0,0,1,0,-1,1,0,1,0,0,0,-1,0,Yamimash
1054,-1.0,1,1,1,0,1,0,-1,0,0,-1,0,1,-1,0,Yamimash
1055,-1.0,1,1,0,1,0,0,-1,0,0,0,0,1,0,0,Yamimash
1056,-1.0,0,0,0,1,-1,0,0,0,1,-1,0,1,0,0,Yamimash
1057,-1.0,-1,0,0,0,-1,-1,1,0,1,0,0,-1,0,0,Yamimash
1058,-1.0,1,0,0,0,1,1,-1,0,-1,0,0,1,0,0,Yamimash
1059,-1.0,0,1,0,1,1,-1,0,0,0,0,0,1,0,0,Yamimash
1060,-1.0,-1,-1,-1,0,-1,0,1,0,0,1,0,-1,0,0,Yamimash
1061,-1.0,1,1,0,0,0,0,0,0,0,0,-1,1,0,0,Yamimash
1062,-1.0,1,1,0,0,0,0,-1,0,0,0,-1,1,0,0,Yamimash
1063,-1.0,-1,-1,1,1,0,0,1,0,0,0,0,-1,0,0,Yamimash
1064,-1.0,1,0,0,0,0,1,0,0,0,-1,0,0,-1,0,Yamimash
1065,-1.0,1,0,0,0,0,1,0,-1,0,0,-1,0,-1,0,Yamimash
1066,-1.0,0,0,0,0,0,-1,0,1,0,0,1,0,0,0,Yamimash
1067,-1.0,1,0,0,0,0,1,0,0,0,0,0,0,0,0,Yamimash
1068,-1.0,0,0,1,1,0,0,0,0,0,0,0,1,0,0,Yamimash
1069,-1.0,1,0,0,0,0,1,0,-1,0,0,-1,0,-1,0,Yamimash
1070,-1.0,-1,0,0,0,0,0,0,-1,0,0,-1,0,-1,0,Yamimash
1071,-1.0,0,0,0,0,0,1,0,-1,0,0,-1,0,0,0,Yamimash
1072,-1.0,-1,0,0,0,0,0,0,-1,0,0,-1,0,0,0,Yamimash
1073,-1.0,-1,0,0,0,0,-1,0,0,0,0,0,0,-1,0,Yamimash
1074,-1.0,1,0,0,0,0,1,0,0,0,0,0,0,0,0,Yamimash
1075,-1.0,-1,0,0,0,0,-1,0,1,0,0,0,0,0,0,Yamimash
1076,-1.0,-1,0,0,0,0,1,0,-1,0,0,-1,0,0,0,Yamimash
1077,-1.0,0,0,0,0,0,0,0,0,0,0,0,0,0,0,Yamimash
1078,-1.0,-1,0,0,0,0,0,0,-1,0,0,-1,0,0,0,Yamimash
1079,-1.0,-1,0,0,0,0,1,0,-1,0,0,-1,0,0,0,Yamimash
1080,-1.0,0,0,0,0,0,-1,0,0,0,0,0,0,0,0,Yamimash
1081,-1.0,-1,0,0,0,0,-1,0,0,0,0,0,0,-1,0,Yamimash
1082,-1.0,1,1,1,0,1,0,-1,0,0,-1,0,1,-1,0,Yamimash
1083,-1.0,-1,0,0,0,0,1,0,-1,0,0,-1,0,0,0,Yamimash
1084,-1.0,-1,0,0,0,0,-1,0,0,0,0,0,0,-1,0,Yamimash
1085,-1.0,1,1,0,0,0,0,0,0,0,0,-1,1,0,0,Yamimash
1086,-1.0,1,0,0,0,0,1,0,-1,0,0,-1,0,-1,0,Yamimash
1087,-1.0,0,0,0,1,0,-1,1,0,1,0,0,0,-1,0,Yamimash
1088,-1.0,-1,0,0,0,0,-1,0,1,0,0,0,0,0,0,Yamimash
1089,-1.0,0,1,0,1,1,-1,0,0,0,0,0,1,0,0,Yamimash
1090,-1.0,0,0,0,0,0,0,0,0,0,0,0,0,0,0,Yamimash
1091,-1.0,1,1,0,0,0,0,0,0,0,0,-1,1,0,0,Yamimash
