,Surprise_FACE,Area_size,Ceiling_height,Light_contrast,Light_levels,Light_temperature,Blocked_path,Empty_room,Hiding_place,Interior_arrangement,Triggers_present,Battery_present,Note_present,Event,Cutscene,Channel_id
0,1.0,0,0,0,-1,0,-1,0,0,1,-1,1,0,0,0,AngelAlyx
1,1.0,0,0,0,-1,1,-1,0,0,1,-1,0,1,0,0,AngelAlyx
2,1.0,1,0,-1,0,0,-1,0,0,0,0,0,0,0,0,AngelAlyx
3,1.0,-1,-1,-1,-1,0,0,1,0,1,0,0,0,1,0,AngelAlyx
4,1.0,0,0,1,1,0,0,0,0,0,0,0,-1,0,1,AngelAlyx
5,1.0,-1,0,0,1,0,-1,0,0,0,0,0,1,0,0,AngelAlyx
6,1.0,1,0,1,-1,0,0,-1,0,0,0,0,0,0,0,AngelAlyx
7,1.0,1,0,0,0,1,1,-1,0,-1,0,0,1,0,0,AngelAlyx
8,1.0,-1,-1,-1,0,-1,0,1,0,0,1,0,-1,1,0,AngelAlyx
9,1.0,0,0,0,0,0,0,0,-1,0,0,0,1,1,0,AngelAlyx
10,1.0,-1,0,0,0,0,-1,0,1,0,0,0,0,1,0,AngelAlyx
11,1.0,-1,0,0,0,0,-1,0,0,0,0,-1,1,0,0,AngelAlyx
12,1.0,1,0,0,0,0,-1,0,1,0,0,1,0,0,0,AngelAlyx
13,1.0,0,0,0,0,0,-1,0,1,0,0,1,0,1,0,AngelAlyx
14,1.0,1,0,0,0,0,-1,0,1,0,0,1,0,0,0,AngelAlyx
15,1.0,1,0,0,0,0,0,0,1,0,0,1,0,0,0,AngelAlyx
16,1.0,1,0,0,0,0,1,0,0,0,0,0,0,0,0,AngelAlyx
17,1.0,0,0,0,-1,0,-1,0,0,1,-1,1,0,0,0,AngelAlyx
18,1.0,-1,0,0,0,0,-1,0,0,0,0,-1,1,0,0,AngelAlyx
19,1.0,1,0,0,0,1,1,-1,0,-1,0,0,1,0,0,AngelAlyx
20,1.0,1,0,1,-1,0,0,-1,0,0,0,0,0,0,0,AngelAlyx
21,1.0,0,0,0,-1,0,-1,0,0,1,-1,1,0,0,0,AngelAlyx
22,1.0,1,0,-1,0,0,-1,0,0,0,0,0,0,0,0,AngelAlyx
23,1.0,-1,-1,-1,-1,0,0,1,0,1,0,0,0,1,0,AngelAlyx
24,1.0,1,0,0,0,1,1,-1,0,-1,0,0,1,0,0,AngelAlyx
25,-1.0,1,0,-1,-1,0,-1,0,0,1,0,0,0,1,0,AngelAlyx
26,-1.0,0,0,0,1,0,1,0,0,-1,1,-1,0,0,0,AngelAlyx
27,-1.0,0,0,0,1,-1,1,0,0,-1,1,0,-1,1,0,AngelAlyx
28,-1.0,-1,0,1,0,0,1,0,0,0,0,0,0,-1,0,AngelAlyx
29,-1.0,1,1,1,1,0,1,-1,0,-1,-1,0,0,0,0,AngelAlyx
30,-1.0,0,-1,0,-1,-1,1,0,0,0,0,0,-1,0,0,AngelAlyx
31,-1.0,0,0,0,-1,1,0,0,0,-1,1,0,-1,0,0,AngelAlyx
32,-1.0,-1,0,0,0,-1,-1,1,0,1,0,0,-1,0,0,AngelAlyx
33,-1.0,-1,0,-1,1,0,0,1,0,0,0,0,0,0,0,AngelAlyx
34,-1.0,-1,0,1,-1,0,-1,0,0,0,1,0,-1,1,0,AngelAlyx
35,-1.0,-1,0,0,0,0,0,-1,0,0,-1,0,1,-1,0,AngelAlyx
36,-1.0,1,0,0,0,0,0,1,0,0,1,0,-1,0,0,AngelAlyx
37,-1.0,0,0,0,-1,0,1,-1,0,-1,0,0,0,0,0,AngelAlyx
38,-1.0,0,0,0,1,0,-1,1,0,1,0,0,0,0,0,AngelAlyx
39,-1.0,1,0,-1,-1,0,0,1,-1,0,0,0,0,-1,-1,AngelAlyx
40,-1.0,1,0,-1,-1,0,0,0,0,0,1,0,-1,-1,0,AngelAlyx
41,-1.0,1,0,0,0,0,1,0,-1,0,0,0,0,-1,0,AngelAlyx
42,-1.0,0,0,0,0,0,0,0,1,0,0,0,-1,0,0,AngelAlyx
43,-1.0,-1,0,0,0,0,1,0,-1,0,0,-1,0,0,0,AngelAlyx
44,-1.0,0,0,0,0,0,1,0,-1,0,0,-1,0,-1,0,AngelAlyx
45,-1.0,0,0,0,0,0,0,0,0,0,0,0,0,0,0,AngelAlyx
46,-1.0,-1,0,0,0,0,0,0,0,0,0,-1,0,0,0,AngelAlyx
47,-1.0,-1,0,0,0,0,0,0,-1,0,0,-1,0,1,0,AngelAlyx
48,-1.0,0,0,0,0,0,-1,0,0,0,0,0,0,0,0,AngelAlyx
49,-1.0,-1,0,0,0,0,-1,0,0,0,1,0,0,0,0,AngelAlyx
50,1.0,1,0,-1,-1,0,-1,0,0,1,0,0,0,1,0,Anida
51,1.0,0,0,0,-1,1,-1,0,0,1,-1,0,1,0,0,Anida
52,1.0,-1,-1,-1,-1,0,0,1,0,1,0,0,0,0,0,Anida
53,1.0,1,1,1,1,0,1,-1,0,-1,-1,0,0,0,0,Anida
54,1.0,0,0,-1,-1,0,0,0,0,0,1,0,1,0,0,Anida
55,1.0,-1,0,0,-1,0,0,-1,0,0,0,0,0,0,0,Anida
56,1.0,0,0,1,1,0,1,-1,0,-1,1,0,0,1,1,Anida
57,1.0,1,1,1,0,1,0,-1,0,0,0,-1,1,0,0,Anida
58,1.0,1,1,1,1,0,0,0,0,0,0,-1,1,0,0,Anida
59,1.0,-1,0,0,1,0,-1,0,0,0,0,0,1,0,0,Anida
60,1.0,1,0,1,-1,0,0,-1,0,0,0,0,0,0,0,Anida
61,1.0,-1,0,1,-1,0,-1,0,0,0,1,0,-1,1,0,Anida
62,1.0,0,1,0,1,1,-1,0,0,0,0,0,1,1,0,Anida
63,1.0,-1,0,0,0,0,0,-1,1,0,0,0,0,1,1,Anida
64,1.0,0,0,0,0,0,0,-1,0,0,-1,0,1,0,0,Anida
65,1.0,1,1,0,0,0,0,-1,0,0,-1,0,1,0,0,Anida
66,1.0,0,0,0,0,0,0,0,-1,0,0,0,1,0,0,Anida
67,1.0,-1,0,0,0,0,-1,0,1,0,0,1,0,0,0,Anida
68,1.0,1,0,0,0,0,0,0,1,0,0,1,0,1,0,Anida
69,1.0,0,0,0,0,0,-1,0,1,0,0,1,0,0,0,Anida
70,1.0,0,0,0,0,0,0,0,0,0,0,0,0,0,0,Anida
71,1.0,1,0,0,0,0,0,0,1,0,0,1,0,1,0,Anida
72,1.0,0,0,0,0,0,-1,0,1,0,0,0,0,0,0,Anida
73,1.0,-1,0,0,0,0,-1,0,1,0,0,0,0,0,0,Anida
74,1.0,0,0,0,0,0,0,1,-1,1,0,0,0,0,0,Anida
75,1.0,-1,0,0,0,0,0,-1,1,0,0,0,0,0,0,Anida
76,1.0,1,0,0,0,0,0,0,1,0,0,1,0,1,0,Anida
77,1.0,0,0,0,0,0,-1,0,1,0,0,1,0,0,0,Anida
78,1.0,-1,-1,-1,-1,0,0,1,0,1,0,0,0,0,0,Anida
79,1.0,0,0,0,0,0,0,0,0,0,0,0,0,0,0,Anida
80,1.0,1,1,0,0,0,0,-1,0,0,-1,0,1,0,0,Anida
81,1.0,0,0,0,0,0,-1,0,1,0,0,1,0,0,0,Anida
82,1.0,-1,0,0,1,0,-1,0,0,0,0,0,1,0,0,Anida
83,-1.0,-1,0,1,1,0,0,0,0,0,0,0,0,-1,0,Anida
84,-1.0,-1,0,1,1,0,1,0,0,-1,0,0,0,-1,0,Anida
85,-1.0,0,0,0,-1,0,-1,0,0,1,-1,1,0,0,0,Anida
86,-1.0,0,0,0,1,0,1,0,0,-1,1,-1,0,0,0,Anida
87,-1.0,0,0,0,1,-1,1,0,0,-1,1,0,-1,1,0,Anida
88,-1.0,1,0,-1,0,0,-1,0,0,0,0,0,0,-1,0,Anida
89,-1.0,0,0,1,1,0,0,0,0,0,0,0,-1,-1,0,Anida
90,-1.0,1,0,0,1,0,0,1,0,0,0,0,0,0,0,Anida
91,-1.0,1,1,1,0,0,-1,0,0,1,-1,0,1,-1,-1,Anida
92,-1.0,-1,-1,-1,0,-1,0,1,0,0,0,1,-1,0,0,Anida
93,-1.0,-1,-1,-1,-1,0,0,0,0,0,0,1,-1,0,0,Anida
94,-1.0,0,-1,0,-1,-1,1,0,0,0,0,0,-1,0,0,Anida
95,-1.0,0,0,0,-1,1,0,0,0,-1,1,0,-1,0,0,Anida
96,-1.0,1,0,-1,1,0,1,0,0,0,-1,0,1,0,0,Anida
97,-1.0,-1,0,0,0,-1,-1,1,0,1,0,0,-1,0,0,Anida
98,-1.0,-1,0,-1,1,0,0,1,0,0,0,0,0,0,0,Anida
99,-1.0,0,0,0,1,-1,0,0,0,1,-1,0,1,-1,0,Anida
100,-1.0,-1,-1,0,-1,0,0,1,0,0,0,0,-1,-1,0,Anida
101,-1.0,1,1,0,1,0,0,-1,0,0,0,0,1,0,0,Anida
102,-1.0,-1,-1,-1,0,-1,0,1,0,0,1,0,-1,1,0,Anida
103,-1.0,1,0,-1,-1,0,0,1,-1,0,0,0,0,-1,-1,Anida
104,-1.0,0,0,0,0,0,0,1,0,0,1,0,-1,0,0,Anida
105,-1.0,-1,-1,1,1,0,0,1,0,0,0,0,-1,0,0,Anida
106,-1.0,0,0,0,0,0,0,-1,1,-1,0,0,0,0,0,Anida
107,-1.0,0,0,-1,-1,0,-1,0,0,0,1,-1,0,-1,0,Anida
108,-1.0,1,0,0,0,0,1,0,-1,0,0,-1,0,1,0,Anida
109,-1.0,-1,0,0,0,0,1,0,-1,0,0,-1,0,-1,0,Anida
110,-1.0,0,0,0,0,0,1,0,-1,0,0,-1,0,0,0,Anida
111,-1.0,-1,0,0,0,0,0,0,-1,0,0,-1,0,-1,0,Anida
112,-1.0,0,0,0,0,0,1,0,-1,0,0,0,0,-1,0,Anida
113,-1.0,1,0,0,0,0,1,0,-1,0,0,0,0,0,0,Anida
114,-1.0,0,0,1,1,0,1,0,0,0,-1,0,0,0,0,Anida
115,-1.0,-1,-1,-1,0,-1,0,1,0,0,1,0,-1,0,0,Anida
116,1.0,1,0,-1,-1,0,-1,0,0,1,0,0,0,1,0,CoryxKenshin
117,1.0,-1,0,1,1,0,1,0,0,-1,0,0,0,-1,0,CoryxKenshin
118,1.0,0,0,0,-1,1,-1,0,0,1,-1,0,1,0,0,CoryxKenshin
119,1.0,1,0,-1,0,0,-1,0,0,0,0,0,0,0,0,CoryxKenshin
120,1.0,-1,-1,-1,-1,0,0,1,0,1,0,0,0,1,0,CoryxKenshin
121,1.0,0,0,-1,-1,0,0,0,0,0,1,0,1,0,1,CoryxKenshin
122,1.0,0,-1,0,-1,-1,1,0,0,0,0,0,-1,0,0,CoryxKenshin
123,1.0,1,1,1,0,1,0,-1,0,0,0,-1,1,1,0,CoryxKenshin
124,1.0,1,1,1,0,1,0,-1,0,0,-1,0,1,-1,0,CoryxKenshin
125,1.0,-1,0,0,0,0,0,-1,0,0,-1,0,1,0,0,CoryxKenshin
126,1.0,0,0,0,-1,0,1,-1,0,-1,0,0,0,1,0,CoryxKenshin
127,1.0,0,0,1,-1,1,0,-1,0,0,-1,0,1,0,0,CoryxKenshin
128,1.0,0,0,-1,1,-1,0,1,0,0,1,0,-1,1,0,CoryxKenshin
129,1.0,-1,-1,0,-1,0,0,1,0,0,0,0,-1,0,0,CoryxKenshin
130,1.0,-1,0,0,1,0,-1,0,0,0,0,0,1,0,0,CoryxKenshin
131,1.0,0,0,0,-1,1,0,0,0,-1,1,0,-1,0,0,CoryxKenshin
132,1.0,1,0,1,-1,0,0,-1,0,0,0,0,0,0,0,CoryxKenshin
133,1.0,-1,0,1,-1,0,-1,0,0,0,1,0,-1,1,0,CoryxKenshin
134,1.0,1,0,0,-1,0,1,0,0,0,0,0,-1,0,0,CoryxKenshin
135,1.0,-1,0,0,0,0,0,-1,1,0,0,0,0,1,1,CoryxKenshin
136,1.0,0,0,0,0,0,0,0,-1,0,0,0,1,0,0,CoryxKenshin
137,1.0,0,0,-1,-1,0,-1,0,0,0,1,-1,0,0,0,CoryxKenshin
138,1.0,1,0,0,0,0,1,0,0,0,-1,0,0,0,0,CoryxKenshin
139,1.0,-1,0,0,0,0,-1,0,1,0,0,1,0,1,0,CoryxKenshin
140,1.0,0,0,1,1,0,1,0,0,0,-1,1,0,0,0,CoryxKenshin
141,1.0,-1,0,0,0,0,-1,0,0,0,0,-1,1,0,0,CoryxKenshin
142,1.0,1,0,0,0,0,1,0,0,0,-1,0,0,0,0,CoryxKenshin
143,1.0,0,0,1,1,0,1,0,0,0,-1,1,0,1,0,CoryxKenshin
144,1.0,1,0,0,0,0,1,0,0,0,-1,0,0,-1,0,CoryxKenshin
145,1.0,-1,0,0,0,0,-1,0,1,0,0,1,0,1,0,CoryxKenshin
146,1.0,-1,0,0,0,0,-1,0,0,0,0,0,0,0,0,CoryxKenshin
147,1.0,0,0,0,0,0,-1,0,1,0,0,1,0,0,0,CoryxKenshin
148,1.0,0,0,0,0,0,0,0,0,0,0,0,0,0,0,CoryxKenshin
149,1.0,1,0,0,0,0,0,0,1,0,0,1,0,0,0,CoryxKenshin
150,1.0,-1,0,0,0,0,0,0,-1,0,0,-1,0,1,0,CoryxKenshin
151,1.0,1,0,0,0,0,0,0,1,0,0,1,0,-1,0,CoryxKenshin
152,1.0,0,0,0,0,0,0,0,1,0,0,0,0,-1,0,CoryxKenshin
153,1.0,1,0,0,0,0,0,0,1,0,0,1,0,0,0,CoryxKenshin
154,1.0,0,0,1,1,0,1,0,0,0,-1,1,0,0,0,CoryxKenshin
155,1.0,1,0,0,0,0,1,0,0,0,0,1,-1,0,0,CoryxKenshin
156,1.0,1,0,0,0,0,1,0,0,0,-1,0,0,0,0,CoryxKenshin
157,1.0,1,0,0,0,0,1,0,-1,0,0,0,0,0,0,CoryxKenshin
158,1.0,-1,0,0,0,0,-1,0,1,0,0,1,0,0,0,CoryxKenshin
159,1.0,0,0,0,0,0,0,0,0,0,0,0,0,0,0,CoryxKenshin
160,1.0,0,0,0,0,0,0,0,1,0,0,0,0,0,0,CoryxKenshin
161,1.0,1,0,0,0,0,0,0,1,0,0,1,0,0,0,CoryxKenshin
162,1.0,0,0,0,0,0,0,0,0,0,0,0,0,0,0,CoryxKenshin
163,1.0,1,0,0,0,0,1,0,0,0,0,0,0,1,0,CoryxKenshin
164,1.0,-1,0,0,0,0,-1,0,0,0,0,-1,1,0,0,CoryxKenshin
165,1.0,0,0,0,0,0,0,1,-1,1,0,0,0,0,0,CoryxKenshin
166,-1.0,-1,0,1,1,0,0,0,0,0,0,0,0,-1,0,CoryxKenshin
167,-1.0,0,0,0,1,0,1,0,0,-1,1,-1,0,0,0,CoryxKenshin
168,-1.0,0,0,0,1,-1,1,0,0,-1,1,0,-1,1,0,CoryxKenshin
169,-1.0,-1,0,1,0,0,1,0,0,0,0,0,0,-1,0,CoryxKenshin
170,-1.0,1,1,1,1,0,1,-1,0,-1,-1,0,0,0,0,CoryxKenshin
171,-1.0,1,1,1,1,0,-1,0,0,1,-1,0,0,-1,-1,CoryxKenshin
172,-1.0,-1,-1,-1,0,-1,0,1,0,0,1,0,-1,0,0,CoryxKenshin
173,-1.0,-1,-1,-1,0,-1,0,1,0,0,1,0,-1,0,0,CoryxKenshin
174,-1.0,1,0,0,0,0,0,1,0,0,1,0,-1,0,0,CoryxKenshin
175,-1.0,0,0,0,1,0,-1,1,0,1,0,0,0,-1,0,CoryxKenshin
176,-1.0,0,0,-1,1,-1,0,1,0,0,1,0,-1,0,0,CoryxKenshin
177,-1.0,0,0,1,-1,1,0,-1,0,0,-1,0,1,0,0,CoryxKenshin
178,-1.0,1,1,1,0,1,0,-1,0,0,-1,0,1,-1,0,CoryxKenshin
179,-1.0,0,-1,0,-1,-1,1,0,0,0,0,0,-1,0,0,CoryxKenshin
180,-1.0,1,0,-1,1,0,1,0,0,0,-1,0,1,0,0,CoryxKenshin
181,-1.0,-1,0,0,0,-1,-1,1,0,1,0,0,-1,0,0,CoryxKenshin
182,-1.0,-1,0,-1,1,0,0,1,0,0,0,0,0,0,0,CoryxKenshin
183,-1.0,0,0,0,1,-1,0,0,0,1,-1,0,1,-1,0,CoryxKenshin
184,-1.0,-1,-1,-1,0,-1,0,1,0,0,1,0,-1,0,0,CoryxKenshin
185,-1.0,1,0,-1,-1,0,0,1,-1,0,0,0,0,-1,-1,CoryxKenshin
186,-1.0,1,0,0,0,0,1,0,0,0,0,1,-1,0,0,CoryxKenshin
187,-1.0,1,0,0,0,0,1,0,-1,0,0,-1,0,-1,0,CoryxKenshin
188,-1.0,-1,0,0,0,0,-1,0,0,0,1,0,0,0,0,CoryxKenshin
189,-1.0,1,0,0,0,0,1,0,0,0,0,1,-1,1,0,CoryxKenshin
190,-1.0,0,0,-1,-1,0,-1,0,0,0,1,-1,0,-1,0,CoryxKenshin
191,-1.0,-1,0,0,0,0,-1,0,0,0,1,0,0,0,0,CoryxKenshin
192,-1.0,-1,0,0,0,0,-1,0,0,0,0,-1,1,-1,0,CoryxKenshin
193,-1.0,1,0,0,0,0,1,0,0,0,0,1,-1,0,0,CoryxKenshin
194,-1.0,0,0,-1,-1,0,-1,0,0,0,1,-1,0,1,0,CoryxKenshin
195,-1.0,1,0,0,0,0,1,0,-1,0,0,-1,0,-1,0,CoryxKenshin
196,-1.0,0,0,0,0,0,1,0,0,0,0,0,0,0,0,CoryxKenshin
197,-1.0,0,0,0,0,0,1,0,-1,0,0,-1,0,0,0,CoryxKenshin
198,-1.0,-1,0,0,0,0,0,0,-1,0,0,-1,0,1,0,CoryxKenshin
199,-1.0,0,0,0,0,0,0,0,-1,0,0,0,0,0,0,CoryxKenshin
200,-1.0,1,0,0,0,0,0,0,-1,0,0,-1,0,1,0,CoryxKenshin
201,-1.0,-1,0,0,0,0,-1,0,0,0,0,-1,1,0,0,CoryxKenshin
202,-1.0,0,0,-1,-1,0,-1,0,0,0,1,-1,0,0,0,CoryxKenshin
203,-1.0,-1,0,0,0,0,-1,0,1,0,0,0,0,0,0,CoryxKenshin
204,-1.0,0,0,0,0,0,0,0,-1,0,0,-1,0,1,0,CoryxKenshin
205,-1.0,0,0,0,0,0,0,0,-1,0,0,0,0,0,0,CoryxKenshin
206,-1.0,1,0,0,0,0,0,0,1,0,0,1,0,-1,0,CoryxKenshin
207,-1.0,-1,0,0,0,0,0,0,-1,0,0,-1,0,0,0,CoryxKenshin
208,-1.0,0,0,0,0,0,-1,0,0,0,0,0,0,0,0,CoryxKenshin
209,-1.0,-1,0,0,0,0,-1,0,0,0,1,0,0,-1,0,CoryxKenshin
210,-1.0,0,0,1,1,0,1,0,0,0,-1,1,0,0,0,CoryxKenshin
211,-1.0,0,0,0,0,0,0,0,1,0,0,0,-1,0,0,CoryxKenshin
212,-1.0,1,1,0,1,0,0,-1,0,0,0,0,1,0,0,CoryxKenshin
213,-1.0,-1,0,0,0,0,0,-1,1,0,0,0,0,0,0,CoryxKenshin
214,-1.0,1,0,-1,1,0,1,0,0,0,-1,0,1,0,0,CoryxKenshin
215,-1.0,1,1,1,1,0,1,-1,0,-1,-1,0,0,0,0,CoryxKenshin
216,1.0,1,0,-1,-1,0,-1,0,0,1,0,0,0,1,0,DeadMeat
217,1.0,0,0,0,-1,1,-1,0,0,1,-1,0,1,0,0,DeadMeat
218,1.0,0,0,0,1,-1,1,0,0,-1,1,0,-1,1,0,DeadMeat
219,1.0,-1,-1,-1,-1,0,0,1,0,1,0,0,0,1,0,DeadMeat
220,1.0,0,0,-1,-1,0,0,0,0,0,1,0,1,0,0,DeadMeat
221,1.0,-1,0,0,-1,0,0,-1,0,0,0,0,0,0,0,DeadMeat
222,1.0,1,0,0,1,0,0,1,0,0,0,0,0,0,0,DeadMeat
223,1.0,-1,0,0,-1,0,0,-1,0,0,0,0,0,0,0,DeadMeat
224,1.0,1,0,0,1,0,0,1,0,0,0,0,0,0,0,DeadMeat
225,1.0,0,0,1,1,0,1,-1,0,-1,1,0,0,1,1,DeadMeat
226,1.0,-1,0,0,1,0,-1,0,0,0,0,0,1,1,0,DeadMeat
227,1.0,1,0,-1,1,0,1,0,0,0,-1,0,1,0,0,DeadMeat
228,1.0,1,0,1,-1,0,0,-1,0,0,0,0,0,0,0,DeadMeat
229,1.0,-1,0,1,-1,0,-1,0,0,0,1,0,-1,1,0,DeadMeat
230,1.0,0,1,0,1,1,-1,0,0,0,0,0,1,0,0,DeadMeat
231,1.0,1,1,1,1,0,0,0,0,0,0,-1,1,1,0,DeadMeat
232,1.0,-1,0,0,0,0,0,-1,0,0,-1,0,1,0,0,DeadMeat
233,1.0,0,0,0,0,0,0,0,0,0,0,0,0,0,0,DeadMeat
234,1.0,1,0,0,0,0,0,1,0,0,1,0,-1,0,0,DeadMeat
235,1.0,-1,0,0,0,0,0,-1,1,0,0,0,0,1,1,DeadMeat
236,1.0,0,0,0,0,0,0,-1,0,0,-1,0,1,0,0,DeadMeat
237,1.0,0,0,0,0,0,0,1,0,0,1,0,-1,0,0,DeadMeat
238,1.0,-1,-1,1,1,0,0,1,0,0,0,0,-1,0,0,DeadMeat
239,1.0,0,0,0,0,0,0,0,-1,0,0,0,1,1,0,DeadMeat
240,1.0,1,-1,-1,-1,0,1,-1,0,-1,0,0,0,-1,0,DeadMeat
241,1.0,-1,0,0,0,0,-1,0,1,0,0,1,0,0,0,DeadMeat
242,1.0,-1,0,0,0,0,-1,0,1,0,0,1,0,1,0,DeadMeat
243,1.0,-1,0,0,0,0,-1,0,1,0,0,0,0,-1,0,DeadMeat
244,1.0,-1,0,0,0,0,-1,0,1,0,0,1,0,0,0,DeadMeat
245,1.0,0,0,1,1,0,1,0,0,0,-1,1,0,0,0,DeadMeat
246,1.0,0,0,0,0,0,0,1,-1,1,0,0,0,0,0,DeadMeat
247,1.0,0,0,-1,-1,0,-1,0,0,0,1,-1,0,0,0,DeadMeat
248,1.0,1,0,0,0,0,1,0,0,0,-1,0,0,0,0,DeadMeat
249,1.0,0,0,0,0,0,1,0,0,0,0,0,0,-1,0,DeadMeat
250,1.0,0,0,0,0,0,0,0,1,0,0,0,0,0,0,DeadMeat
251,1.0,1,0,0,0,0,1,0,0,0,0,1,-1,1,0,DeadMeat
252,1.0,1,0,0,0,0,1,0,0,0,-1,0,0,-1,0,DeadMeat
253,1.0,0,0,0,0,0,0,0,0,0,0,1,0,1,0,DeadMeat
254,1.0,0,0,0,0,0,1,0,0,0,0,0,0,0,0,DeadMeat
255,1.0,1,0,0,0,0,-1,0,1,0,0,1,0,1,0,DeadMeat
256,1.0,1,0,0,0,0,-1,0,1,0,0,1,0,0,0,DeadMeat
257,1.0,-1,0,0,0,0,1,0,-1,0,0,-1,0,0,0,DeadMeat
258,1.0,1,0,0,0,0,1,0,0,0,0,1,-1,1,0,DeadMeat
259,1.0,1,0,0,0,0,1,0,0,0,-1,0,0,-1,0,DeadMeat
260,1.0,-1,0,0,0,0,-1,0,1,0,0,0,0,1,0,DeadMeat
261,1.0,1,0,0,0,0,1,0,-1,0,0,0,0,0,0,DeadMeat
262,1.0,-1,0,0,0,0,-1,0,0,0,0,-1,1,0,0,DeadMeat
263,1.0,1,0,0,0,0,1,0,0,0,0,1,-1,0,0,DeadMeat
264,1.0,0,0,-1,-1,0,-1,0,0,0,1,-1,0,1,0,DeadMeat
265,1.0,-1,0,0,0,0,-1,0,0,0,0,-1,1,1,0,DeadMeat
266,1.0,0,0,0,0,0,0,0,1,0,0,0,-1,-1,0,DeadMeat
267,1.0,0,0,-1,-1,0,-1,0,0,0,1,-1,0,0,0,DeadMeat
268,1.0,0,0,0,0,0,1,0,0,0,0,0,0,0,0,DeadMeat
269,1.0,0,0,0,0,0,-1,0,1,0,0,1,0,0,0,DeadMeat
270,1.0,0,0,0,0,0,0,0,0,0,0,0,0,0,0,DeadMeat
271,1.0,-1,0,0,0,0,0,0,-1,0,0,-1,0,1,0,DeadMeat
272,1.0,1,0,0,0,0,0,0,1,0,0,1,0,-1,0,DeadMeat
273,1.0,0,0,0,0,0,0,0,-1,0,0,0,0,0,0,DeadMeat
274,1.0,0,0,0,0,0,0,0,0,0,0,0,0,0,0,DeadMeat
275,1.0,1,0,0,0,0,1,0,0,0,0,0,0,0,0,DeadMeat
276,1.0,0,0,1,1,0,1,0,0,0,-1,1,0,0,0,DeadMeat
277,1.0,-1,0,0,0,0,-1,0,0,0,0,-1,1,0,0,DeadMeat
278,1.0,0,0,0,0,0,0,0,1,0,0,0,-1,0,0,DeadMeat
279,1.0,-1,-1,-1,0,-1,0,1,0,0,1,0,-1,0,0,DeadMeat
280,-1.0,-1,0,1,1,0,0,0,0,0,0,0,0,-1,0,DeadMeat
281,-1.0,-1,0,1,1,0,1,0,0,-1,0,0,0,-1,0,DeadMeat
282,-1.0,1,0,-1,0,0,-1,0,0,0,0,0,0,0,0,DeadMeat
283,-1.0,1,1,1,1,0,1,-1,0,-1,-1,0,0,-1,0,DeadMeat
284,-1.0,0,0,1,1,0,0,0,0,0,0,0,-1,0,0,DeadMeat
285,-1.0,0,0,-1,-1,0,-1,1,0,1,-1,0,0,-1,0,DeadMeat
286,-1.0,0,0,1,1,0,1,-1,0,-1,1,0,0,0,0,DeadMeat
287,-1.0,0,0,-1,-1,0,-1,1,0,1,-1,0,0,0,0,DeadMeat
288,-1.0,1,1,1,0,0,-1,0,0,1,-1,0,1,0,-1,DeadMeat
289,-1.0,0,-1,0,-1,-1,1,0,0,0,0,0,-1,-1,0,DeadMeat
290,-1.0,0,0,0,-1,1,0,0,0,-1,1,0,-1,-1,0,DeadMeat
291,-1.0,-1,0,0,0,-1,-1,1,0,1,0,0,-1,0,0,DeadMeat
292,-1.0,-1,0,-1,1,0,0,1,0,0,0,0,0,0,0,DeadMeat
293,-1.0,0,0,0,1,-1,0,0,0,1,-1,0,1,-1,0,DeadMeat
294,-1.0,-1,-1,-1,-1,0,0,0,0,0,0,1,-1,0,0,DeadMeat
295,-1.0,-1,-1,-1,0,-1,0,1,0,0,1,0,-1,-1,0,DeadMeat
296,-1.0,0,0,0,-1,0,1,-1,0,-1,0,0,0,-1,0,DeadMeat
297,-1.0,0,0,0,1,0,-1,1,0,1,0,0,0,0,0,DeadMeat
298,-1.0,1,0,0,0,0,0,1,0,0,1,0,-1,0,0,DeadMeat
299,-1.0,-1,0,0,0,0,0,-1,0,0,-1,0,1,0,0,DeadMeat
300,-1.0,1,0,-1,-1,0,0,1,-1,0,0,0,0,-1,-1,DeadMeat
301,-1.0,1,1,0,0,0,0,-1,0,0,-1,0,1,0,0,DeadMeat
302,-1.0,0,0,0,0,0,0,-1,1,-1,0,0,0,0,0,DeadMeat
303,-1.0,1,0,0,0,0,1,0,0,0,0,1,-1,0,0,DeadMeat
304,-1.0,-1,1,-1,1,-1,-1,1,0,1,0,-1,0,0,0,DeadMeat
305,-1.0,-1,0,0,0,0,-1,0,1,0,0,1,0,0,0,DeadMeat
306,-1.0,1,0,0,0,0,1,0,-1,0,0,-1,0,1,0,DeadMeat
307,-1.0,1,0,0,0,0,1,0,-1,0,0,-1,0,-1,0,DeadMeat
308,-1.0,1,0,0,0,0,1,0,-1,0,0,-1,0,0,0,DeadMeat
309,-1.0,1,0,0,0,0,1,0,-1,0,0,0,0,0,0,DeadMeat
310,-1.0,1,0,0,0,0,1,0,-1,0,0,-1,0,0,0,DeadMeat
311,-1.0,-1,0,0,0,0,-1,0,0,0,1,0,0,0,0,DeadMeat
312,-1.0,0,0,0,0,0,0,0,1,0,0,0,-1,0,0,DeadMeat
313,-1.0,0,0,0,0,0,0,-1,1,-1,0,0,0,0,0,DeadMeat
314,-1.0,-1,0,0,0,0,-1,0,0,0,0,0,0,1,0,DeadMeat
315,-1.0,0,0,0,0,0,0,0,0,0,0,0,0,0,0,DeadMeat
316,-1.0,0,0,1,1,0,-1,0,-1,0,0,0,1,0,0,DeadMeat
317,-1.0,-1,0,0,0,0,-1,0,1,0,0,0,0,0,0,DeadMeat
318,-1.0,1,0,0,0,0,1,0,-1,0,0,-1,0,-1,0,DeadMeat
319,-1.0,-1,0,0,0,0,-1,0,0,0,0,0,0,0,0,DeadMeat
320,-1.0,-1,0,0,0,0,1,0,-1,0,0,-1,0,-1,0,DeadMeat
321,-1.0,0,0,1,1,0,0,0,-1,0,0,-1,1,0,0,DeadMeat
322,-1.0,0,0,-1,-1,0,-1,0,0,0,1,-1,0,0,0,DeadMeat
323,-1.0,-1,0,0,0,0,-1,0,1,0,0,1,0,0,0,DeadMeat
324,-1.0,1,0,0,0,0,1,0,-1,0,0,-1,0,0,0,DeadMeat
325,-1.0,-1,0,0,0,0,-1,0,0,0,1,0,0,-1,0,DeadMeat
326,-1.0,0,0,1,1,0,1,0,0,0,-1,1,0,0,0,DeadMeat
327,-1.0,0,0,0,0,0,0,0,1,0,0,0,-1,0,0,DeadMeat
328,-1.0,0,0,0,0,0,0,0,-1,0,0,0,1,0,0,DeadMeat
329,-1.0,0,0,1,1,0,1,0,0,0,-1,1,0,-1,0,DeadMeat
330,-1.0,0,0,0,0,0,0,0,-1,0,0,0,1,0,0,DeadMeat
331,-1.0,1,0,0,0,0,1,0,0,0,0,1,-1,0,0,DeadMeat
332,-1.0,-1,0,0,0,0,-1,0,0,0,0,0,0,0,0,DeadMeat
333,-1.0,0,0,0,0,0,1,0,-1,0,0,-1,0,0,0,DeadMeat
334,-1.0,1,0,0,0,0,0,0,1,0,0,1,0,0,0,DeadMeat
335,-1.0,-1,0,0,0,0,0,0,-1,0,0,-1,0,1,0,DeadMeat
336,-1.0,0,0,0,0,0,0,0,1,0,0,0,0,-1,0,DeadMeat
337,-1.0,0,0,0,0,0,-1,0,0,0,0,0,0,0,0,DeadMeat
338,-1.0,-1,0,0,0,0,-1,0,0,0,1,0,0,0,0,DeadMeat
339,-1.0,0,0,0,0,0,0,1,-1,1,0,0,0,0,0,DeadMeat
340,-1.0,-1,0,0,0,0,0,-1,1,0,0,0,0,0,0,DeadMeat
341,-1.0,0,0,1,1,0,1,0,0,0,-1,1,0,0,0,DeadMeat
342,-1.0,-1,0,0,0,0,1,0,-1,0,0,-1,0,-1,0,DeadMeat
343,-1.0,1,0,0,0,0,1,0,0,0,0,1,-1,0,0,DeadMeat
344,1.0,0,0,0,-1,1,-1,0,0,1,-1,0,1,0,0,HollowPoiint
345,1.0,1,1,1,1,0,1,-1,0,-1,-1,0,0,0,0,HollowPoiint
346,1.0,0,0,1,1,0,1,-1,0,-1,1,0,0,1,1,HollowPoiint
347,1.0,-1,0,0,1,0,-1,0,0,0,0,0,1,0,0,HollowPoiint
348,1.0,1,0,-1,1,0,1,0,0,0,-1,0,1,0,0,HollowPoiint
349,1.0,1,0,1,-1,0,0,-1,0,0,0,0,0,0,0,HollowPoiint
350,1.0,-1,0,1,-1,0,-1,0,0,0,1,0,-1,1,0,HollowPoiint
351,1.0,0,1,0,1,1,-1,0,0,0,0,0,1,0,0,HollowPoiint
352,1.0,0,0,0,-1,0,1,-1,0,-1,0,0,0,1,0,HollowPoiint
353,1.0,-1,0,0,0,0,0,-1,1,0,0,0,0,1,1,HollowPoiint
354,1.0,0,0,0,0,0,0,-1,1,-1,0,0,0,0,0,HollowPoiint
355,1.0,0,0,0,0,0,0,0,-1,0,0,0,1,0,0,HollowPoiint
356,1.0,-1,0,0,0,0,-1,0,1,0,0,1,0,0,0,HollowPoiint
357,1.0,-1,0,0,0,0,0,0,-1,0,0,-1,0,1,0,HollowPoiint
358,1.0,0,0,0,0,0,0,0,0,0,0,0,0,1,0,HollowPoiint
359,1.0,1,0,0,0,0,0,0,1,0,0,1,0,-1,0,HollowPoiint
360,1.0,-1,0,0,0,0,0,-1,1,0,0,0,0,0,0,HollowPoiint
361,1.0,1,0,-1,1,0,1,0,0,0,-1,0,1,0,0,HollowPoiint
362,1.0,-1,0,0,0,0,-1,0,1,0,0,1,0,0,0,HollowPoiint
363,1.0,0,0,0,-1,1,-1,0,0,1,-1,0,1,0,0,HollowPoiint
364,-1.0,0,0,0,1,-1,1,0,0,-1,1,0,-1,1,0,HollowPoiint
365,-1.0,1,0,-1,0,0,-1,0,0,0,0,0,0,-1,0,HollowPoiint
366,-1.0,0,0,-1,-1,0,0,0,0,0,1,0,1,0,0,HollowPoiint
367,-1.0,0,0,1,1,0,0,0,0,0,-1,0,-1,-1,0,HollowPoiint
368,-1.0,1,1,1,0,0,-1,0,0,1,-1,0,1,-1,-1,HollowPoiint
369,-1.0,0,-1,0,-1,-1,1,0,0,0,0,0,-1,0,0,HollowPoiint
370,-1.0,0,0,0,-1,1,0,0,0,-1,1,0,-1,0,0,HollowPoiint
371,-1.0,-1,0,0,0,-1,-1,1,0,1,0,0,-1,0,0,HollowPoiint
372,-1.0,-1,0,-1,1,0,0,1,0,0,0,0,0,0,0,HollowPoiint
373,-1.0,0,0,0,1,-1,0,0,0,1,-1,0,1,-1,0,HollowPoiint
374,-1.0,-1,-1,-1,0,-1,0,1,0,0,1,0,-1,1,0,HollowPoiint
375,-1.0,0,0,0,1,0,-1,1,0,1,0,0,0,-1,0,HollowPoiint
376,-1.0,1,0,-1,-1,0,0,1,-1,0,0,0,0,-1,-1,HollowPoiint
377,-1.0,1,0,0,0,0,1,0,0,0,0,1,-1,0,0,HollowPoiint
378,-1.0,1,0,0,0,0,1,0,-1,0,0,-1,0,-1,0,HollowPoiint
379,-1.0,0,0,0,0,0,1,0,-1,0,0,-1,0,0,0,HollowPoiint
380,-1.0,0,0,0,0,0,0,0,0,0,0,0,0,0,0,HollowPoiint
381,-1.0,-1,0,0,0,0,-1,0,0,0,0,0,0,-1,0,HollowPoiint
382,-1.0,-1,0,0,0,0,-1,0,0,0,0,-1,0,1,0,HollowPoiint
383,-1.0,1,0,0,0,0,1,0,-1,0,0,0,0,-1,0,HollowPoiint
384,1.0,1,0,-1,-1,0,-1,0,0,1,0,0,0,1,0,Jacksepticeye
385,1.0,0,0,0,1,0,1,0,0,-1,1,-1,0,0,0,Jacksepticeye
386,1.0,0,0,0,-1,1,-1,0,0,1,-1,0,1,0,0,Jacksepticeye
387,1.0,1,0,-1,0,0,-1,0,0,0,0,0,0,0,0,Jacksepticeye
388,1.0,-1,-1,-1,-1,0,0,1,0,1,0,0,0,1,0,Jacksepticeye
389,1.0,0,0,-1,-1,0,0,0,0,0,1,0,1,0,0,Jacksepticeye
390,1.0,0,0,-1,-1,0,-1,1,0,1,-1,0,0,-1,0,Jacksepticeye
391,1.0,0,0,1,1,0,1,-1,0,-1,1,0,0,1,1,Jacksepticeye
392,1.0,0,1,0,1,1,-1,0,0,0,0,0,1,0,0,Jacksepticeye
393,1.0,1,1,1,1,0,0,0,0,0,0,-1,1,1,0,Jacksepticeye
394,1.0,-1,0,0,1,0,-1,0,0,0,0,0,1,1,0,Jacksepticeye
395,1.0,1,0,1,-1,0,0,-1,0,0,0,0,0,0,0,Jacksepticeye
396,1.0,-1,0,1,-1,0,-1,0,0,0,1,0,-1,1,0,Jacksepticeye
397,1.0,1,0,0,-1,0,1,0,0,0,0,0,-1,0,0,Jacksepticeye
398,1.0,0,1,0,1,1,-1,0,0,0,0,0,1,1,0,Jacksepticeye
399,1.0,1,0,1,-1,0,1,-1,0,0,-1,0,0,-1,0,Jacksepticeye
400,1.0,-1,0,0,0,0,0,-1,0,0,-1,0,1,0,0,Jacksepticeye
401,1.0,0,0,0,-1,0,1,-1,0,-1,0,0,0,1,0,Jacksepticeye
402,1.0,-1,0,0,0,0,0,-1,1,0,0,0,0,1,1,Jacksepticeye
403,1.0,0,0,0,0,0,0,-1,0,0,-1,0,1,0,0,Jacksepticeye
404,1.0,1,1,0,0,0,0,-1,0,0,-1,0,1,0,0,Jacksepticeye
405,1.0,0,0,0,0,0,0,0,-1,0,0,0,1,1,0,Jacksepticeye
406,1.0,0,0,-1,-1,0,-1,0,0,0,1,-1,0,0,0,Jacksepticeye
407,1.0,-1,0,0,0,0,-1,0,1,0,0,1,0,1,0,Jacksepticeye
408,1.0,-1,0,0,0,0,-1,0,1,0,0,0,0,0,0,Jacksepticeye
409,1.0,0,0,0,0,0,1,0,0,0,0,0,0,0,0,Jacksepticeye
410,1.0,0,0,0,0,0,-1,0,1,0,0,1,0,1,0,Jacksepticeye
411,1.0,0,0,0,0,0,0,0,0,0,0,0,0,0,0,Jacksepticeye
412,1.0,0,0,0,0,0,0,0,1,0,0,0,0,0,0,Jacksepticeye
413,1.0,1,0,0,0,0,0,0,1,0,0,1,0,1,0,Jacksepticeye
414,1.0,0,0,0,0,0,-1,0,1,0,0,1,0,1,0,Jacksepticeye
415,1.0,1,0,0,0,0,1,0,0,0,0,1,-1,1,0,Jacksepticeye
416,1.0,1,0,0,0,0,1,0,0,0,-1,0,0,-1,0,Jacksepticeye
417,1.0,-1,0,0,0,0,-1,0,1,0,0,0,0,1,0,Jacksepticeye
418,1.0,1,0,0,0,0,1,0,-1,0,0,0,0,0,0,Jacksepticeye
419,1.0,0,0,0,0,0,1,0,0,0,0,0,0,0,0,Jacksepticeye
420,1.0,0,0,0,0,0,0,0,0,0,0,0,0,0,0,Jacksepticeye
421,1.0,1,0,0,0,0,0,0,1,0,0,1,0,1,0,Jacksepticeye
422,1.0,0,0,0,0,0,0,0,0,0,0,0,0,0,0,Jacksepticeye
423,1.0,1,0,0,0,0,1,0,0,0,0,0,0,0,0,Jacksepticeye
424,1.0,0,0,1,1,0,1,0,0,0,-1,1,0,0,0,Jacksepticeye
425,1.0,-1,0,0,0,0,-1,0,0,0,0,-1,1,0,0,Jacksepticeye
426,1.0,1,1,0,1,0,0,-1,0,0,0,0,1,0,0,Jacksepticeye
427,1.0,-1,0,0,0,0,0,-1,0,0,-1,0,1,0,0,Jacksepticeye
428,1.0,-1,0,0,1,0,-1,0,0,0,0,0,1,1,0,Jacksepticeye
429,1.0,0,0,0,0,0,-1,0,1,0,0,1,0,1,0,Jacksepticeye
430,1.0,0,0,1,1,0,1,0,0,0,-1,1,0,0,0,Jacksepticeye
431,-1.0,-1,0,1,1,0,0,0,0,0,0,0,0,-1,0,Jacksepticeye
432,-1.0,0,0,0,-1,0,-1,0,0,1,-1,1,0,0,0,Jacksepticeye
433,-1.0,0,0,0,1,-1,1,0,0,-1,1,0,-1,1,0,Jacksepticeye
434,-1.0,1,0,-1,0,0,-1,0,0,0,0,0,0,0,0,Jacksepticeye
435,-1.0,1,1,1,1,0,1,-1,0,-1,-1,0,0,-1,0,Jacksepticeye
436,-1.0,0,0,1,1,0,0,0,0,0,0,0,-1,0,0,Jacksepticeye
437,-1.0,1,0,0,1,0,0,1,0,0,0,0,0,0,0,Jacksepticeye
438,-1.0,1,1,1,0,0,-1,0,0,1,-1,0,1,-1,-1,Jacksepticeye
439,-1.0,0,-1,0,-1,-1,1,0,0,0,0,0,-1,0,0,Jacksepticeye
440,-1.0,-1,-1,-1,-1,0,0,0,0,0,0,1,-1,0,0,Jacksepticeye
441,-1.0,0,-1,0,-1,-1,1,0,0,0,0,0,-1,-1,0,Jacksepticeye
442,-1.0,0,0,0,-1,1,0,0,0,-1,1,0,-1,-1,0,Jacksepticeye
443,-1.0,1,0,-1,1,0,1,0,0,0,-1,0,1,0,0,Jacksepticeye
444,-1.0,-1,0,0,0,-1,-1,1,0,1,0,0,-1,0,0,Jacksepticeye
445,-1.0,-1,0,-1,1,0,0,1,0,0,0,0,0,0,0,Jacksepticeye
446,-1.0,1,0,0,0,1,1,-1,0,-1,0,0,1,0,0,Jacksepticeye
447,-1.0,0,0,0,1,-1,0,0,0,1,-1,0,1,-1,0,Jacksepticeye
448,-1.0,-1,-1,-1,0,-1,0,1,0,0,1,0,-1,0,0,Jacksepticeye
449,-1.0,-1,0,-1,1,0,-1,1,0,0,1,0,0,0,0,Jacksepticeye
450,-1.0,1,0,0,0,0,0,1,0,0,1,0,-1,0,0,Jacksepticeye
451,-1.0,0,0,0,1,0,-1,1,0,1,0,0,0,-1,0,Jacksepticeye
452,-1.0,1,0,-1,-1,0,0,1,-1,0,0,0,0,-1,-1,Jacksepticeye
453,-1.0,0,0,0,0,0,0,-1,0,0,-1,0,1,0,0,Jacksepticeye
454,-1.0,0,0,0,0,0,0,1,0,0,1,0,-1,0,0,Jacksepticeye
455,-1.0,0,0,0,0,0,0,1,0,0,1,0,-1,0,0,Jacksepticeye
456,-1.0,-1,-1,1,1,0,0,1,0,0,0,0,-1,0,0,Jacksepticeye
457,-1.0,0,0,0,0,0,0,-1,1,-1,0,0,0,0,0,Jacksepticeye
458,-1.0,1,0,0,0,0,1,0,0,0,0,1,-1,0,0,Jacksepticeye
459,-1.0,1,0,0,0,0,1,0,0,0,-1,0,0,-1,0,Jacksepticeye
460,-1.0,1,0,0,0,0,1,0,-1,0,0,-1,0,-1,0,Jacksepticeye
461,-1.0,-1,0,0,0,0,-1,0,0,0,0,0,0,-1,0,Jacksepticeye
462,-1.0,0,0,0,0,0,1,0,-1,0,0,-1,0,-1,0,Jacksepticeye
463,-1.0,0,0,0,0,0,0,0,-1,0,0,0,0,0,0,Jacksepticeye
464,-1.0,-1,0,0,0,0,0,0,-1,0,0,-1,0,-1,0,Jacksepticeye
465,-1.0,0,0,0,0,0,0,0,0,0,0,0,0,0,0,Jacksepticeye
466,-1.0,0,0,1,1,0,0,0,-1,0,0,-1,1,-1,0,Jacksepticeye
467,-1.0,0,0,-1,-1,0,-1,0,0,0,1,-1,0,0,0,Jacksepticeye
468,-1.0,-1,0,0,0,0,-1,0,1,0,0,1,0,0,0,Jacksepticeye
469,-1.0,-1,0,0,0,0,-1,0,0,0,0,0,0,-1,0,Jacksepticeye
470,-1.0,-1,0,0,0,0,0,0,-1,0,0,-1,0,-1,0,Jacksepticeye
471,-1.0,0,0,0,0,0,0,0,0,0,0,0,0,-1,0,Jacksepticeye
472,-1.0,0,0,0,0,0,-1,0,0,0,0,0,0,0,0,Jacksepticeye
473,-1.0,-1,0,0,0,0,-1,0,0,0,1,0,0,0,0,Jacksepticeye
474,-1.0,0,0,0,0,0,0,0,1,0,0,0,-1,0,0,Jacksepticeye
475,-1.0,-1,-1,-1,0,-1,0,1,0,0,1,0,-1,0,0,Jacksepticeye
476,-1.0,1,0,0,0,0,0,1,0,0,1,0,-1,0,0,Jacksepticeye
477,-1.0,-1,0,0,0,0,0,-1,1,0,0,0,0,0,0,Jacksepticeye
478,1.0,1,0,-1,-1,0,-1,0,0,1,0,0,0,1,0,JazzyGuns
479,1.0,0,0,0,1,0,1,0,0,-1,1,-1,0,0,0,JazzyGuns
480,1.0,0,0,0,1,-1,1,0,0,-1,1,0,-1,1,0,JazzyGuns
481,1.0,1,0,-1,0,0,-1,0,0,0,0,0,0,0,0,JazzyGuns
482,1.0,-1,0,0,1,0,-1,0,0,0,0,0,1,0,0,JazzyGuns
483,1.0,0,0,0,-1,1,0,0,0,-1,1,0,-1,0,0,JazzyGuns
484,1.0,-1,-1,-1,0,-1,0,1,0,0,1,0,-1,1,0,JazzyGuns
485,1.0,0,0,0,-1,0,1,-1,0,-1,0,0,0,1,0,JazzyGuns
486,1.0,1,0,0,0,0,0,1,0,0,1,0,-1,1,0,JazzyGuns
487,1.0,1,0,0,0,-1,1,0,0,0,0,0,-1,0,0,JazzyGuns
488,1.0,0,0,0,-1,1,0,0,0,-1,1,0,-1,0,0,JazzyGuns
489,1.0,1,0,1,-1,0,0,-1,0,0,0,0,0,0,0,JazzyGuns
490,1.0,-1,0,1,-1,0,-1,0,0,0,1,0,-1,1,0,JazzyGuns
491,1.0,1,0,0,-1,0,1,0,0,0,0,0,-1,0,0,JazzyGuns
492,1.0,-1,0,0,0,0,0,-1,1,0,0,0,0,1,1,JazzyGuns
493,1.0,-1,-1,1,1,0,0,1,0,0,0,0,-1,0,0,JazzyGuns
494,1.0,1,0,0,0,0,1,0,0,0,0,1,-1,0,0,JazzyGuns
495,1.0,0,0,-1,-1,0,-1,0,0,0,1,-1,0,1,0,JazzyGuns
496,1.0,-1,0,0,0,0,-1,0,1,0,0,0,0,1,0,JazzyGuns
497,1.0,-1,0,0,0,0,0,0,0,0,0,0,0,0,0,JazzyGuns
498,1.0,1,0,0,0,0,0,0,1,0,0,1,0,0,0,JazzyGuns
499,1.0,0,0,0,0,0,0,0,1,0,0,0,0,0,0,JazzyGuns
500,1.0,-1,0,0,0,0,-1,0,1,0,0,1,0,-1,0,JazzyGuns
501,1.0,-1,0,0,0,0,-1,0,0,0,0,0,0,1,0,JazzyGuns
502,1.0,1,0,0,0,0,0,0,1,0,0,1,0,1,0,JazzyGuns
503,1.0,0,0,0,0,0,-1,0,0,0,0,0,0,0,0,JazzyGuns
504,1.0,-1,0,0,0,0,-1,0,1,0,0,1,0,0,0,JazzyGuns
505,1.0,-1,0,0,0,0,-1,0,0,0,0,-1,1,0,0,JazzyGuns
506,1.0,0,0,0,0,0,0,0,1,0,0,0,-1,0,0,JazzyGuns
507,1.0,-1,-1,-1,0,-1,0,1,0,0,1,0,-1,0,0,JazzyGuns
508,1.0,0,0,0,1,-1,1,0,0,-1,1,0,-1,1,0,JazzyGuns
509,1.0,-1,0,1,-1,0,-1,0,0,0,1,0,-1,1,0,JazzyGuns
510,1.0,-1,0,0,0,0,-1,0,0,0,0,0,0,1,0,JazzyGuns
511,1.0,-1,-1,1,1,0,0,1,0,0,0,0,-1,0,0,JazzyGuns
512,-1.0,-1,0,1,1,0,0,0,0,0,0,0,0,-1,0,JazzyGuns
513,-1.0,-1,0,1,1,0,1,0,0,-1,0,0,0,-1,0,JazzyGuns
514,-1.0,0,0,0,-1,1,-1,0,0,1,-1,0,1,0,0,JazzyGuns
515,-1.0,1,1,1,0,0,-1,0,0,1,-1,0,1,-1,-1,JazzyGuns
516,-1.0,-1,-1,-1,-1,0,0,0,0,0,0,1,-1,0,0,JazzyGuns
517,-1.0,0,-1,0,-1,-1,1,0,0,0,0,0,-1,0,0,JazzyGuns
518,-1.0,1,1,0,1,0,0,0,0,1,-1,0,1,0,0,JazzyGuns
519,-1.0,-1,0,0,0,0,0,-1,0,0,-1,0,1,-1,0,JazzyGuns
520,-1.0,1,0,0,0,0,0,1,0,0,1,0,-1,0,0,JazzyGuns
521,-1.0,0,0,0,1,0,-1,1,0,1,0,0,0,-1,0,JazzyGuns
522,-1.0,-1,0,0,0,0,0,-1,0,0,-1,0,1,0,0,JazzyGuns
523,-1.0,0,0,1,-1,1,0,-1,0,0,-1,0,1,-1,0,JazzyGuns
524,-1.0,-1,0,0,1,0,-1,0,0,0,0,0,1,0,0,JazzyGuns
525,-1.0,1,0,-1,1,0,1,0,0,0,-1,0,1,0,0,JazzyGuns
526,-1.0,-1,0,-1,1,0,0,1,0,0,0,0,0,0,0,JazzyGuns
527,-1.0,0,0,0,1,-1,0,0,0,1,-1,0,1,-1,0,JazzyGuns
528,-1.0,0,1,0,1,1,-1,0,0,0,0,0,1,0,0,JazzyGuns
529,-1.0,1,0,-1,-1,0,0,1,-1,0,0,0,0,-1,-1,JazzyGuns
530,-1.0,1,1,0,0,0,0,-1,0,0,-1,0,1,0,0,JazzyGuns
531,-1.0,0,0,0,0,0,0,-1,1,-1,0,0,0,0,0,JazzyGuns
532,-1.0,1,0,0,0,0,1,0,0,0,-1,0,0,-1,0,JazzyGuns
533,-1.0,1,0,0,0,0,1,0,-1,0,0,0,0,0,0,JazzyGuns
534,-1.0,0,0,0,0,0,0,0,0,0,0,0,0,-1,0,JazzyGuns
535,-1.0,-1,0,0,0,0,0,0,-1,0,0,-1,0,0,0,JazzyGuns
536,-1.0,0,0,1,1,0,-1,0,-1,0,0,0,1,0,0,JazzyGuns
537,-1.0,1,0,0,0,0,1,0,-1,0,0,-1,0,0,0,JazzyGuns
538,-1.0,0,0,0,0,0,1,0,0,0,0,0,0,-1,0,JazzyGuns
539,-1.0,-1,0,0,0,0,0,0,-1,0,0,-1,0,-1,0,JazzyGuns
540,-1.0,0,0,0,0,0,0,0,0,0,0,0,0,0,0,JazzyGuns
541,-1.0,1,0,0,0,0,1,0,0,0,0,0,0,0,0,JazzyGuns
542,-1.0,1,0,0,0,0,1,0,-1,0,0,-1,0,0,0,JazzyGuns
543,-1.0,-1,0,0,0,0,-1,0,0,0,1,0,0,0,0,JazzyGuns
544,-1.0,0,0,1,1,0,1,0,0,0,-1,1,0,0,0,JazzyGuns
545,-1.0,0,0,0,0,0,0,1,-1,1,0,0,0,0,0,JazzyGuns
546,1.0,-1,0,1,0,1,0,0,0,0,-1,0,1,-1,0,JohnWolfe
547,1.0,-1,-1,-1,-1,0,0,1,0,1,0,0,0,1,0,JohnWolfe
548,1.0,0,0,-1,-1,0,0,0,0,0,1,0,1,0,0,JohnWolfe
549,1.0,0,0,1,1,0,1,-1,0,-1,1,0,0,1,1,JohnWolfe
550,1.0,-1,-1,-1,0,-1,0,1,0,0,1,0,-1,1,0,JohnWolfe
551,1.0,0,0,1,-1,1,0,-1,0,0,-1,0,1,-1,0,JohnWolfe
552,1.0,-1,0,0,0,0,0,-1,0,0,-1,0,1,0,0,JohnWolfe
553,1.0,0,0,1,-1,1,0,0,0,-1,1,0,-1,0,0,JohnWolfe
554,1.0,-1,0,1,-1,0,-1,0,0,0,1,0,-1,1,0,JohnWolfe
555,1.0,1,1,1,1,0,0,0,0,0,0,-1,1,0,0,JohnWolfe
556,1.0,1,1,-1,1,-1,0,0,0,0,1,0,0,0,0,JohnWolfe
557,1.0,-1,0,0,0,0,0,-1,1,0,0,0,0,1,1,JohnWolfe
558,1.0,-1,-1,1,1,0,0,1,0,0,0,0,-1,0,0,JohnWolfe
559,1.0,0,0,0,0,0,0,0,-1,0,0,0,1,0,0,JohnWolfe
560,1.0,0,0,-1,-1,0,-1,0,0,0,1,-1,0,1,0,JohnWolfe
561,1.0,1,0,0,0,0,1,0,-1,0,0,0,0,-1,0,JohnWolfe
562,1.0,1,0,0,0,0,-1,0,1,0,0,1,0,0,0,JohnWolfe
563,1.0,0,0,0,0,0,-1,0,1,0,0,1,0,0,0,JohnWolfe
564,1.0,0,0,0,0,0,0,0,0,0,0,0,0,0,0,JohnWolfe
565,1.0,-1,0,0,0,0,0,0,-1,0,0,-1,0,1,0,JohnWolfe
566,1.0,0,0,0,0,0,-1,0,0,0,0,0,0,0,0,JohnWolfe
567,1.0,1,0,0,0,0,1,0,0,0,0,0,0,0,0,JohnWolfe
568,1.0,-1,0,0,0,0,-1,0,0,0,0,-1,1,0,0,JohnWolfe
569,1.0,0,0,0,0,0,0,0,1,0,0,0,-1,0,0,JohnWolfe
570,1.0,1,1,0,1,0,0,-1,0,0,0,0,1,0,0,JohnWolfe
571,-1.0,0,0,1,1,0,-1,0,0,1,0,0,0,0,0,JohnWolfe
572,-1.0,0,0,0,1,-1,1,0,0,-1,1,0,-1,1,0,JohnWolfe
573,-1.0,1,1,1,1,0,1,-1,0,-1,-1,0,0,0,0,JohnWolfe
574,-1.0,1,1,1,0,0,-1,0,0,1,-1,0,1,-1,-1,JohnWolfe
575,-1.0,0,0,-1,1,-1,0,1,0,0,1,0,-1,0,0,JohnWolfe
576,-1.0,1,0,-1,1,0,1,0,0,0,-1,0,1,0,0,JohnWolfe
577,-1.0,0,0,-1,1,1,1,0,0,-1,0,0,1,0,0,JohnWolfe
578,-1.0,0,0,0,1,-1,0,0,0,1,-1,0,1,-1,0,JohnWolfe
579,-1.0,-1,-1,-1,-1,0,0,0,0,0,0,1,-1,0,0,JohnWolfe
580,-1.0,-1,-1,0,-1,0,0,1,0,0,0,0,-1,0,0,JohnWolfe
581,-1.0,1,0,-1,-1,0,0,1,-1,0,0,0,0,-1,-1,JohnWolfe
582,-1.0,1,1,0,0,0,0,-1,0,0,-1,0,1,0,0,JohnWolfe
583,-1.0,0,0,0,0,0,0,-1,1,-1,0,0,0,0,0,JohnWolfe
584,-1.0,1,0,0,0,0,1,0,0,0,0,1,-1,0,0,JohnWolfe
585,-1.0,1,0,0,0,0,1,0,0,0,-1,0,0,-1,0,JohnWolfe
586,-1.0,-1,0,0,0,0,-1,0,1,0,0,1,0,-1,0,JohnWolfe
587,-1.0,1,0,0,0,0,1,0,-1,0,0,-1,0,1,0,JohnWolfe
588,-1.0,-1,0,0,0,0,-1,0,0,0,0,0,0,-1,0,JohnWolfe
589,-1.0,-1,0,0,0,0,1,0,-1,0,0,-1,0,0,0,JohnWolfe
590,-1.0,0,0,0,0,0,1,0,-1,0,0,-1,0,0,0,JohnWolfe
591,-1.0,1,0,0,0,0,0,0,1,0,0,1,0,0,0,JohnWolfe
592,-1.0,0,0,0,0,0,0,0,1,0,0,0,0,0,0,JohnWolfe
593,-1.0,0,0,0,0,0,0,0,-1,0,0,0,0,-1,0,JohnWolfe
594,-1.0,-1,0,0,0,0,-1,0,0,0,1,0,0,0,0,JohnWolfe
595,-1.0,0,0,0,1,-1,0,0,0,1,-1,0,1,-1,0,JohnWolfe
596,1.0,1,0,-1,-1,0,-1,0,0,1,0,0,0,1,0,LayItDownGaming
597,1.0,0,0,0,1,0,1,0,0,-1,1,-1,0,1,0,LayItDownGaming
598,1.0,1,0,-1,0,0,-1,0,0,0,0,0,0,0,0,LayItDownGaming
599,1.0,0,0,-1,-1,0,0,0,0,0,1,0,1,0,0,LayItDownGaming
600,1.0,-1,0,0,-1,0,0,-1,0,0,0,0,0,0,0,LayItDownGaming
601,1.0,0,0,1,1,0,1,-1,0,-1,1,0,0,1,1,LayItDownGaming
602,1.0,1,1,1,1,0,0,0,0,0,0,-1,1,1,0,LayItDownGaming
603,1.0,-1,0,0,0,0,0,-1,0,0,-1,0,1,0,0,LayItDownGaming
604,1.0,0,0,0,-1,0,1,-1,0,-1,0,0,0,1,0,LayItDownGaming
605,1.0,0,0,1,-1,1,0,-1,0,0,-1,0,1,0,0,LayItDownGaming
606,1.0,-1,0,-1,-1,0,0,-1,0,0,-1,0,0,0,0,LayItDownGaming
607,1.0,0,0,0,-1,0,1,-1,0,-1,0,0,0,0,0,LayItDownGaming
608,1.0,-1,0,0,1,0,-1,0,0,0,0,0,1,1,0,LayItDownGaming
609,1.0,1,0,-1,1,0,1,0,0,0,-1,0,1,0,0,LayItDownGaming
610,1.0,1,0,0,0,1,1,-1,0,-1,0,0,1,0,0,LayItDownGaming
611,1.0,1,0,0,-1,0,1,0,0,0,0,0,-1,0,0,LayItDownGaming
612,1.0,-1,0,0,0,0,0,-1,1,0,0,0,0,1,1,LayItDownGaming
613,1.0,1,1,0,0,0,0,-1,0,0,-1,0,1,1,0,LayItDownGaming
614,1.0,-1,-1,0,0,0,0,1,0,0,0,1,-1,-1,0,LayItDownGaming
615,1.0,1,0,0,0,0,1,0,0,0,0,1,-1,0,0,LayItDownGaming
616,1.0,0,0,-1,-1,0,-1,0,0,0,1,-1,0,1,0,LayItDownGaming
617,1.0,-1,0,0,0,0,-1,0,1,0,0,0,0,1,0,LayItDownGaming
618,1.0,-1,0,0,0,0,-1,0,1,0,0,1,0,1,0,LayItDownGaming
619,1.0,1,0,0,0,0,-1,0,1,0,0,1,0,0,0,LayItDownGaming
620,1.0,0,0,0,0,0,-1,0,1,0,0,1,0,0,0,LayItDownGaming
621,1.0,0,0,0,0,0,0,0,0,0,0,0,0,0,0,LayItDownGaming
622,1.0,1,0,0,0,0,0,0,1,0,0,1,0,1,0,LayItDownGaming
623,1.0,0,0,0,0,0,0,0,1,0,0,0,0,1,0,LayItDownGaming
624,1.0,1,0,0,0,0,0,0,1,0,0,0,0,0,0,LayItDownGaming
625,1.0,1,0,0,0,0,1,0,0,0,0,0,0,0,0,LayItDownGaming
626,1.0,-1,0,0,0,0,-1,0,0,0,0,0,1,0,0,LayItDownGaming
627,1.0,0,0,0,0,0,0,1,-1,1,0,0,0,0,0,LayItDownGaming
628,1.0,-1,0,0,0,0,-1,0,0,0,0,0,1,0,0,LayItDownGaming
629,1.0,1,0,0,0,0,-1,0,1,0,0,1,0,0,0,LayItDownGaming
630,1.0,-1,0,0,0,0,-1,0,0,0,0,0,1,0,0,LayItDownGaming
631,1.0,-1,0,-1,-1,0,0,-1,0,0,-1,0,0,0,0,LayItDownGaming
632,1.0,0,0,1,-1,1,0,-1,0,0,-1,0,1,0,0,LayItDownGaming
633,1.0,0,0,1,-1,1,0,-1,0,0,-1,0,1,0,0,LayItDownGaming
634,1.0,-1,0,0,0,0,-1,0,0,0,0,0,1,0,0,LayItDownGaming
635,1.0,-1,0,0,0,0,-1,0,0,0,0,0,1,0,0,LayItDownGaming
636,1.0,1,1,0,0,0,0,-1,0,0,-1,0,1,1,0,LayItDownGaming
637,1.0,0,0,1,-1,1,0,-1,0,0,-1,0,1,0,0,LayItDownGaming
638,-1.0,-1,0,1,1,0,0,0,0,0,0,0,0,-1,0,LayItDownGaming
639,-1.0,-1,0,1,1,0,1,0,0,-1,0,0,0,-1,0,LayItDownGaming
640,-1.0,1,1,1,1,0,1,-1,0,-1,-1,0,0,-1,0,LayItDownGaming
641,-1.0,0,0,1,1,0,0,0,0,0,0,0,-1,-1,0,LayItDownGaming
642,-1.0,0,0,-1,-1,0,-1,1,0,1,-1,0,0,0,0,LayItDownGaming
643,-1.0,1,0,0,1,0,0,1,0,0,0,0,0,0,0,LayItDownGaming
644,-1.0,1,1,1,0,0,-1,0,0,1,-1,0,1,-1,-1,LayItDownGaming
645,-1.0,-1,-1,-1,-1,0,0,0,0,0,0,1,-1,0,0,LayItDownGaming
646,-1.0,-1,-1,-1,0,-1,0,1,0,0,1,0,-1,0,0,LayItDownGaming
647,-1.0,0,0,0,1,0,-1,1,0,1,0,0,0,0,0,LayItDownGaming
648,-1.0,0,0,1,-1,1,0,-1,0,0,-1,0,1,-1,0,LayItDownGaming
649,-1.0,0,0,-1,1,-1,0,1,0,0,1,0,-1,0,0,LayItDownGaming
650,-1.0,0,0,-1,1,-1,0,1,0,0,1,0,-1,0,0,LayItDownGaming
651,-1.0,1,0,1,1,0,0,1,0,0,1,0,0,0,0,LayItDownGaming
652,-1.0,1,0,1,0,0,0,0,0,1,-1,0,0,0,0,LayItDownGaming
653,-1.0,0,0,0,-1,1,0,0,0,-1,1,0,-1,-1,0,LayItDownGaming
654,-1.0,-1,0,0,0,-1,-1,1,0,1,0,0,-1,0,0,LayItDownGaming
655,-1.0,-1,0,-1,1,0,0,1,0,0,0,0,0,0,0,LayItDownGaming
656,-1.0,-1,0,1,-1,0,-1,0,0,0,1,0,-1,1,0,LayItDownGaming
657,-1.0,0,0,0,1,-1,0,0,0,1,-1,0,1,-1,0,LayItDownGaming
658,-1.0,-1,-1,-1,0,-1,0,1,0,0,1,0,-1,0,0,LayItDownGaming
659,-1.0,1,0,-1,-1,0,0,1,-1,0,0,0,0,-1,-1,LayItDownGaming
660,-1.0,1,1,0,0,0,0,-1,0,0,0,-1,1,1,0,LayItDownGaming
661,-1.0,-1,-1,1,1,0,0,1,0,0,0,0,-1,-1,0,LayItDownGaming
662,-1.0,0,0,0,0,0,0,-1,1,-1,0,0,0,0,0,LayItDownGaming
663,-1.0,0,0,0,0,0,0,0,-1,0,0,0,1,0,0,LayItDownGaming
664,-1.0,1,0,0,0,0,1,0,0,0,-1,0,0,-1,0,LayItDownGaming
665,-1.0,1,0,0,0,0,1,0,-1,0,0,0,0,-1,0,LayItDownGaming
666,-1.0,0,0,0,0,0,0,0,-1,0,0,-1,0,-1,0,LayItDownGaming
667,-1.0,1,0,0,0,0,1,0,0,0,0,0,0,0,0,LayItDownGaming
668,-1.0,-1,0,0,0,0,-1,0,1,0,0,1,0,0,0,LayItDownGaming
669,-1.0,1,0,0,0,0,1,0,-1,0,0,-1,0,0,0,LayItDownGaming
670,-1.0,-1,0,0,0,0,1,0,-1,0,0,-1,0,0,0,LayItDownGaming
671,-1.0,0,0,0,0,0,1,0,-1,0,0,-1,0,0,0,LayItDownGaming
672,-1.0,-1,0,0,0,0,0,0,-1,0,0,-1,0,-1,0,LayItDownGaming
673,-1.0,0,0,0,0,0,0,0,-1,0,0,0,0,-1,0,LayItDownGaming
674,-1.0,-1,0,0,0,0,0,0,-1,0,0,0,0,0,0,LayItDownGaming
675,-1.0,0,0,0,0,0,-1,0,0,0,0,0,0,-1,0,LayItDownGaming
676,-1.0,-1,0,0,0,0,-1,0,0,0,1,0,0,0,0,LayItDownGaming
677,-1.0,0,0,1,1,0,1,0,0,0,-1,0,0,0,0,LayItDownGaming
678,-1.0,0,0,0,0,0,0,0,1,0,0,0,-1,0,0,LayItDownGaming
679,-1.0,-1,-1,-1,0,-1,0,1,0,0,1,0,-1,0,0,LayItDownGaming
680,1.0,1,0,-1,-1,0,-1,0,0,1,0,0,0,1,0,LiteWeightGaming
681,1.0,0,0,0,-1,0,-1,0,0,1,-1,1,0,0,0,LiteWeightGaming
682,1.0,0,0,0,-1,1,-1,0,0,1,-1,0,1,0,0,LiteWeightGaming
683,1.0,1,0,-1,0,0,-1,0,0,0,0,0,0,0,0,LiteWeightGaming
684,1.0,0,0,-1,-1,0,0,0,0,0,1,0,1,0,0,LiteWeightGaming
685,1.0,0,0,-1,-1,0,-1,1,0,1,-1,0,0,-1,0,LiteWeightGaming
686,1.0,0,0,1,1,0,1,-1,0,-1,1,0,0,1,1,LiteWeightGaming
687,1.0,-1,0,0,1,0,-1,0,0,0,0,0,1,0,0,LiteWeightGaming
688,1.0,0,0,0,-1,1,0,0,0,-1,1,0,-1,0,0,LiteWeightGaming
689,1.0,1,0,0,-1,0,1,0,0,0,0,0,-1,0,0,LiteWeightGaming
690,1.0,-1,-1,-1,0,-1,0,1,0,0,1,0,-1,1,0,LiteWeightGaming
691,1.0,0,0,0,1,0,-1,1,0,1,0,0,0,0,0,LiteWeightGaming
692,1.0,0,0,1,-1,1,0,-1,0,0,-1,0,1,0,0,LiteWeightGaming
693,1.0,0,0,0,-1,0,1,-1,0,-1,0,0,0,1,0,LiteWeightGaming
694,1.0,-1,-1,0,-1,0,0,1,0,0,0,0,-1,0,0,LiteWeightGaming
695,1.0,1,1,0,1,0,0,-1,0,0,0,0,1,1,0,LiteWeightGaming
696,1.0,0,0,0,-1,1,0,0,0,-1,1,0,-1,0,0,LiteWeightGaming
697,1.0,1,0,1,-1,0,0,-1,0,0,0,0,0,0,0,LiteWeightGaming
698,1.0,-1,0,-1,1,0,0,1,0,0,0,0,0,0,0,LiteWeightGaming
699,1.0,-1,0,1,-1,0,-1,0,0,0,1,0,-1,1,0,LiteWeightGaming
700,1.0,0,1,0,1,1,-1,0,0,0,0,0,1,0,0,LiteWeightGaming
701,1.0,-1,-1,-1,0,-1,0,1,0,0,1,0,-1,0,0,LiteWeightGaming
702,1.0,1,1,0,0,0,0,-1,0,0,-1,0,1,0,0,LiteWeightGaming
703,1.0,-1,-1,1,1,0,0,1,0,0,0,0,-1,0,0,LiteWeightGaming
704,1.0,0,0,0,0,0,0,0,-1,0,0,0,1,1,0,LiteWeightGaming
705,1.0,0,0,-1,-1,0,-1,0,0,0,1,-1,0,1,0,LiteWeightGaming
706,1.0,-1,0,0,0,0,-1,0,1,0,0,0,0,1,0,LiteWeightGaming
707,1.0,0,0,0,0,0,-1,0,1,0,0,1,0,1,0,LiteWeightGaming
708,1.0,0,0,0,0,0,0,0,1,0,0,0,0,0,0,LiteWeightGaming
709,1.0,0,0,0,0,0,0,0,-1,0,0,0,0,0,0,LiteWeightGaming
710,1.0,1,0,0,0,0,0,0,1,0,0,1,0,1,0,LiteWeightGaming
711,1.0,1,0,0,0,0,1,0,0,0,0,0,0,0,0,LiteWeightGaming
712,1.0,-1,0,0,0,0,-1,0,1,0,0,1,0,0,0,LiteWeightGaming
713,1.0,-1,0,0,0,0,-1,0,0,0,1,0,0,0,0,LiteWeightGaming
714,1.0,-1,0,0,0,0,-1,0,0,0,0,-1,1,1,0,LiteWeightGaming
715,1.0,1,0,0,0,0,1,0,0,0,-1,0,0,1,0,LiteWeightGaming
716,1.0,-1,0,0,0,0,-1,0,0,0,1,0,0,0,0,LiteWeightGaming
717,1.0,1,0,0,0,0,1,0,0,0,-1,0,0,0,0,LiteWeightGaming
718,1.0,0,0,0,0,0,0,0,1,0,0,0,-1,0,0,LiteWeightGaming
719,1.0,0,0,0,0,0,0,1,-1,1,0,0,0,0,0,LiteWeightGaming
720,1.0,-1,-1,-1,0,-1,0,1,0,0,1,0,-1,0,0,LiteWeightGaming
721,-1.0,-1,0,1,1,0,0,0,0,0,0,0,0,-1,0,LiteWeightGaming
722,-1.0,-1,0,1,1,0,1,0,0,-1,0,0,0,-1,0,LiteWeightGaming
723,-1.0,0,0,0,1,0,1,0,0,-1,1,-1,0,0,0,LiteWeightGaming
724,-1.0,0,0,0,1,-1,1,0,0,-1,1,0,-1,1,0,LiteWeightGaming
725,-1.0,-1,0,1,0,0,1,0,0,0,0,0,0,-1,0,LiteWeightGaming
726,-1.0,0,0,1,1,0,0,0,0,0,0,0,-1,0,0,LiteWeightGaming
727,-1.0,-1,0,0,-1,0,0,-1,0,0,0,0,0,0,0,LiteWeightGaming
728,-1.0,1,0,0,1,0,0,1,0,0,0,0,0,0,0,LiteWeightGaming
729,-1.0,1,1,1,0,0,-1,0,0,1,-1,0,1,-1,-1,LiteWeightGaming
730,-1.0,0,-1,0,-1,-1,1,0,0,0,0,0,-1,0,0,LiteWeightGaming
731,-1.0,0,0,0,1,-1,0,0,0,1,-1,0,1,0,0,LiteWeightGaming
732,-1.0,0,0,0,-1,0,1,-1,0,-1,0,0,0,-1,0,LiteWeightGaming
733,-1.0,0,0,-1,1,-1,0,1,0,0,1,0,-1,1,0,LiteWeightGaming
734,-1.0,-1,0,-1,-1,0,0,-1,0,0,-1,1,0,-1,0,LiteWeightGaming
735,-1.0,1,0,1,1,0,0,1,0,0,1,-1,0,0,0,LiteWeightGaming
736,-1.0,1,1,1,0,1,0,-1,0,0,-1,0,1,0,0,LiteWeightGaming
737,-1.0,0,-1,0,-1,-1,1,0,0,0,0,0,-1,-1,0,LiteWeightGaming
738,-1.0,-1,0,0,0,-1,-1,1,0,1,0,0,-1,0,0,LiteWeightGaming
739,-1.0,1,0,0,0,1,1,-1,0,-1,0,0,1,0,0,LiteWeightGaming
740,-1.0,0,0,0,1,-1,0,0,0,1,-1,0,1,-1,0,LiteWeightGaming
741,-1.0,1,0,0,-1,0,1,0,0,0,0,0,-1,0,0,LiteWeightGaming
742,-1.0,-1,0,0,0,0,0,-1,1,0,0,0,0,1,1,LiteWeightGaming
743,-1.0,1,0,-1,-1,0,0,1,-1,0,0,0,0,-1,-1,LiteWeightGaming
744,-1.0,0,0,0,0,0,0,-1,1,-1,0,0,0,0,0,LiteWeightGaming
745,-1.0,1,0,0,0,0,1,0,0,0,0,1,-1,-1,0,LiteWeightGaming
746,-1.0,1,0,0,0,0,1,0,0,0,-1,0,0,0,0,LiteWeightGaming
747,-1.0,-1,0,0,0,0,-1,0,0,0,0,0,0,-1,0,LiteWeightGaming
748,-1.0,0,0,0,0,0,1,0,-1,0,0,-1,0,0,0,LiteWeightGaming
749,-1.0,0,0,0,0,0,0,0,0,0,0,0,0,-1,0,LiteWeightGaming
750,-1.0,-1,0,0,0,0,0,0,-1,0,0,-1,0,0,0,LiteWeightGaming
751,-1.0,0,0,0,0,0,-1,0,0,0,0,0,0,-1,0,LiteWeightGaming
752,-1.0,1,0,0,0,0,1,0,-1,0,0,-1,0,0,0,LiteWeightGaming
753,-1.0,0,0,1,1,0,1,0,0,0,-1,1,0,0,0,LiteWeightGaming
754,-1.0,1,0,0,0,0,1,0,0,0,0,1,-1,-1,0,LiteWeightGaming
755,-1.0,0,0,-1,-1,0,-1,0,0,0,1,-1,0,0,0,LiteWeightGaming
756,-1.0,-1,0,0,0,0,-1,0,0,0,1,0,0,0,0,LiteWeightGaming
757,-1.0,0,0,1,1,0,1,0,0,0,-1,1,0,0,0,LiteWeightGaming
758,-1.0,1,1,0,1,0,0,-1,0,0,0,0,1,0,0,LiteWeightGaming
759,-1.0,-1,0,0,0,0,0,-1,1,0,0,0,0,0,0,LiteWeightGaming
760,-1.0,0,0,0,-1,0,1,-1,0,-1,0,0,0,-1,0,LiteWeightGaming
761,-1.0,1,0,-1,-1,0,0,1,-1,0,0,0,0,-1,-1,LiteWeightGaming
762,1.0,1,0,-1,-1,0,-1,0,0,1,0,0,0,1,0,Markiplier
763,1.0,0,0,0,-1,0,-1,0,0,1,-1,1,0,0,0,Markiplier
764,1.0,0,0,0,-1,1,-1,0,0,1,-1,0,1,0,0,Markiplier
765,1.0,1,0,-1,0,0,-1,0,0,0,0,0,0,0,0,Markiplier
766,1.0,-1,-1,-1,-1,0,0,1,0,1,0,0,0,1,0,Markiplier
767,1.0,0,0,-1,-1,0,0,0,0,0,1,0,1,0,0,Markiplier
768,1.0,0,1,0,1,1,-1,0,0,0,0,0,1,0,0,Markiplier
769,1.0,-1,0,-1,1,0,-1,1,0,0,0,1,0,1,0,Markiplier
770,1.0,1,0,1,-1,0,0,-1,0,0,0,0,0,0,0,Markiplier
771,1.0,-1,0,1,-1,0,-1,0,0,0,1,0,-1,1,0,Markiplier
772,1.0,1,0,0,-1,0,1,0,0,0,0,0,-1,0,0,Markiplier
773,1.0,0,1,0,1,1,-1,0,0,0,0,0,1,1,0,Markiplier
774,1.0,-1,-1,-1,0,-1,0,1,0,0,1,0,-1,0,0,Markiplier
775,1.0,0,0,0,-1,0,1,-1,0,-1,0,0,0,1,0,Markiplier
776,1.0,-1,0,-1,-1,0,0,-1,0,0,-1,1,0,0,0,Markiplier
777,1.0,-1,0,0,0,0,0,-1,1,0,0,0,0,1,1,Markiplier
778,1.0,0,0,0,0,0,0,-1,0,0,-1,0,1,0,0,Markiplier
779,1.0,1,0,0,0,0,0,1,-1,0,0,0,0,0,0,Markiplier
780,1.0,0,0,1,1,0,0,0,-1,0,0,0,1,1,0,Markiplier
781,1.0,0,0,0,0,0,-1,0,0,0,1,-1,0,1,0,Markiplier
782,1.0,1,0,0,0,0,1,0,-1,0,0,0,0,1,0,Markiplier
783,1.0,-1,0,0,0,0,-1,0,1,0,0,0,0,0,0,Markiplier
784,1.0,-1,0,0,0,0,-1,0,1,0,0,1,0,0,0,Markiplier
785,1.0,1,0,0,0,0,1,0,0,0,0,0,0,-1,0,Markiplier
786,1.0,0,0,0,0,0,1,0,0,0,0,0,0,0,0,Markiplier
787,1.0,1,0,0,0,0,-1,0,1,0,0,1,0,1,0,Markiplier
788,1.0,1,0,0,0,0,1,0,0,0,0,0,0,0,0,Markiplier
789,1.0,-1,0,0,0,0,-1,0,0,0,1,0,0,0,0,Markiplier
790,1.0,0,0,0,0,0,1,0,0,0,-1,1,0,0,0,Markiplier
791,1.0,0,0,1,1,0,0,0,-1,0,0,0,1,0,0,Markiplier
792,1.0,0,0,0,0,0,-1,0,0,0,1,-1,0,1,0,Markiplier
793,1.0,0,0,1,1,0,0,0,-1,0,0,0,1,0,0,Markiplier
794,1.0,0,0,0,0,0,-1,0,0,0,1,-1,0,1,0,Markiplier
795,1.0,0,0,0,0,0,-1,0,1,0,0,1,0,0,0,Markiplier
796,1.0,0,0,0,0,0,0,0,0,0,0,0,0,0,0,Markiplier
797,1.0,-1,0,0,0,0,0,0,-1,0,0,-1,0,0,0,Markiplier
798,1.0,0,0,0,0,0,0,0,-1,0,0,0,0,1,0,Markiplier
799,1.0,1,0,0,0,0,1,0,0,0,0,0,0,1,0,Markiplier
800,1.0,0,0,0,0,0,0,0,1,0,0,0,-1,0,0,Markiplier
801,1.0,-1,-1,-1,0,-1,0,1,0,0,1,0,-1,0,0,Markiplier
802,1.0,-1,0,-1,-1,0,0,-1,0,0,-1,1,0,0,0,Markiplier
803,1.0,-1,-1,-1,0,-1,0,1,0,0,1,0,-1,0,0,Markiplier
804,1.0,1,0,-1,-1,0,-1,0,0,1,0,0,0,1,0,Markiplier
805,1.0,0,0,-1,-1,0,0,0,0,0,1,0,1,0,0,Markiplier
806,1.0,-1,0,0,0,0,0,0,-1,0,0,-1,0,0,0,Markiplier
807,-1.0,-1,0,1,1,0,1,0,0,-1,0,0,0,-1,0,Markiplier
808,-1.0,0,0,0,1,0,1,0,0,-1,1,-1,0,0,0,Markiplier
809,-1.0,0,0,0,1,-1,1,0,0,-1,1,0,-1,1,0,Markiplier
810,-1.0,-1,0,1,0,0,1,0,0,0,0,0,0,-1,0,Markiplier
811,-1.0,0,0,1,1,0,0,0,0,0,0,0,-1,0,1,Markiplier
812,-1.0,1,1,1,0,0,-1,0,0,1,-1,0,1,-1,-1,Markiplier
813,-1.0,0,-1,0,-1,-1,1,0,0,0,0,0,-1,0,0,Markiplier
814,-1.0,0,-1,0,-1,-1,1,0,0,0,0,0,-1,0,0,Markiplier
815,-1.0,1,0,-1,1,0,1,0,0,0,-1,0,1,0,0,Markiplier
816,-1.0,-1,0,0,0,-1,-1,1,0,1,0,0,-1,0,0,Markiplier
817,-1.0,-1,0,-1,1,0,0,1,0,0,0,0,0,0,0,Markiplier
818,-1.0,0,0,0,1,-1,0,0,0,1,-1,0,1,-1,0,Markiplier
819,-1.0,1,1,1,0,1,0,-1,0,0,-1,0,1,-1,0,Markiplier
820,-1.0,0,0,0,1,0,-1,1,0,1,0,0,0,-1,0,Markiplier
821,-1.0,1,0,1,1,0,0,1,0,0,1,-1,0,0,0,Markiplier
822,-1.0,1,0,-1,-1,0,0,1,-1,0,0,0,0,-1,-1,Markiplier
823,-1.0,-1,0,0,0,0,0,-1,1,0,0,0,0,0,0,Markiplier
824,-1.0,0,0,0,0,0,0,-1,1,-1,0,0,0,0,0,Markiplier
825,-1.0,1,0,-1,-1,0,1,0,0,0,0,1,-1,-1,0,Markiplier
826,-1.0,1,0,0,0,0,1,0,0,0,-1,0,0,0,0,Markiplier
827,-1.0,-1,0,0,0,0,-1,0,1,0,0,0,0,-1,0,Markiplier
828,-1.0,1,0,0,0,0,1,0,-1,0,0,0,0,-1,0,Markiplier
829,-1.0,0,0,0,0,0,0,0,-1,0,0,-1,0,1,0,Markiplier
830,-1.0,-1,0,0,0,0,-1,0,0,0,0,0,0,1,0,Markiplier
831,-1.0,1,0,0,0,0,1,0,0,0,0,0,0,-1,0,Markiplier
832,-1.0,-1,0,0,0,0,-1,0,0,0,0,0,0,0,0,Markiplier
833,-1.0,-1,0,0,0,0,1,0,-1,0,0,-1,0,-1,0,Markiplier
834,-1.0,0,0,0,0,0,-1,0,0,0,0,0,0,0,0,Markiplier
835,-1.0,-1,0,1,1,0,-1,0,0,0,0,-1,1,0,0,Markiplier
836,-1.0,1,0,-1,-1,0,1,0,0,0,0,1,-1,0,0,Markiplier
837,-1.0,0,0,0,0,0,1,0,0,0,-1,1,0,-1,0,Markiplier
838,-1.0,-1,0,1,1,0,-1,0,0,0,0,-1,1,0,0,Markiplier
839,-1.0,-1,0,0,0,0,-1,0,0,0,0,0,0,0,0,Markiplier
840,-1.0,0,0,0,0,0,1,0,0,0,0,0,0,0,0,Markiplier
841,-1.0,0,0,0,0,0,1,0,-1,0,0,-1,0,0,0,Markiplier
842,-1.0,1,0,0,0,0,0,0,1,0,0,1,0,0,0,Markiplier
843,-1.0,0,0,0,0,0,0,0,1,0,0,0,0,0,0,Markiplier
844,-1.0,0,0,0,0,0,0,0,1,0,0,0,0,-1,0,Markiplier
845,-1.0,0,0,0,0,0,0,0,-1,0,0,0,0,0,0,Markiplier
846,-1.0,0,0,0,0,0,-1,0,0,0,0,0,0,0,0,Markiplier
847,-1.0,-1,0,0,0,0,-1,0,0,0,1,0,0,-1,0,Markiplier
848,-1.0,0,0,1,1,0,1,0,0,0,-1,1,0,0,0,Markiplier
849,-1.0,0,0,0,0,0,0,1,-1,1,0,0,0,0,0,Markiplier
850,-1.0,1,1,0,1,0,0,-1,0,0,0,0,1,0,0,Markiplier
851,-1.0,-1,0,0,0,0,0,-1,1,0,0,0,0,0,0,Markiplier
852,1.0,0,0,0,-1,1,-1,0,0,1,-1,0,1,0,0,Marz
853,1.0,0,0,0,1,-1,1,0,0,-1,1,0,-1,1,0,Marz
854,1.0,-1,-1,-1,-1,0,0,1,0,1,0,0,0,1,0,Marz
855,1.0,0,0,-1,-1,0,0,0,0,0,1,0,1,0,0,Marz
856,1.0,0,0,1,1,0,1,-1,0,-1,1,0,0,1,1,Marz
857,1.0,-1,0,-1,1,0,-1,1,0,0,0,1,0,1,0,Marz
858,1.0,0,1,0,1,1,-1,0,0,0,0,0,1,1,0,Marz
859,1.0,-1,-1,-1,0,-1,0,1,0,0,1,0,-1,1,0,Marz
860,1.0,0,0,0,-1,0,1,-1,0,-1,0,0,0,1,0,Marz
861,1.0,0,0,0,1,0,-1,1,0,1,0,0,0,-1,0,Marz
862,1.0,0,0,1,-1,1,0,-1,0,0,-1,0,1,0,0,Marz
863,1.0,-1,0,1,-1,1,0,-1,0,-1,1,-1,0,0,0,Marz
864,1.0,1,0,-1,0,-1,1,0,0,0,0,0,0,0,0,Marz
865,1.0,1,0,0,0,1,1,-1,0,-1,0,0,1,0,0,Marz
866,1.0,-1,0,0,0,-1,-1,1,0,1,0,0,-1,1,0,Marz
867,1.0,0,1,0,1,1,-1,0,0,0,0,0,1,0,0,Marz
868,1.0,-1,0,0,0,0,0,-1,1,0,0,0,0,1,1,Marz
869,1.0,0,0,1,1,0,0,0,-1,0,0,0,1,1,0,Marz
870,1.0,1,0,0,0,0,1,0,0,0,-1,0,0,0,0,Marz
871,1.0,-1,0,0,0,0,-1,0,1,0,0,0,0,1,0,Marz
872,1.0,-1,0,0,0,0,-1,0,1,0,0,1,0,1,0,Marz
873,1.0,0,0,0,0,0,1,0,0,0,0,0,0,0,0,Marz
874,1.0,1,0,0,0,0,-1,0,1,0,0,1,0,1,0,Marz
875,1.0,1,0,0,0,0,1,0,0,0,0,0,0,0,0,Marz
876,1.0,1,0,0,0,0,1,0,0,0,0,0,0,0,0,Marz
877,1.0,1,0,0,0,0,1,0,0,0,0,1,-1,0,0,Marz
878,1.0,1,0,0,0,0,1,0,0,0,-1,0,0,-1,0,Marz
879,1.0,1,0,0,0,0,1,0,-1,0,0,0,0,1,0,Marz
880,1.0,1,0,0,0,0,-1,0,1,0,0,1,0,0,0,Marz
881,1.0,0,0,0,0,0,0,0,1,0,0,0,0,0,0,Marz
882,1.0,1,0,0,0,0,0,0,0,0,0,1,0,1,0,Marz
883,1.0,-1,0,0,0,0,-1,0,1,0,0,1,0,1,0,Marz
884,1.0,-1,0,0,0,0,-1,0,0,0,0,-1,1,-1,0,Marz
885,1.0,0,0,0,0,0,0,1,-1,1,0,0,0,0,0,Marz
886,1.0,1,1,0,1,0,0,-1,0,0,0,0,1,1,0,Marz
887,1.0,1,0,0,0,0,1,0,0,0,0,1,-1,0,0,Marz
888,1.0,0,0,0,-1,1,-1,0,0,1,-1,0,1,0,0,Marz
889,1.0,-1,0,0,0,0,-1,0,1,0,0,0,0,1,0,Marz
890,1.0,0,0,0,1,-1,1,0,0,-1,1,0,-1,1,0,Marz
891,1.0,0,0,0,-1,0,1,-1,0,-1,0,0,0,1,0,Marz
892,1.0,1,1,0,1,0,0,-1,0,0,0,0,1,1,0,Marz
893,1.0,0,0,0,1,0,-1,1,0,1,0,0,0,-1,0,Marz
894,1.0,-1,0,0,0,0,-1,0,1,0,0,0,0,1,0,Marz
895,1.0,0,0,0,1,0,-1,1,0,1,0,0,0,-1,0,Marz
896,1.0,0,0,0,-1,1,-1,0,0,1,-1,0,1,0,0,Marz
897,1.0,0,0,0,-1,0,1,-1,0,-1,0,0,0,1,0,Marz
898,1.0,1,0,0,0,0,1,0,0,0,-1,0,0,-1,0,Marz
899,1.0,1,0,0,0,0,0,0,0,0,0,1,0,1,0,Marz
900,1.0,1,0,0,0,0,1,0,-1,0,0,0,0,1,0,Marz
901,1.0,0,0,0,0,0,0,1,-1,1,0,0,0,0,0,Marz
902,1.0,0,0,0,-1,1,-1,0,0,1,-1,0,1,0,0,Marz
903,1.0,-1,0,0,0,0,-1,0,1,0,0,1,0,1,0,Marz
904,1.0,1,0,0,0,0,1,0,0,0,0,0,0,0,0,Marz
905,-1.0,0,0,0,0,0,0,0,0,0,0,0,0,-1,0,Marz
906,-1.0,0,0,0,-1,0,-1,0,0,1,-1,1,0,0,0,Marz
907,-1.0,0,0,0,1,0,1,0,0,-1,1,-1,0,0,0,Marz
908,-1.0,1,0,-1,0,0,-1,0,0,0,0,0,0,0,0,Marz
909,-1.0,-1,0,1,0,0,1,0,0,0,0,0,0,-1,0,Marz
910,-1.0,1,0,-1,0,0,-1,0,0,0,0,0,0,0,0,Marz
911,-1.0,1,1,1,1,0,1,-1,0,-1,-1,0,0,0,0,Marz
912,-1.0,0,0,1,1,0,0,0,0,0,0,0,-1,-1,0,Marz
913,-1.0,1,0,0,1,0,0,1,0,0,0,0,0,0,0,Marz
914,-1.0,0,-1,0,-1,-1,1,0,0,0,0,0,-1,0,0,Marz
915,-1.0,1,0,1,-1,0,1,-1,0,0,0,-1,0,-1,0,Marz
916,-1.0,-1,-1,0,-1,0,0,1,0,0,0,0,-1,-1,0,Marz
917,-1.0,1,1,0,1,0,0,-1,0,0,0,0,1,0,0,Marz
918,-1.0,1,1,1,0,1,0,-1,0,0,-1,0,1,-1,0,Marz
919,-1.0,-1,-1,-1,0,-1,0,1,0,0,1,0,-1,0,0,Marz
920,-1.0,-1,0,0,0,0,0,-1,0,0,-1,0,1,0,0,Marz
921,-1.0,1,0,0,0,0,0,1,0,0,1,0,-1,0,0,Marz
922,-1.0,0,0,-1,1,-1,0,1,0,0,1,0,-1,1,0,Marz
923,-1.0,0,0,1,-1,1,0,-1,0,0,-1,0,1,-1,0,Marz
924,-1.0,1,0,0,0,-1,1,0,0,0,0,0,-1,0,0,Marz
925,-1.0,-1,0,-1,1,0,-1,1,0,0,0,1,0,0,0,Marz
926,-1.0,-1,0,0,1,0,-1,1,0,1,-1,0,0,0,0,Marz
927,-1.0,1,0,1,-1,0,0,-1,0,0,0,0,0,0,0,Marz
928,-1.0,-1,0,-1,1,0,0,1,0,0,0,0,0,0,0,Marz
929,-1.0,0,0,1,0,0,0,-1,0,0,0,0,1,-1,0,Marz
930,-1.0,-1,-1,-1,0,-1,0,1,0,0,1,0,-1,0,0,Marz
931,-1.0,1,0,-1,-1,0,0,1,-1,0,0,0,0,-1,-1,Marz
932,-1.0,-1,-1,0,0,0,0,0,0,0,-1,0,0,0,0,Marz
933,-1.0,0,0,0,0,0,0,-1,1,-1,0,0,0,0,0,Marz
934,-1.0,1,0,-1,-1,0,1,0,0,0,0,1,-1,0,0,Marz
935,-1.0,0,0,0,0,0,-1,0,0,0,1,-1,0,-1,0,Marz
936,-1.0,1,0,0,0,0,1,0,-1,0,0,0,0,-1,0,Marz
937,-1.0,1,0,0,0,0,1,0,-1,0,0,-1,0,-1,0,Marz
938,-1.0,-1,0,0,0,0,-1,0,0,0,0,0,0,0,0,Marz
939,-1.0,-1,0,0,0,0,1,0,-1,0,0,-1,0,-1,0,Marz
940,-1.0,-1,0,0,0,0,-1,0,0,0,0,0,0,1,0,Marz
941,-1.0,0,0,0,0,0,1,0,0,0,0,0,0,-1,0,Marz
942,-1.0,1,0,0,0,0,-1,0,1,0,0,1,0,0,0,Marz
943,-1.0,-1,0,0,0,0,1,0,-1,0,0,-1,0,0,0,Marz
944,-1.0,-1,0,1,1,0,-1,0,0,0,0,0,1,0,0,Marz
945,-1.0,0,0,-1,-1,0,-1,0,0,0,1,-1,0,1,0,Marz
946,-1.0,-1,0,0,0,0,-1,0,1,0,0,0,0,0,0,Marz
947,-1.0,-1,0,0,0,0,-1,0,0,0,0,0,0,0,0,Marz
948,-1.0,0,0,0,0,0,1,0,0,0,0,0,0,0,0,Marz
949,-1.0,-1,0,0,0,0,0,0,0,0,0,0,0,0,0,Marz
950,-1.0,-1,0,0,0,0,0,0,-1,0,0,-1,0,-1,0,Marz
951,-1.0,0,0,0,0,0,0,0,0,0,0,0,0,0,0,Marz
952,-1.0,0,0,0,0,0,-1,0,0,0,0,0,0,0,0,Marz
953,-1.0,-1,0,0,0,0,-1,0,0,0,1,0,0,0,0,Marz
954,-1.0,0,0,1,1,0,1,0,0,0,-1,1,0,1,0,Marz
955,-1.0,0,0,0,0,0,0,0,1,0,0,0,-1,0,0,Marz
956,-1.0,-1,-1,-1,0,-1,0,1,0,0,1,0,-1,-1,0,Marz
957,-1.0,-1,0,0,0,0,0,-1,1,0,0,0,0,0,0,Marz
958,1.0,1,0,-1,-1,0,-1,0,0,1,0,0,0,1,0,NinjaKuma
959,1.0,0,0,0,-1,1,-1,0,0,1,-1,0,1,0,0,NinjaKuma
960,1.0,0,0,0,1,-1,1,0,0,-1,1,0,-1,1,0,NinjaKuma
961,1.0,1,0,-1,0,0,-1,0,0,0,0,0,0,-1,0,NinjaKuma
962,1.0,-1,-1,-1,-1,0,0,1,0,1,0,0,0,0,0,NinjaKuma
963,1.0,0,0,1,1,0,0,0,0,0,0,0,-1,0,1,NinjaKuma
964,1.0,0,-1,0,-1,-1,1,0,0,0,0,0,-1,0,0,NinjaKuma
965,1.0,-1,0,-1,1,0,-1,1,0,0,0,1,0,1,0,NinjaKuma
966,1.0,1,0,-1,1,0,1,0,0,0,-1,0,1,0,0,NinjaKuma
967,1.0,1,0,0,0,1,1,-1,0,-1,0,0,1,0,0,NinjaKuma
968,1.0,-1,0,1,-1,0,-1,0,0,0,1,0,-1,1,0,NinjaKuma
969,1.0,0,1,0,1,1,-1,0,0,0,0,0,1,1,0,NinjaKuma
970,1.0,0,0,0,-1,0,1,-1,0,-1,0,0,0,0,0,NinjaKuma
971,1.0,-1,0,0,0,0,0,-1,0,0,-1,0,1,0,0,NinjaKuma
972,1.0,-1,0,0,0,0,0,-1,1,0,0,0,0,1,1,NinjaKuma
973,1.0,0,0,0,0,0,0,0,-1,0,0,0,1,0,0,NinjaKuma
974,1.0,0,0,-1,-1,0,-1,0,0,0,1,-1,0,1,0,NinjaKuma
975,1.0,-1,0,0,0,0,-1,0,1,0,0,0,0,1,0,NinjaKuma
976,1.0,1,0,0,0,0,1,0,-1,0,0,0,0,0,0,NinjaKuma
977,1.0,1,0,0,0,0,1,0,0,0,0,0,0,0,0,NinjaKuma
978,1.0,-1,0,0,0,0,-1,0,1,0,0,0,0,1,0,NinjaKuma
979,1.0,0,0,0,0,0,1,0,0,0,0,0,0,0,0,NinjaKuma
980,1.0,0,0,0,0,0,0,0,1,0,0,0,0,1,0,NinjaKuma
981,1.0,0,0,0,0,0,-1,0,1,0,0,1,0,0,0,NinjaKuma
982,1.0,0,0,0,0,0,1,0,-1,0,0,-1,0,0,0,NinjaKuma
983,1.0,0,0,0,0,0,0,0,0,0,0,0,0,0,0,NinjaKuma
984,1.0,1,0,0,0,0,-1,0,1,0,0,1,0,0,0,NinjaKuma
985,1.0,1,0,0,0,0,1,0,0,0,0,0,0,1,0,NinjaKuma
986,1.0,-1,0,0,0,0,-1,0,1,0,0,1,0,-1,0,NinjaKuma
987,1.0,1,0,0,0,0,0,0,1,0,0,1,0,-1,0,NinjaKuma
988,1.0,1,0,0,0,0,1,0,0,0,0,0,0,0,0,NinjaKuma
989,1.0,-1,0,0,0,0,-1,0,0,0,0,-1,1,0,0,NinjaKuma
990,1.0,0,0,0,0,0,0,0,1,0,0,0,-1,0,0,NinjaKuma
991,1.0,0,0,0,0,0,0,1,-1,1,0,0,0,0,0,NinjaKuma
992,-1.0,-1,0,1,1,0,0,0,0,0,0,0,0,-1,0,NinjaKuma
993,-1.0,-1,0,1,1,0,1,0,0,-1,0,0,0,-1,0,NinjaKuma
994,-1.0,0,0,0,1,0,1,0,0,-1,1,-1,0,0,0,NinjaKuma
995,-1.0,0,0,-1,-1,0,0,0,0,0,1,0,1,0,0,NinjaKuma
996,-1.0,1,1,1,0,0,-1,0,0,1,-1,0,1,-1,-1,NinjaKuma
997,-1.0,-1,-1,-1,0,-1,0,1,0,0,0,1,-1,0,0,NinjaKuma
998,-1.0,1,1,1,0,1,0,-1,0,0,0,-1,1,0,0,NinjaKuma
999,-1.0,-1,0,0,0,-1,-1,1,0,1,0,0,-1,0,0,NinjaKuma
1000,-1.0,-1,0,-1,1,0,0,1,0,0,0,0,0,0,0,NinjaKuma
1001,-1.0,1,0,-1,1,-1,0,1,0,1,-1,1,0,-1,0,NinjaKuma
1002,-1.0,1,0,1,-1,0,1,-1,0,0,0,-1,0,0,0,NinjaKuma
1003,-1.0,-1,-1,-1,0,-1,0,1,0,0,1,0,-1,-1,0,NinjaKuma
1004,-1.0,0,0,0,1,0,-1,1,0,1,0,0,0,0,0,NinjaKuma
1005,-1.0,1,0,0,0,0,0,1,0,0,1,0,-1,0,0,NinjaKuma
1006,-1.0,1,0,-1,-1,0,0,1,-1,0,0,0,0,-1,-1,NinjaKuma
1007,-1.0,1,1,0,0,0,0,-1,0,0,-1,0,1,0,0,NinjaKuma
1008,-1.0,1,0,0,0,0,1,0,0,0,0,1,-1,0,0,NinjaKuma
1009,-1.0,1,0,0,0,0,1,0,0,0,-1,0,0,-1,0,NinjaKuma
1010,-1.0,-1,0,0,0,0,-1,0,0,0,0,0,0,0,0,NinjaKuma
1011,-1.0,-1,0,1,1,0,-1,0,0,0,0,0,1,-1,0,NinjaKuma
1012,-1.0,1,0,0,0,0,1,0,-1,0,0,0,0,0,0,NinjaKuma
1013,-1.0,-1,0,0,0,0,-1,0,0,0,0,0,0,-1,0,NinjaKuma
1014,-1.0,0,0,0,0,0,0,0,-1,0,0,0,0,-1,0,NinjaKuma
1015,-1.0,0,0,0,0,0,0,0,0,0,0,0,0,0,0,NinjaKuma
1016,-1.0,1,0,0,0,0,0,0,1,0,0,1,0,1,0,NinjaKuma
1017,-1.0,-1,0,0,0,0,0,0,-1,0,0,-1,0,-1,0,NinjaKuma
1018,-1.0,-1,0,0,0,0,1,0,-1,0,0,-1,0,0,0,NinjaKuma
1019,-1.0,1,0,0,0,0,1,0,-1,0,0,-1,0,0,0,NinjaKuma
1020,-1.0,-1,0,0,0,0,0,0,-1,0,0,-1,0,0,0,NinjaKuma
1021,-1.0,-1,0,0,0,0,-1,0,0,0,1,0,0,0,0,NinjaKuma
1022,-1.0,1,0,0,0,0,1,0,0,0,0,1,-1,0,0,NinjaKuma
1023,-1.0,1,1,0,1,0,0,-1,0,0,0,0,1,0,0,NinjaKuma
1024,-1.0,-1,0,1,1,0,1,0,0,-1,0,0,0,-1,0,NinjaKuma
1025,-1.0,-1,0,0,0,0,-1,0,0,0,0,0,0,-1,0,NinjaKuma
1026,1.0,1,0,-1,-1,0,-1,0,0,1,0,0,0,1,0,Pewdiepie
1027,1.0,0,0,0,-1,0,-1,0,0,1,-1,1,0,0,0,Pewdiepie
1028,1.0,0,0,0,-1,1,-1,0,0,1,-1,0,1,0,0,Pewdiepie
1029,1.0,0,0,0,1,-1,1,0,0,-1,1,0,-1,1,0,Pewdiepie
1030,1.0,1,0,-1,0,0,-1,0,0,0,0,0,0,0,0,Pewdiepie
1031,1.0,1,1,1,1,0,1,-1,0,-1,-1,0,0,0,0,Pewdiepie
1032,1.0,0,0,-1,-1,0,0,0,0,0,1,0,1,0,0,Pewdiepie
1033,1.0,-1,0,0,-1,0,0,-1,0,0,0,0,0,0,0,Pewdiepie
1034,1.0,0,0,1,1,0,1,-1,0,-1,1,0,0,1,1,Pewdiepie
1035,1.0,1,1,1,0,0,-1,0,0,1,-1,0,1,-1,-1,Pewdiepie
1036,1.0,-1,0,0,1,0,-1,0,0,0,0,0,1,0,0,Pewdiepie
1037,1.0,1,0,0,0,1,1,-1,0,-1,0,0,1,0,0,Pewdiepie
1038,1.0,-1,0,1,-1,0,-1,0,0,0,1,0,-1,1,0,Pewdiepie
1039,1.0,1,0,0,-1,0,1,0,0,0,0,0,-1,0,0,Pewdiepie
1040,1.0,1,1,1,0,1,0,-1,0,0,-1,0,1,-1,0,Pewdiepie
1041,1.0,-1,-1,-1,0,-1,0,1,0,0,1,0,-1,0,0,Pewdiepie
1042,1.0,-1,0,0,0,0,0,-1,1,0,0,0,0,0,1,Pewdiepie
1043,1.0,-1,-1,0,0,0,0,0,0,0,-1,0,0,0,0,Pewdiepie
1044,1.0,0,0,0,0,0,-1,0,0,0,1,-1,0,1,0,Pewdiepie
1045,1.0,-1,0,0,0,0,-1,0,1,0,0,1,0,1,0,Pewdiepie
1046,1.0,-1,0,0,0,0,-1,0,1,0,0,0,0,1,0,Pewdiepie
1047,1.0,-1,0,0,0,0,0,0,-1,0,0,-1,0,0,0,Pewdiepie
1048,1.0,0,0,0,0,0,0,0,-1,0,0,0,0,1,0,Pewdiepie
1049,1.0,0,0,0,0,0,0,0,1,0,0,0,0,0,0,Pewdiepie
1050,1.0,1,0,0,0,0,0,0,1,0,0,1,0,0,0,Pewdiepie
1051,1.0,1,0,0,0,0,-1,0,1,0,0,1,0,1,0,Pewdiepie
1052,1.0,-1,0,0,0,0,1,0,-1,0,0,-1,0,-1,0,Pewdiepie
1053,1.0,1,0,0,0,0,1,0,0,0,0,0,0,0,0,Pewdiepie
1054,1.0,-1,0,0,0,0,-1,0,1,0,0,0,0,0,0,Pewdiepie
1055,1.0,1,0,0,0,0,1,0,-1,0,0,0,0,0,0,Pewdiepie
1056,1.0,-1,0,0,0,0,0,-1,0,0,-1,0,1,0,0,Pewdiepie
1057,1.0,0,0,0,0,0,1,-1,0,-1,0,0,0,1,0,Pewdiepie
1058,1.0,1,0,0,0,0,1,0,0,0,0,0,0,0,0,Pewdiepie
1059,-1.0,-1,0,1,1,0,0,0,0,0,0,0,0,-1,0,Pewdiepie
1060,-1.0,-1,0,1,1,0,1,0,0,-1,0,0,0,-1,0,Pewdiepie
1061,-1.0,0,0,0,1,0,1,0,0,-1,1,-1,0,0,0,Pewdiepie
1062,-1.0,-1,-1,-1,-1,0,0,1,0,1,0,0,0,0,0,Pewdiepie
1063,-1.0,0,0,1,1,0,0,0,0,0,0,0,-1,0,0,Pewdiepie
1064,-1.0,1,0,0,1,0,0,1,0,0,0,0,0,0,0,Pewdiepie
1065,-1.0,0,-1,0,-1,-1,1,0,0,0,0,0,-1,0,0,Pewdiepie
1066,-1.0,1,0,-1,1,0,1,0,0,0,-1,0,1,0,0,Pewdiepie
1067,-1.0,-1,0,0,0,-1,-1,1,0,1,0,0,-1,-1,0,Pewdiepie
1068,-1.0,1,0,1,-1,0,0,-1,0,0,0,0,0,0,0,Pewdiepie
1069,-1.0,-1,0,-1,1,0,0,1,0,0,0,0,0,0,0,Pewdiepie
1070,-1.0,0,0,0,1,-1,0,0,0,1,-1,0,1,-1,0,Pewdiepie
1071,-1.0,-1,-1,-1,0,-1,0,1,0,0,1,0,-1,1,0,Pewdiepie
1072,-1.0,0,0,1,-1,1,0,-1,0,0,-1,0,1,0,0,Pewdiepie
1073,-1.0,1,0,-1,-1,0,0,1,-1,0,0,0,0,-1,-1,Pewdiepie
1074,-1.0,0,0,0,0,0,0,-1,1,-1,0,0,0,0,0,Pewdiepie
1075,-1.0,0,0,1,1,0,0,0,-1,0,0,0,1,0,0,Pewdiepie
1076,-1.0,1,0,-1,-1,0,1,0,0,0,0,1,-1,0,0,Pewdiepie
1077,-1.0,1,0,0,0,0,1,0,0,0,-1,0,0,-1,0,Pewdiepie
1078,-1.0,1,0,0,0,0,1,0,-1,0,0,-1,0,-1,0,Pewdiepie
1079,-1.0,1,0,0,0,0,1,0,-1,0,0,0,0,0,0,Pewdiepie
1080,-1.0,-1,0,0,0,0,0,0,0,0,0,0,0,0,0,Pewdiepie
1081,-1.0,1,0,0,0,0,1,0,0,0,0,0,0,0,0,Pewdiepie
1082,-1.0,0,0,0,0,0,0,0,1,0,0,0,0,0,0,Pewdiepie
1083,-1.0,0,0,0,0,0,0,0,-1,0,0,0,0,-1,0,Pewdiepie
1084,-1.0,-1,0,0,0,0,0,0,-1,0,0,-1,0,0,0,Pewdiepie
1085,-1.0,0,0,0,0,0,0,0,0,0,0,0,0,0,0,Pewdiepie
1086,-1.0,0,0,0,0,0,-1,0,0,0,0,0,0,0,0,Pewdiepie
1087,-1.0,-1,0,0,0,0,-1,0,0,0,1,0,0,0,0,Pewdiepie
1088,-1.0,0,0,0,0,0,1,0,0,0,-1,1,0,0,0,Pewdiepie
1089,-1.0,1,1,0,0,0,0,-1,0,0,0,0,1,0,0,Pewdiepie
1090,-1.0,1,0,0,0,0,0,1,0,0,1,0,-1,0,0,Pewdiepie
1091,-1.0,0,0,0,0,0,-1,1,0,1,0,0,0,-1,0,Pewdiepie
1092,1.0,1,0,-1,-1,0,-1,0,0,1,0,0,0,1,0,SuzyLu
1093,1.0,1,0,-1,-1,0,-1,0,0,1,0,0,0,0,0,SuzyLu
1094,1.0,1,0,-1,0,0,-1,0,0,0,0,0,0,0,0,SuzyLu
1095,1.0,1,1,1,1,0,1,-1,0,-1,-1,0,0,-1,0,SuzyLu
1096,1.0,0,0,-1,-1,0,0,0,0,0,1,0,1,0,0,SuzyLu
1097,1.0,-1,0,0,-1,0,0,-1,0,0,0,0,0,0,0,SuzyLu
1098,1.0,0,0,1,1,0,1,-1,0,-1,1,0,0,1,1,SuzyLu
1099,1.0,1,1,1,0,0,-1,0,0,1,-1,0,1,-1,-1,SuzyLu
1100,1.0,1,1,1,1,0,0,0,0,0,0,-1,1,1,0,SuzyLu
1101,1.0,-1,0,0,0,0,0,-1,0,0,-1,0,1,-1,0,SuzyLu
1102,1.0,0,0,0,-1,0,1,-1,0,-1,0,0,0,1,0,SuzyLu
1103,1.0,0,0,0,1,0,-1,1,0,1,0,0,0,-1,0,SuzyLu
1104,1.0,0,0,-1,1,-1,0,1,0,0,1,0,-1,1,0,SuzyLu
1105,1.0,-1,-1,0,-1,0,0,1,0,0,0,0,-1,0,0,SuzyLu
1106,1.0,-1,-1,-1,0,-1,0,1,0,0,0,1,-1,0,0,SuzyLu
1107,1.0,1,0,1,-1,0,1,-1,0,0,0,-1,0,0,0,SuzyLu
1108,1.0,1,0,-1,1,0,1,0,0,0,-1,0,1,0,0,SuzyLu
1109,1.0,1,0,1,-1,0,0,-1,0,0,0,0,0,0,0,SuzyLu
1110,1.0,1,0,0,0,1,1,-1,0,-1,0,0,1,0,0,SuzyLu
1111,1.0,-1,0,1,-1,0,-1,0,0,0,1,0,-1,1,0,SuzyLu
1112,1.0,1,0,0,-1,0,1,0,0,0,0,0,-1,0,0,SuzyLu
1113,1.0,0,1,0,1,1,-1,0,0,0,0,0,1,1,0,SuzyLu
1114,1.0,-1,0,0,0,0,0,-1,1,0,0,0,0,1,1,SuzyLu
1115,1.0,-1,-1,1,1,0,0,1,0,0,0,0,-1,0,0,SuzyLu
1116,1.0,0,0,0,0,0,0,-1,1,-1,0,0,0,0,0,SuzyLu
1117,1.0,0,0,0,0,0,0,0,1,0,0,0,-1,-1,0,SuzyLu
1118,1.0,-1,0,0,0,0,-1,0,1,0,0,1,0,1,0,SuzyLu
1119,1.0,0,0,0,0,0,1,0,0,0,0,0,0,0,0,SuzyLu
1120,1.0,0,0,0,0,0,0,0,0,0,0,0,0,0,0,SuzyLu
1121,1.0,1,0,0,0,0,0,0,1,0,0,1,0,1,0,SuzyLu
1122,1.0,1,0,0,0,0,1,0,0,0,0,0,0,0,0,SuzyLu
1123,1.0,-1,0,0,0,0,-1,0,0,0,1,0,0,0,0,SuzyLu
1124,1.0,0,0,0,0,0,0,0,1,0,0,0,-1,0,0,SuzyLu
1125,1.0,1,0,0,0,0,1,0,0,0,0,1,-1,0,0,SuzyLu
1126,1.0,0,0,0,0,0,0,0,1,0,0,0,-1,0,0,SuzyLu
1127,1.0,0,0,0,0,0,0,1,-1,1,0,0,0,0,0,SuzyLu
1128,1.0,1,1,0,1,0,0,-1,0,0,0,0,1,0,0,SuzyLu
1129,1.0,-1,0,0,0,0,0,-1,1,0,0,0,0,0,0,SuzyLu
1130,-1.0,-1,0,1,1,0,0,0,0,0,0,0,0,-1,0,SuzyLu
1131,-1.0,-1,0,1,1,0,1,0,0,-1,0,0,0,-1,0,SuzyLu
1132,-1.0,0,0,0,-1,0,-1,0,0,1,-1,1,0,0,0,SuzyLu
1133,-1.0,0,0,0,1,0,1,0,0,-1,1,-1,0,0,0,SuzyLu
1134,-1.0,-1,0,1,1,0,1,0,0,-1,0,0,0,1,0,SuzyLu
1135,-1.0,-1,-1,-1,-1,0,0,1,0,1,0,0,0,1,0,SuzyLu
1136,-1.0,0,0,1,1,0,0,0,0,0,0,0,-1,-1,0,SuzyLu
1137,-1.0,0,0,-1,-1,0,-1,1,0,1,-1,0,0,0,0,SuzyLu
1138,-1.0,1,0,0,1,0,0,1,0,0,0,0,0,0,0,SuzyLu
1139,-1.0,-1,-1,-1,-1,0,0,0,0,0,0,1,-1,0,0,SuzyLu
1140,-1.0,-1,-1,-1,0,-1,0,1,0,0,1,0,-1,0,0,SuzyLu
1141,-1.0,1,0,0,0,0,0,1,0,0,1,0,-1,0,0,SuzyLu
1142,-1.0,0,0,1,-1,1,0,-1,0,0,-1,0,1,0,0,SuzyLu
1143,-1.0,1,1,1,0,1,0,-1,0,0,-1,0,1,-1,0,SuzyLu
1144,-1.0,1,1,0,1,0,0,-1,0,0,0,0,1,0,0,SuzyLu
1145,-1.0,-1,0,0,1,0,-1,0,0,0,0,0,1,1,0,SuzyLu
1146,-1.0,0,0,0,-1,1,0,0,0,-1,1,0,-1,-1,0,SuzyLu
1147,-1.0,-1,0,0,0,-1,-1,1,0,1,0,0,-1,0,0,SuzyLu
1148,-1.0,-1,0,-1,1,0,0,1,0,0,0,0,0,0,0,SuzyLu
1149,-1.0,0,0,0,1,-1,0,0,0,1,-1,0,1,-1,0,SuzyLu
1150,-1.0,-1,-1,-1,0,-1,0,1,0,0,1,0,-1,-1,0,SuzyLu
1151,-1.0,1,0,-1,-1,0,0,1,-1,0,0,0,0,-1,-1,SuzyLu
1152,-1.0,1,1,0,0,0,0,-1,0,0,-1,0,1,0,0,SuzyLu
1153,-1.0,0,0,0,0,0,0,0,-1,0,0,0,1,1,0,SuzyLu
1154,-1.0,0,0,-1,-1,0,-1,0,0,0,1,-1,0,1,0,SuzyLu
1155,-1.0,1,0,0,0,0,1,0,0,0,-1,0,0,-1,0,SuzyLu
1156,-1.0,1,0,0,0,0,1,0,-1,0,0,-1,0,-1,0,SuzyLu
1157,-1.0,1,0,0,0,0,1,0,-1,0,0,0,0,-1,0,SuzyLu
1158,-1.0,-1,0,0,0,0,-1,0,0,0,0,0,0,0,0,SuzyLu
1159,-1.0,-1,0,0,0,0,0,0,-1,0,0,-1,0,-1,0,SuzyLu
1160,-1.0,0,0,0,0,0,0,0,0,0,0,0,0,0,0,SuzyLu
1161,-1.0,-1,0,0,0,0,-1,0,0,0,0,-1,1,0,0,SuzyLu
1162,-1.0,0,0,0,0,0,0,0,-1,0,0,0,1,0,0,SuzyLu
1163,-1.0,0,0,-1,-1,0,-1,0,0,0,1,-1,0,0,0,SuzyLu
1164,-1.0,-1,0,0,0,0,-1,0,0,0,1,0,0,-1,0,SuzyLu
1165,-1.0,-1,0,0,0,0,-1,0,0,0,0,-1,1,0,0,SuzyLu
1166,-1.0,-1,-1,-1,0,-1,0,1,0,0,1,0,-1,0,0,SuzyLu
1167,-1.0,1,0,0,0,0,1,0,-1,0,0,-1,0,-1,0,SuzyLu
1168,1.0,1,0,-1,-1,0,-1,0,0,1,0,0,0,1,0,Yamimash
1169,1.0,0,0,0,-1,0,-1,0,0,1,-1,1,0,0,0,Yamimash
1170,1.0,0,0,0,-1,1,-1,0,0,1,-1,0,1,0,0,Yamimash
1171,1.0,-1,-1,-1,-1,0,0,1,0,1,0,0,0,0,0,Yamimash
1172,1.0,1,1,1,1,0,1,-1,0,-1,-1,0,0,0,0,Yamimash
1173,1.0,0,0,1,1,0,0,0,0,0,0,0,-1,0,0,Yamimash
1174,1.0,0,0,1,1,0,1,-1,0,-1,1,0,0,1,1,Yamimash
1175,1.0,1,1,1,0,0,-1,0,0,1,-1,0,1,-1,-1,Yamimash
1176,1.0,-1,0,0,0,0,0,-1,0,0,-1,0,1,0,0,Yamimash
1177,1.0,0,0,0,-1,0,1,-1,0,-1,0,0,0,1,0,Yamimash
1178,1.0,0,0,1,-1,1,0,-1,0,0,-1,0,1,0,0,Yamimash
1179,1.0,-1,-1,0,-1,0,0,1,0,0,0,0,-1,0,0,Yamimash
1180,1.0,0,-1,0,-1,-1,1,0,0,0,0,0,-1,0,0,Yamimash
1181,1.0,0,0,0,-1,1,0,0,0,-1,1,0,-1,0,0,Yamimash
1182,1.0,0,0,0,-1,1,0,0,0,-1,1,0,-1,0,0,Yamimash
1183,1.0,1,0,1,-1,0,0,-1,0,0,0,0,0,0,0,Yamimash
1184,1.0,0,1,0,1,1,-1,0,0,0,0,0,1,0,0,Yamimash
1185,1.0,-1,-1,-1,0,-1,0,1,0,0,1,0,-1,0,0,Yamimash
1186,1.0,-1,0,0,0,0,0,-1,1,0,0,0,0,1,1,Yamimash
1187,1.0,1,1,0,0,0,0,0,0,0,0,-1,1,0,0,Yamimash
1188,1.0,-1,-1,0,0,0,0,1,0,0,0,1,-1,0,0,Yamimash
1189,1.0,1,1,0,0,0,0,-1,0,0,0,-1,1,0,0,Yamimash
1190,1.0,0,0,0,0,0,0,-1,1,-1,0,0,0,0,0,Yamimash
1191,1.0,0,0,-1,-1,0,-1,0,0,0,1,-1,0,1,0,Yamimash
1192,1.0,1,0,0,0,0,1,0,0,0,-1,0,0,-1,0,Yamimash
1193,1.0,0,0,0,0,0,1,0,0,0,0,0,0,1,0,Yamimash
1194,1.0,0,0,0,0,0,0,0,0,0,0,0,0,0,0,Yamimash
1195,1.0,0,0,0,0,0,-1,0,1,0,0,1,0,0,0,Yamimash
1196,1.0,1,0,0,0,0,1,0,0,0,0,0,0,0,0,Yamimash
1197,1.0,-1,0,0,0,0,-1,0,1,0,0,1,0,1,0,Yamimash
1198,1.0,-1,0,0,0,0,1,0,-1,0,0,-1,0,0,0,Yamimash
1199,1.0,0,0,0,0,0,-1,0,1,0,0,1,0,0,0,Yamimash
1200,1.0,0,0,0,0,0,0,0,0,0,0,0,0,0,0,Yamimash
1201,1.0,1,0,0,0,0,0,0,1,0,0,1,0,1,0,Yamimash
1202,1.0,0,0,0,0,0,0,0,1,0,0,0,0,0,0,Yamimash
1203,1.0,1,0,0,0,0,1,0,0,0,0,0,0,1,0,Yamimash
1204,1.0,0,0,0,0,0,1,0,0,0,0,0,0,0,0,Yamimash
1205,1.0,0,0,0,0,0,0,0,1,0,0,0,0,1,0,Yamimash
1206,1.0,0,0,0,0,0,-1,0,0,0,0,0,0,0,0,Yamimash
1207,1.0,-1,0,0,0,0,-1,0,1,0,0,0,0,0,0,Yamimash
1208,1.0,1,0,0,0,0,-1,0,1,0,0,1,0,0,0,Yamimash
1209,1.0,0,0,0,0,0,0,0,0,0,0,0,0,0,0,Yamimash
1210,1.0,0,0,0,0,0,0,0,1,0,0,0,0,0,0,Yamimash
1211,1.0,1,0,0,0,0,0,0,1,0,0,1,0,0,0,Yamimash
1212,1.0,-1,0,0,0,0,1,0,-1,0,0,-1,0,0,0,Yamimash
1213,1.0,0,0,0,0,0,-1,0,0,0,0,0,0,1,0,Yamimash
1214,1.0,-1,0,0,0,0,-1,0,0,0,0,0,0,0,0,Yamimash
1215,1.0,1,0,0,0,0,0,0,1,0,0,1,0,0,0,Yamimash
1216,1.0,1,0,0,0,0,-1,0,1,0,0,1,0,0,0,Yamimash
1217,1.0,0,0,0,0,0,-1,0,0,0,0,0,0,0,0,Yamimash
1218,1.0,0,0,1,1,0,1,0,0,0,-1,1,0,1,0,Yamimash
1219,1.0,0,0,0,0,0,0,0,1,0,0,0,-1,0,0,Yamimash
1220,1.0,1,1,0,1,0,0,-1,0,0,0,0,1,0,0,Yamimash
1221,1.0,-1,0,0,0,0,0,-1,1,0,0,0,0,0,0,Yamimash
1222,1.0,-1,-1,0,-1,0,0,1,0,0,0,0,-1,0,0,Yamimash
1223,1.0,0,0,0,0,0,0,0,0,0,0,0,0,0,0,Yamimash
1224,1.0,-1,0,0,0,0,1,0,-1,0,0,-1,0,0,0,Yamimash
1225,1.0,-1,-1,-1,-1,0,0,1,0,1,0,0,0,0,0,Yamimash
1226,1.0,0,0,0,-1,0,-1,0,0,1,-1,1,0,0,0,Yamimash
1227,1.0,1,0,-1,-1,0,-1,0,0,1,0,0,0,1,0,Yamimash
1228,1.0,1,1,0,0,0,0,0,0,0,0,-1,1,0,0,Yamimash
1229,1.0,0,0,0,-1,1,0,0,0,-1,1,0,-1,0,0,Yamimash
1230,-1.0,-1,0,1,1,0,0,0,0,0,0,0,0,-1,0,Yamimash
1231,-1.0,-1,0,1,1,0,1,0,0,-1,0,0,0,-1,0,Yamimash
1232,-1.0,0,0,0,1,0,1,0,0,-1,1,-1,0,0,0,Yamimash
1233,-1.0,0,0,0,1,-1,1,0,0,-1,1,0,-1,1,0,Yamimash
1234,-1.0,0,0,-1,-1,0,0,0,0,0,1,0,1,0,0,Yamimash
1235,-1.0,0,0,-1,-1,0,-1,1,0,1,-1,0,0,-1,0,Yamimash
1236,-1.0,1,0,0,1,0,0,1,0,0,0,0,0,0,0,Yamimash
1237,-1.0,-1,-1,-1,0,-1,0,1,0,0,1,0,-1,1,0,Yamimash
1238,-1.0,1,1,1,0,1,0,-1,0,0,-1,0,1,-1,0,Yamimash
1239,-1.0,-1,-1,-1,0,-1,0,1,0,0,1,0,-1,0,0,Yamimash
1240,-1.0,1,0,0,0,0,0,1,0,0,1,0,-1,0,0,Yamimash
1241,-1.0,0,0,0,1,0,-1,1,0,1,0,0,0,-1,0,Yamimash
1242,-1.0,0,0,-1,1,-1,0,1,0,0,1,0,-1,1,0,Yamimash
1243,-1.0,1,1,1,0,1,0,-1,0,0,-1,0,1,-1,0,Yamimash
1244,-1.0,1,1,0,1,0,0,-1,0,0,0,0,1,0,0,Yamimash
1245,-1.0,-1,0,0,1,0,-1,0,0,0,0,0,1,0,0,Yamimash
1246,-1.0,1,0,-1,1,0,1,0,0,0,-1,0,1,0,0,Yamimash
1247,-1.0,-1,0,-1,1,0,0,1,0,0,0,0,0,0,0,Yamimash
1248,-1.0,1,0,0,0,1,1,-1,0,-1,0,0,1,0,0,Yamimash
1249,-1.0,-1,0,1,-1,0,-1,0,0,0,1,0,-1,1,0,Yamimash
1250,-1.0,0,0,0,1,-1,0,0,0,1,-1,0,1,-1,0,Yamimash
1251,-1.0,1,0,-1,-1,0,0,1,-1,0,0,0,0,-1,-1,Yamimash
1252,-1.0,-1,-1,0,0,0,0,0,0,0,0,1,-1,0,0,Yamimash
1253,-1.0,-1,-1,1,1,0,0,1,0,0,0,0,-1,0,0,Yamimash
1254,-1.0,0,0,0,0,0,0,0,-1,0,0,0,1,0,0,Yamimash
1255,-1.0,1,0,0,0,0,1,0,0,0,0,1,-1,0,0,Yamimash
1256,-1.0,1,0,0,0,0,1,0,-1,0,0,-1,0,-1,0,Yamimash
1257,-1.0,-1,0,0,0,0,-1,0,0,0,0,0,0,0,0,Yamimash
1258,-1.0,1,0,0,0,0,0,0,1,0,0,1,0,-1,0,Yamimash
1259,-1.0,-1,0,0,0,0,0,0,-1,0,0,-1,0,0,0,Yamimash
1260,-1.0,0,0,0,0,0,0,0,0,0,0,0,0,0,0,Yamimash
1261,-1.0,0,0,0,0,0,1,0,-1,0,0,-1,0,0,0,Yamimash
1262,-1.0,0,0,0,0,0,-1,0,0,0,0,0,0,0,0,Yamimash
1263,-1.0,-1,0,0,0,0,-1,0,0,0,0,0,0,0,0,Yamimash
1264,-1.0,1,0,0,0,0,1,0,0,0,0,1,-1,0,0,Yamimash
1265,-1.0,0,0,-1,-1,0,-1,0,0,0,1,-1,0,1,0,Yamimash
1266,-1.0,1,0,0,0,0,1,0,0,0,-1,0,0,-1,0,Yamimash
1267,-1.0,1,0,0,0,0,1,0,-1,0,0,-1,0,-1,0,Yamimash
1268,-1.0,-1,0,0,0,0,-1,0,0,0,0,0,0,0,0,Yamimash
1269,-1.0,0,0,0,0,0,1,0,-1,0,0,-1,0,0,0,Yamimash
1270,-1.0,-1,0,0,0,0,0,0,-1,0,0,-1,0,-1,0,Yamimash
1271,-1.0,0,0,0,0,0,0,0,-1,0,0,0,0,0,0,Yamimash
1272,-1.0,0,0,0,0,0,0,0,0,0,0,0,0,0,0,Yamimash
1273,-1.0,-1,0,0,0,0,0,0,-1,0,0,-1,0,0,0,Yamimash
1274,-1.0,-1,0,0,0,0,-1,0,0,0,0,0,0,-1,0,Yamimash
1275,-1.0,0,0,0,0,0,0,0,-1,0,0,0,0,-1,0,Yamimash
1276,-1.0,0,0,0,0,0,0,0,0,0,0,0,0,0,0,Yamimash
1277,-1.0,1,0,0,0,0,1,0,0,0,0,0,0,0,0,Yamimash
1278,-1.0,1,0,0,0,0,1,0,-1,0,0,0,0,0,0,Yamimash
1279,-1.0,-1,0,0,0,0,-1,0,0,0,0,0,0,0,0,Yamimash
1280,-1.0,-1,0,0,0,0,1,0,-1,0,0,-1,0,0,0,Yamimash
1281,-1.0,0,0,0,0,0,1,0,-1,0,0,-1,0,0,0,Yamimash
1282,-1.0,0,0,0,0,0,0,0,-1,0,0,0,0,0,0,Yamimash
1283,-1.0,-1,0,0,0,0,0,0,-1,0,0,-1,0,0,0,Yamimash
1284,-1.0,0,0,0,0,0,0,0,0,0,0,0,0,0,0,Yamimash
1285,-1.0,1,0,0,0,0,-1,0,1,0,0,1,0,0,0,Yamimash
1286,-1.0,1,0,0,0,0,1,0,0,0,0,0,0,-1,0,Yamimash
1287,-1.0,0,0,0,0,0,1,0,0,0,0,0,0,0,0,Yamimash
1288,-1.0,1,0,0,0,0,0,0,-1,0,0,-1,0,1,0,Yamimash
1289,-1.0,-1,0,0,0,0,-1,0,0,0,0,0,0,-1,0,Yamimash
1290,-1.0,-1,0,0,0,0,1,0,-1,0,0,-1,0,0,0,Yamimash
1291,-1.0,1,0,0,0,0,1,0,0,0,0,0,0,0,0,Yamimash
